outer_seed,strategy,round,budget_after_reveal,query_rank,sample_id,canonical_smiles
42,pretrained_random,1,40,1,3d5dc8831f4c74f7b7d1,COc1ccc(CCO)cc1
42,pretrained_random,1,40,2,79723584590c0a689474,COc1cc(Br)cc(OC)c1
42,pretrained_random,1,40,3,4afc7ef2732850bea176,CCOC(=O)c1ccccc1
42,pretrained_random,1,40,4,d59d233a1606de5b6deb,CC(C)(O)CCc1ccccc1
42,pretrained_random,1,40,5,614e6d0929b0845d454b,CC(=O)c1ccccc1
42,pretrained_random,1,40,6,147b560e4c606680c7b2,CC(=O)c1ccc2c(c1)OCO2
42,pretrained_random,1,40,7,1c04f02c0ea8c00b358d,OCc1cccc(Br)c1
42,pretrained_random,1,40,8,ec581cec37da9563e756,COc1ccc(CO)cc1
42,pretrained_random,1,40,9,26bb8ff67b7738527484,O=C(c1ccccc1)c1ccc(Cl)cc1
42,pretrained_random,1,40,10,c883df6ea04f89f45f03,ClCCCc1ccccc1
42,pretrained_random,2,50,1,1e8c03a5d84f08329475,BrC(=C(c1ccccc1)c1ccccc1)c1ccccc1
42,pretrained_random,2,50,2,6278b7d64a22dbe3844e,CCOC(=O)/C=C/c1ccccc1
42,pretrained_random,2,50,3,3c7f7a7105a5eb39ca89,C=CC(=O)OCC(CC)CCCC
42,pretrained_random,2,50,4,e2869f5cf5635b6ae9c1,c1ccc(COCc2ccccc2)cc1
42,pretrained_random,2,50,5,ee0eba88726c692c7f0c,C1=Cc2ccccc2C1
42,pretrained_random,2,50,6,ff8745125a0eeb17c1e5,CC(=O)c1ccccc1C
42,pretrained_random,2,50,7,e375bb01e53e46f8faee,O=C1CCCc2ccccc21
42,pretrained_random,2,50,8,543561ac99bc28db6f2f,COC(=O)C(C)(C)Br
42,pretrained_random,2,50,9,afcb9ffea06f12f9e0f5,O=CCCc1ccccc1
42,pretrained_random,2,50,10,6322e8f867a741eed74c,CC(C)(CCl)c1ccccc1
42,pretrained_random,3,60,1,e15e8a4f329d3a08aff9,CCOC(=O)/C=C/c1ccccc1
42,pretrained_random,3,60,2,b566ed83f272904657ba,O=C(/C=C/c1ccccc1)c1ccccc1
42,pretrained_random,3,60,3,bc3f10fed296515e66e5,Cc1ccc(C)cc1
42,pretrained_random,3,60,4,c72867f0f2e38c70aa8c,CCOC(=O)/C=C/c1ccccc1
42,pretrained_random,3,60,5,e7e3cdff8a4b43574b19,CC(C)(C)c1cc(C=O)cc(C(C)(C)C)c1
42,pretrained_random,3,60,6,ffcab07e0d31056e0d4a,CCC(=O)c1cccc(Br)c1
42,pretrained_random,3,60,7,99398d649f02f80651f1,CCOC(=O)c1ccccc1
42,pretrained_random,3,60,8,ee96bcc328a38cb12519,COc1ccc(C)cc1OC
42,pretrained_random,3,60,9,2f612d3ec5e270672ad1,C/C(=N\O)c1ccccc1
42,pretrained_random,3,60,10,212154e56fe15a3333a2,COc1ccc(OC)c(Br)c1
42,pretrained_random,4,70,1,96ccc1b8240fc2e9c1f3,COC(=O)c1ccccc1N
42,pretrained_random,4,70,2,ecc7e2759499addc038f,CC(=O)c1ccc(Br)cc1
42,pretrained_random,4,70,3,d9e344f199dc9a567b5f,CCOC(=O)Cc1ccccc1
42,pretrained_random,4,70,4,2c7e37ef828eb17c78fb,ClCCCc1ccccc1
42,pretrained_random,4,70,5,b7770c04c72527e1d9f6,COC(=O)c1ccc(C(C)(C)C)cc1
42,pretrained_random,4,70,6,6936556d392803de12ed,CC(=O)c1ccc(C)cc1
42,pretrained_random,4,70,7,4365d2fb106c18823aac,CCC(=O)c1cccnc1
42,pretrained_random,4,70,8,2cde006ff48a36a368d2,COc1cc(F)cc(Br)c1
42,pretrained_random,4,70,9,35eae227e68fe7434e68,CC(O)c1ccccc1
42,pretrained_random,4,70,10,41927f703a0632f098fb,CC(=O)CC(=O)c1ccccc1
42,pretrained_random,5,80,1,759d5133ee82740013bf,CCOC(=O)/C=C(/C)N
42,pretrained_random,5,80,2,369517a8e4fab7d4e0e5,Cc1ccc(C)cc1
42,pretrained_random,5,80,3,10d51839b15b94f0ae56,CCOC(=O)/C=C(/C)N
42,pretrained_random,5,80,4,4699975b36aa2351be18,ClCCc1ccccc1
42,pretrained_random,5,80,5,42f031acb8211bfbf67f,COc1ccccc1
42,pretrained_random,5,80,6,b089551184e4d70e386d,C/C(=N\O)c1ccccc1
42,pretrained_random,5,80,7,4c7d7c5f8b0c317c5548,C=CC(=O)OCCCCCCCCCCCC
42,pretrained_random,5,80,8,1773be1aaa4102ae19f0,CC(=O)CC(=O)OC(C)(C)C
42,pretrained_random,5,80,9,c9d7d885160197c7f67c,c1ccc(COCc2ccccc2)cc1
42,pretrained_random,5,80,10,82fa7e7b3bd183853280,CCOC(=O)c1cccnc1
42,pretrained_random,6,90,1,9c357cc9e9b8199eb1e0,O=C(Cc1ccccc1F)C1CC1
42,pretrained_random,6,90,2,a82e55e1cd19814ea307,BrCCCc1ccccc1
42,pretrained_random,6,90,3,bd0519702a5756bc3c94,CCOC(=O)C(Cc1ccccc1)C(C)=O
42,pretrained_random,6,90,4,fdc873b5607287090ff3,CSc1ccc(C=O)cc1
42,pretrained_random,6,90,5,2e10d8b186d86053260f,CCC(=O)c1cccc(Br)c1
42,pretrained_random,6,90,6,ebc9c107c2207e99cf79,CCOC(=O)CC(C)=O
42,pretrained_random,6,90,7,28c4b7ec4bf7f486b68c,CCOC(=O)C(Br)C(=O)OCC
42,pretrained_random,6,90,8,fc58ac30a03fcb0ec051,CCOC(=O)C(Br)C(=O)OCC
42,pretrained_random,6,90,9,155ad3f702726e253c4d,O=CCCc1ccccc1
42,pretrained_random,6,90,10,46ed1e35ca65ace74790,COc1ccc(CO)cc1
42,pretrained_random,7,100,1,768064b2e2a953d147d0,COc1ccc(OC)c(Br)c1
42,pretrained_random,7,100,2,934f00061cc32bab10e8,C=CC(=O)OCCOc1ccccc1
42,pretrained_random,7,100,3,e90e636dced92c2b53d7,O=C(Cc1ccccc1F)C1CC1
42,pretrained_random,7,100,4,2beadb75e05408973f02,CCOC(=O)/C=C/c1ccccc1
42,pretrained_random,7,100,5,d92ef85db0d1c0979197,O=C(Cc1ccccc1)c1ccccc1
42,pretrained_random,7,100,6,b7fa3dd8e6040788ae14,CCOC(=O)c1cccnc1
42,pretrained_random,7,100,7,41921840a5681261ba98,CCOC(=O)C(Cc1ccccc1)C(C)=O
42,pretrained_random,7,100,8,77c599d272254892b6ec,CC1CCC(=O)c2ccccc21
42,pretrained_random,7,100,9,2195290d04210cdb253f,C=CC(=O)OC1CCCCC1
42,pretrained_random,7,100,10,8b67a1246fe892b6581d,CC(C)CCOC(=O)c1ccccc1
42,pretrained_coverage,1,40,1,118d66c0e53f510c51ed,CC(=O)c1ccc2c(c1)Cc1ccccc1-2
42,pretrained_coverage,1,40,2,2cbca950d64fdcd81660,O=Cc1ccc2ccccc2c1Br
42,pretrained_coverage,1,40,3,dc9f747c03c55d77bf72,BrC(=C(c1ccccc1)c1ccccc1)c1ccccc1
42,pretrained_coverage,1,40,4,3b03dfa8ff44ff554734,O=Cc1cc(Br)ccc1O
42,pretrained_coverage,1,40,5,937105af8867732c56ec,O=C(c1ccccc1)c1ccc(Cl)cc1
42,pretrained_coverage,1,40,6,ce61c0bd799e65402b75,CCCC(=O)c1ccc(-c2ccccc2)cc1
42,pretrained_coverage,1,40,7,78b04c44dfa852f4e621,CC(=O)c1ccc2c(c1)OCO2
42,pretrained_coverage,1,40,8,7ba2cf5e6ca289d9810f,CCOC(=O)c1cccnc1
42,pretrained_coverage,1,40,9,f95928e2618ed15e654f,COc1ccc(C=O)cc1
42,pretrained_coverage,1,40,10,d31d42caff135d7154c4,CCOC(=O)/C=C(/C)N
42,pretrained_coverage,2,50,1,07e9bc7a9d27fdd58c2f,O=C(c1ccccc1)c1cccc(C(=O)c2ccccc2)c1
42,pretrained_coverage,2,50,2,bd0519702a5756bc3c94,CCOC(=O)C(Cc1ccccc1)C(C)=O
42,pretrained_coverage,2,50,3,47404d0982a587f0393e,COCCOC(=O)CC(C)=O
42,pretrained_coverage,2,50,4,28c4b7ec4bf7f486b68c,CCOC(=O)C(Br)C(=O)OCC
42,pretrained_coverage,2,50,5,17bdb259a18419ca296f,O=C(/C=C/c1ccccc1)/C=C/c1ccccc1
42,pretrained_coverage,2,50,6,4c6a8ef1c87748df99f2,CCC(=O)c1cccnc1
42,pretrained_coverage,2,50,7,3d5dc8831f4c74f7b7d1,COc1ccc(CCO)cc1
42,pretrained_coverage,2,50,8,454c1ea3beebbec4befe,COc1ccc(C=O)cc1
42,pretrained_coverage,2,50,9,4e6d2ab0e823ac1d4b58,CC(=O)CC(=O)OC(C)(C)C
42,pretrained_coverage,2,50,10,d59d233a1606de5b6deb,CC(C)(O)CCc1ccccc1
42,pretrained_coverage,3,60,1,7e451fd74af5bfa51ac9,O=C(c1ccccc1)c1cccc(C(=O)c2ccccc2)c1
42,pretrained_coverage,3,60,2,9c7a6ce4172638d2abc7,CCOC(=O)CC(C)=O
42,pretrained_coverage,3,60,3,7e19b816ecd8282ce2a1,O=Cc1cc(Br)ccc1O
42,pretrained_coverage,3,60,4,c2bd8e8f13a96726e7fc,COc1ccc(CO)cc1
42,pretrained_coverage,3,60,5,99dd4a9a47de5c84b7c0,O=Cc1ccc(Br)cc1O
42,pretrained_coverage,3,60,6,f248b9b89d62a22b03c3,CCOC(=O)/C=C(/C)N
42,pretrained_coverage,3,60,7,546046afb5114d631360,CC(=O)c1ccc2c(c1)Cc1ccccc1-2
42,pretrained_coverage,3,60,8,9b28c23ad1d4dda9fe1a,CC(O)c1ccccc1
42,pretrained_coverage,3,60,9,f33380e15f0fd8b62027,COC(=O)c1ccccc1O
42,pretrained_coverage,3,60,10,e375bb01e53e46f8faee,O=C1CCCc2ccccc21
42,pretrained_coverage,4,70,1,74097878150c8a5a8d79,COCCOC(=O)CC(C)=O
42,pretrained_coverage,4,70,2,a9656ffd805f80fcf143,C=CC(=O)OCCCCCCCCCCCC
42,pretrained_coverage,4,70,3,8837a8a19c37b63d2e48,O=Cc1ccc(-c2ccccc2)cc1
42,pretrained_coverage,4,70,4,a7f9a08159d001c30f67,BrC(=C(c1ccccc1)c1ccccc1)c1ccccc1
42,pretrained_coverage,4,70,5,f38afd5febe30c01c852,CC1CCC(=O)c2ccccc21
42,pretrained_coverage,4,70,6,226ebdbf914ce9333de8,O=Cc1ccc(Br)cc1O
42,pretrained_coverage,4,70,7,155ad3f702726e253c4d,O=CCCc1ccccc1
42,pretrained_coverage,4,70,8,80e66bd0e8e9450537bb,COCCCCC(=O)c1ccc(C(F)(F)F)cc1
42,pretrained_coverage,4,70,9,0b9968c1280b5e4f726a,C=CC(=O)O[C@@H]1C[C@H]2CC[C@]1(C)C2(C)C
42,pretrained_coverage,4,70,10,759d5133ee82740013bf,CCOC(=O)/C=C(/C)N
42,pretrained_coverage,5,80,1,9563dde5c28fb62e4f7e,C=CC(=O)OCCOc1ccccc1
42,pretrained_coverage,5,80,2,82fa7e7b3bd183853280,CCOC(=O)c1cccnc1
42,pretrained_coverage,5,80,3,826e9f40c328ce2478ec,COc1ccc(C)cc1OC
42,pretrained_coverage,5,80,4,06c29062334b43b0d12f,COCCCCC(=O)c1ccc(C(F)(F)F)cc1
42,pretrained_coverage,5,80,5,8cd132f293d2823adc8d,O=C(/C=C/c1ccccc1)/C=C/c1ccccc1
42,pretrained_coverage,5,80,6,194278dd9ee3d2407ed5,C=CC(=O)OCc1ccccc1
42,pretrained_coverage,5,80,7,0ffc20c3f979502b8a09,O=C(CCCCl)c1ccc(F)cc1
42,pretrained_coverage,5,80,8,0dffde5d00d50ee96173,O=Cc1cc(Br)ccc1O
42,pretrained_coverage,5,80,9,adc9f476f8b5d66fa85d,COc1cc(F)cc(Br)c1
42,pretrained_coverage,5,80,10,6f34563b6236c57b9c60,CC(=O)c1ccc2c(c1)OCO2
42,pretrained_coverage,6,90,1,b48dea92ecfc07816494,CCOC(=O)c1cccnc1
42,pretrained_coverage,6,90,2,dd7fdbe3fa3800e6499f,FC(F)(F)c1cc(Br)cc(C(F)(F)F)c1
42,pretrained_coverage,6,90,3,dd29d0f859e11f70f4ec,COc1ccc(C)cc1OC
42,pretrained_coverage,6,90,4,02c141e2551937d10f4e,COC(=O)C#CC(=O)OC
42,pretrained_coverage,6,90,5,88f58ab7b7cf02f8f134,O=C(/C=C/c1ccccc1)/C=C/c1ccccc1
42,pretrained_coverage,6,90,6,7a0a82051f50d5b0c89c,OCCCc1ccccc1
42,pretrained_coverage,6,90,7,a542d702abb1fa77a6fc,CC(=O)c1ccccc1
42,pretrained_coverage,6,90,8,ef8527c6b63d54b73966,CCOC(=O)CC(C)=O
42,pretrained_coverage,6,90,9,d26cffd9ef4da9800470,c1ccc(COCc2ccccc2)cc1
42,pretrained_coverage,6,90,10,1bbec08f4838f06da0fb,CCOC(=O)C(Cc1ccccc1)C(C)=O
42,pretrained_coverage,7,100,1,fda6d7aa920e5400a222,C1=Cc2ccccc2C1
42,pretrained_coverage,7,100,2,b07e3b186c5f9a698624,CCOC(=O)C(Br)C(=O)OCC
42,pretrained_coverage,7,100,3,0a1949b42050f41b0db4,CC(=O)c1ccc(C)cc1C
42,pretrained_coverage,7,100,4,283be89c092cfa4a5cbb,O=C(CCCCl)c1ccc(F)cc1
42,pretrained_coverage,7,100,5,bc3f10fed296515e66e5,Cc1ccc(C)cc1
42,pretrained_coverage,7,100,6,86f385aa0925171d22cc,CCOC(=O)CC(C)=O
42,pretrained_coverage,7,100,7,35eae227e68fe7434e68,CC(O)c1ccccc1
42,pretrained_coverage,7,100,8,b8018c4bdaadd42a057a,COc1cc(Br)cc(OC)c1
42,pretrained_coverage,7,100,9,af2973fb82b6d79d8c5e,C/C(=N\O)c1ccccc1
42,pretrained_coverage,7,100,10,6624c43f78e6697c8ac9,O=C(c1ccccc1)c1ccc(Cl)cc1
42,pretrained_ensemble,1,40,1,07e9bc7a9d27fdd58c2f,O=C(c1ccccc1)c1cccc(C(=O)c2ccccc2)c1
42,pretrained_ensemble,1,40,2,f95928e2618ed15e654f,COc1ccc(C=O)cc1
42,pretrained_ensemble,1,40,3,9563dde5c28fb62e4f7e,C=CC(=O)OCCOc1ccccc1
42,pretrained_ensemble,1,40,4,99dd4a9a47de5c84b7c0,O=Cc1ccc(Br)cc1O
42,pretrained_ensemble,1,40,5,27b234a05f8c66fd059f,O=Cc1cc(Br)ccc1O
42,pretrained_ensemble,1,40,6,4c6a8ef1c87748df99f2,CCC(=O)c1cccnc1
42,pretrained_ensemble,1,40,7,226ebdbf914ce9333de8,O=Cc1ccc(Br)cc1O
42,pretrained_ensemble,1,40,8,7e451fd74af5bfa51ac9,O=C(c1ccccc1)c1cccc(C(=O)c2ccccc2)c1
42,pretrained_ensemble,1,40,9,848f6c84b4d5fc44c3c2,N#Cc1ccccc1Br
42,pretrained_ensemble,1,40,10,8837a8a19c37b63d2e48,O=Cc1ccc(-c2ccccc2)cc1
42,pretrained_ensemble,2,50,1,e375bb01e53e46f8faee,O=C1CCCc2ccccc21
42,pretrained_ensemble,2,50,2,17bdb259a18419ca296f,O=C(/C=C/c1ccccc1)/C=C/c1ccccc1
42,pretrained_ensemble,2,50,3,28c4b7ec4bf7f486b68c,CCOC(=O)C(Br)C(=O)OCC
42,pretrained_ensemble,2,50,4,3d5dc8831f4c74f7b7d1,COc1ccc(CCO)cc1
42,pretrained_ensemble,2,50,5,d59d233a1606de5b6deb,CC(C)(O)CCc1ccccc1
42,pretrained_ensemble,2,50,6,78b04c44dfa852f4e621,CC(=O)c1ccc2c(c1)OCO2
42,pretrained_ensemble,2,50,7,be7d68067464e72d0b8d,COC(=O)CS
42,pretrained_ensemble,2,50,8,a074620f6970d8f89567,COc1ccc(C=O)cc1
42,pretrained_ensemble,2,50,9,7a0a82051f50d5b0c89c,OCCCc1ccccc1
42,pretrained_ensemble,2,50,10,4e6d2ab0e823ac1d4b58,CC(=O)CC(=O)OC(C)(C)C
42,pretrained_ensemble,3,60,1,bcf8bb13e4fca185fe68,FC(F)(F)c1cc(Br)cc(C(F)(F)F)c1
42,pretrained_ensemble,3,60,2,69f6dbdc304c0475f868,FC(F)(F)c1cc(Br)cc(C(F)(F)F)c1
42,pretrained_ensemble,3,60,3,82fa7e7b3bd183853280,CCOC(=O)c1cccnc1
42,pretrained_ensemble,3,60,4,74097878150c8a5a8d79,COCCOC(=O)CC(C)=O
42,pretrained_ensemble,3,60,5,ab84efb31c801e49c87c,FC(F)(F)c1cc(Br)cc(C(F)(F)F)c1
42,pretrained_ensemble,3,60,6,7ba2cf5e6ca289d9810f,CCOC(=O)c1cccnc1
42,pretrained_ensemble,3,60,7,dd7fdbe3fa3800e6499f,FC(F)(F)c1cc(Br)cc(C(F)(F)F)c1
42,pretrained_ensemble,3,60,8,9c357cc9e9b8199eb1e0,O=C(Cc1ccccc1F)C1CC1
42,pretrained_ensemble,3,60,9,53d7fb31d852cbb33059,CCOC(=O)C(Br)C(=O)OCC
42,pretrained_ensemble,3,60,10,80e66bd0e8e9450537bb,COCCCCC(=O)c1ccc(C(F)(F)F)cc1
42,pretrained_ensemble,4,70,1,38f57a9d08efd5f070d0,C=CC(=O)OCCCCCCCCCCCC
42,pretrained_ensemble,4,70,2,7ca22b2f4d23a7afb10e,C=CC(=O)OCCCCCCCCCCCC
42,pretrained_ensemble,4,70,3,bd0519702a5756bc3c94,CCOC(=O)C(Cc1ccccc1)C(C)=O
42,pretrained_ensemble,4,70,4,47404d0982a587f0393e,COCCOC(=O)CC(C)=O
42,pretrained_ensemble,4,70,5,c2bd8e8f13a96726e7fc,COc1ccc(CO)cc1
42,pretrained_ensemble,4,70,6,26aa0143305ac532a560,O=C(CCCCl)c1ccc(F)cc1
42,pretrained_ensemble,4,70,7,b80a4f9e4b61f534ee9e,COC(=O)C#CC(=O)OC
42,pretrained_ensemble,4,70,8,da10d2f67a989e8b16b5,C=CC(=O)OCCCCCCCCCCCC
42,pretrained_ensemble,4,70,9,76e188b0e48b99f36582,O=C(CCCCl)c1ccc(F)cc1
42,pretrained_ensemble,4,70,10,1bbec08f4838f06da0fb,CCOC(=O)C(Cc1ccccc1)C(C)=O
42,pretrained_ensemble,5,80,1,826e9f40c328ce2478ec,COc1ccc(C)cc1OC
42,pretrained_ensemble,5,80,2,86f385aa0925171d22cc,CCOC(=O)CC(C)=O
42,pretrained_ensemble,5,80,3,ef8527c6b63d54b73966,CCOC(=O)CC(C)=O
42,pretrained_ensemble,5,80,4,9b28c23ad1d4dda9fe1a,CC(O)c1ccccc1
42,pretrained_ensemble,5,80,5,3545611fd9950a160288,C/C(=N\O)c1ccccc1
42,pretrained_ensemble,5,80,6,549eb8499df5181b3558,COC(=O)C#CC(=O)OC
42,pretrained_ensemble,5,80,7,546046afb5114d631360,CC(=O)c1ccc2c(c1)Cc1ccccc1-2
42,pretrained_ensemble,5,80,8,35eae227e68fe7434e68,CC(O)c1ccccc1
42,pretrained_ensemble,5,80,9,9c7a6ce4172638d2abc7,CCOC(=O)CC(C)=O
42,pretrained_ensemble,5,80,10,a9a4b1ef530ce6f46a1c,COC(=O)c1ccccc1O
42,pretrained_ensemble,6,90,1,b983d4c3094d909b570e,C=CC(=O)OCCOc1ccccc1
42,pretrained_ensemble,6,90,2,3b03dfa8ff44ff554734,O=Cc1cc(Br)ccc1O
42,pretrained_ensemble,6,90,3,1c04f02c0ea8c00b358d,OCc1cccc(Br)c1
42,pretrained_ensemble,6,90,4,d31d42caff135d7154c4,CCOC(=O)/C=C(/C)N
42,pretrained_ensemble,6,90,5,0dffde5d00d50ee96173,O=Cc1cc(Br)ccc1O
42,pretrained_ensemble,6,90,6,dc9f747c03c55d77bf72,BrC(=C(c1ccccc1)c1ccccc1)c1ccccc1
42,pretrained_ensemble,6,90,7,118d66c0e53f510c51ed,CC(=O)c1ccc2c(c1)Cc1ccccc1-2
42,pretrained_ensemble,6,90,8,5eb80e21463443b22d14,CCOC(=O)c1ccccc1
42,pretrained_ensemble,6,90,9,98a1ca00445d60f415d4,O=Cc1ccc(Br)cc1O
42,pretrained_ensemble,6,90,10,08820514e662ce6ea8f0,Cc1ccccc1C=O
42,pretrained_ensemble,7,100,1,6f34563b6236c57b9c60,CC(=O)c1ccc2c(c1)OCO2
42,pretrained_ensemble,7,100,2,a7f9a08159d001c30f67,BrC(=C(c1ccccc1)c1ccccc1)c1ccccc1
42,pretrained_ensemble,7,100,3,1e8c03a5d84f08329475,BrC(=C(c1ccccc1)c1ccccc1)c1ccccc1
42,pretrained_ensemble,7,100,4,5179c3962ada5450dde7,O=Cc1ccc2c(c1)CCO2
42,pretrained_ensemble,7,100,5,ad45b4b8aaed2c2b0b33,O=Cc1ccc2c(c1)CCO2
42,pretrained_ensemble,7,100,6,97feb43dae8371e80d3b,BrC(=C(c1ccccc1)c1ccccc1)c1ccccc1
42,pretrained_ensemble,7,100,7,62763fd48ebc7554402f,COc1ccc(C)cc1OC
42,pretrained_ensemble,7,100,8,fda6d7aa920e5400a222,C1=Cc2ccccc2C1
42,pretrained_ensemble,7,100,9,dd29d0f859e11f70f4ec,COc1ccc(C)cc1OC
42,pretrained_ensemble,7,100,10,244e5c6375ff0c923725,C=CC(=O)O[C@@H]1C[C@H]2CC[C@]1(C)C2(C)C
42,pretrained_hybrid,1,40,1,546046afb5114d631360,CC(=O)c1ccc2c(c1)Cc1ccccc1-2
42,pretrained_hybrid,1,40,2,2cbca950d64fdcd81660,O=Cc1ccc2ccccc2c1Br
42,pretrained_hybrid,1,40,3,dc9f747c03c55d77bf72,BrC(=C(c1ccccc1)c1ccccc1)c1ccccc1
42,pretrained_hybrid,1,40,4,27b234a05f8c66fd059f,O=Cc1cc(Br)ccc1O
42,pretrained_hybrid,1,40,5,0f3bd8418ab9ba9d1ed2,O=Cc1ccc(Cl)cc1Br
42,pretrained_hybrid,1,40,6,78b04c44dfa852f4e621,CC(=O)c1ccc2c(c1)OCO2
42,pretrained_hybrid,1,40,7,7ba2cf5e6ca289d9810f,CCOC(=O)c1cccnc1
42,pretrained_hybrid,1,40,8,f95928e2618ed15e654f,COc1ccc(C=O)cc1
42,pretrained_hybrid,1,40,9,07e9bc7a9d27fdd58c2f,O=C(c1ccccc1)c1cccc(C(=O)c2ccccc2)c1
42,pretrained_hybrid,1,40,10,6f34563b6236c57b9c60,CC(=O)c1ccc2c(c1)OCO2
42,pretrained_hybrid,2,50,1,bd0519702a5756bc3c94,CCOC(=O)C(Cc1ccccc1)C(C)=O
42,pretrained_hybrid,2,50,2,d31d42caff135d7154c4,CCOC(=O)/C=C(/C)N
42,pretrained_hybrid,2,50,3,4c6a8ef1c87748df99f2,CCC(=O)c1cccnc1
42,pretrained_hybrid,2,50,4,454c1ea3beebbec4befe,COc1ccc(C=O)cc1
42,pretrained_hybrid,2,50,5,7e451fd74af5bfa51ac9,O=C(c1ccccc1)c1cccc(C(=O)c2ccccc2)c1
42,pretrained_hybrid,2,50,6,3d5dc8831f4c74f7b7d1,COc1ccc(CCO)cc1
42,pretrained_hybrid,2,50,7,826e9f40c328ce2478ec,COc1ccc(C)cc1OC
42,pretrained_hybrid,2,50,8,d59d233a1606de5b6deb,CC(C)(O)CCc1ccccc1
42,pretrained_hybrid,2,50,9,80e66bd0e8e9450537bb,COCCCCC(=O)c1ccc(C(F)(F)F)cc1
42,pretrained_hybrid,2,50,10,47404d0982a587f0393e,COCCOC(=O)CC(C)=O
42,pretrained_hybrid,3,60,1,9c7a6ce4172638d2abc7,CCOC(=O)CC(C)=O
42,pretrained_hybrid,3,60,2,28c4b7ec4bf7f486b68c,CCOC(=O)C(Br)C(=O)OCC
42,pretrained_hybrid,3,60,3,9e93bad2014e7ab1a680,COc1ccc(CCO)cc1
42,pretrained_hybrid,3,60,4,f248b9b89d62a22b03c3,CCOC(=O)/C=C(/C)N
42,pretrained_hybrid,3,60,5,3b03dfa8ff44ff554734,O=Cc1cc(Br)ccc1O
42,pretrained_hybrid,3,60,6,74097878150c8a5a8d79,COCCOC(=O)CC(C)=O
42,pretrained_hybrid,3,60,7,9563dde5c28fb62e4f7e,C=CC(=O)OCCOc1ccccc1
42,pretrained_hybrid,3,60,8,17bdb259a18419ca296f,O=C(/C=C/c1ccccc1)/C=C/c1ccccc1
42,pretrained_hybrid,3,60,9,7e19b816ecd8282ce2a1,O=Cc1cc(Br)ccc1O
42,pretrained_hybrid,3,60,10,be7d68067464e72d0b8d,COC(=O)CS
42,pretrained_hybrid,4,70,1,e375bb01e53e46f8faee,O=C1CCCc2ccccc21
42,pretrained_hybrid,4,70,2,8837a8a19c37b63d2e48,O=Cc1ccc(-c2ccccc2)cc1
42,pretrained_hybrid,4,70,3,0b9968c1280b5e4f726a,C=CC(=O)O[C@@H]1C[C@H]2CC[C@]1(C)C2(C)C
42,pretrained_hybrid,4,70,4,f33380e15f0fd8b62027,COC(=O)c1ccccc1O
42,pretrained_hybrid,4,70,5,a542d702abb1fa77a6fc,CC(=O)c1ccccc1
42,pretrained_hybrid,4,70,6,c761659793c5929e2214,C=CC(=O)OCCCCCCCCCCCC
42,pretrained_hybrid,4,70,7,06c29062334b43b0d12f,COCCCCC(=O)c1ccc(C(F)(F)F)cc1
42,pretrained_hybrid,4,70,8,3545611fd9950a160288,C/C(=N\O)c1ccccc1
42,pretrained_hybrid,4,70,9,1619a0c8b233772ba0c0,C=CC(=O)O[C@@H]1C[C@H]2CC[C@]1(C)C2(C)C
42,pretrained_hybrid,4,70,10,118d66c0e53f510c51ed,CC(=O)c1ccc2c(c1)Cc1ccccc1-2
42,pretrained_hybrid,5,80,1,283be89c092cfa4a5cbb,O=C(CCCCl)c1ccc(F)cc1
42,pretrained_hybrid,5,80,2,dd29d0f859e11f70f4ec,COc1ccc(C)cc1OC
42,pretrained_hybrid,5,80,3,9b28c23ad1d4dda9fe1a,CC(O)c1ccccc1
42,pretrained_hybrid,5,80,4,1c04f02c0ea8c00b358d,OCc1cccc(Br)c1
42,pretrained_hybrid,5,80,5,99dd4a9a47de5c84b7c0,O=Cc1ccc(Br)cc1O
42,pretrained_hybrid,5,80,6,b8018c4bdaadd42a057a,COc1cc(Br)cc(OC)c1
42,pretrained_hybrid,5,80,7,05c14d26f4aa6f7c48b0,CCOC(=O)CC(=O)c1ccccc1
42,pretrained_hybrid,5,80,8,26aa0143305ac532a560,O=C(CCCCl)c1ccc(F)cc1
42,pretrained_hybrid,5,80,9,fda6d7aa920e5400a222,C1=Cc2ccccc2C1
42,pretrained_hybrid,5,80,10,ef8527c6b63d54b73966,CCOC(=O)CC(C)=O
42,pretrained_hybrid,6,90,1,dd7fdbe3fa3800e6499f,FC(F)(F)c1cc(Br)cc(C(F)(F)F)c1
42,pretrained_hybrid,6,90,2,82fa7e7b3bd183853280,CCOC(=O)c1cccnc1
42,pretrained_hybrid,6,90,3,bcf8bb13e4fca185fe68,FC(F)(F)c1cc(Br)cc(C(F)(F)F)c1
42,pretrained_hybrid,6,90,4,b48dea92ecfc07816494,CCOC(=O)c1cccnc1
42,pretrained_hybrid,6,90,5,a7f9a08159d001c30f67,BrC(=C(c1ccccc1)c1ccccc1)c1ccccc1
42,pretrained_hybrid,6,90,6,0a1949b42050f41b0db4,CC(=O)c1ccc(C)cc1C
42,pretrained_hybrid,6,90,7,98a1ca00445d60f415d4,O=Cc1ccc(Br)cc1O
42,pretrained_hybrid,6,90,8,c9bf385316b464cd2e8d,CCOC(=O)/C=C(/C)N
42,pretrained_hybrid,6,90,9,4e6d2ab0e823ac1d4b58,CC(=O)CC(=O)OC(C)(C)C
42,pretrained_hybrid,6,90,10,c4b569d1149e4ec87b12,CCOC(=O)C(Br)C(=O)OCC
42,pretrained_hybrid,7,100,1,4365d2fb106c18823aac,CCC(=O)c1cccnc1
42,pretrained_hybrid,7,100,2,02c141e2551937d10f4e,COC(=O)C#CC(=O)OC
42,pretrained_hybrid,7,100,3,1bbec08f4838f06da0fb,CCOC(=O)C(Cc1ccccc1)C(C)=O
42,pretrained_hybrid,7,100,4,da10d2f67a989e8b16b5,C=CC(=O)OCCCCCCCCCCCC
42,pretrained_hybrid,7,100,5,b6f53d16978daf702470,C=CC(=O)OCCOc1ccccc1
42,pretrained_hybrid,7,100,6,848f6c84b4d5fc44c3c2,N#Cc1ccccc1Br
42,pretrained_hybrid,7,100,7,bacef06b4d4d7374a4e4,COCCOC(=O)CC(C)=O
42,pretrained_hybrid,7,100,8,194278dd9ee3d2407ed5,C=CC(=O)OCc1ccccc1
42,pretrained_hybrid,7,100,9,aaf22f8324aad12a55fa,COC(=O)CS
42,pretrained_hybrid,7,100,10,155ad3f702726e253c4d,O=CCCc1ccccc1
42,pretrained_quantile_width,1,40,1,3d5dc8831f4c74f7b7d1,COc1ccc(CCO)cc1
42,pretrained_quantile_width,1,40,2,7ba2cf5e6ca289d9810f,CCOC(=O)c1cccnc1
42,pretrained_quantile_width,1,40,3,82fa7e7b3bd183853280,CCOC(=O)c1cccnc1
42,pretrained_quantile_width,1,40,4,d31d42caff135d7154c4,CCOC(=O)/C=C(/C)N
42,pretrained_quantile_width,1,40,5,4c6a8ef1c87748df99f2,CCC(=O)c1cccnc1
42,pretrained_quantile_width,1,40,6,47404d0982a587f0393e,COCCOC(=O)CC(C)=O
42,pretrained_quantile_width,1,40,7,f95928e2618ed15e654f,COc1ccc(C=O)cc1
42,pretrained_quantile_width,1,40,8,7a0a82051f50d5b0c89c,OCCCc1ccccc1
42,pretrained_quantile_width,1,40,9,bd0519702a5756bc3c94,CCOC(=O)C(Cc1ccccc1)C(C)=O
42,pretrained_quantile_width,1,40,10,9e93bad2014e7ab1a680,COc1ccc(CCO)cc1
42,pretrained_quantile_width,2,50,1,454c1ea3beebbec4befe,COc1ccc(C=O)cc1
42,pretrained_quantile_width,2,50,2,9c7a6ce4172638d2abc7,CCOC(=O)CC(C)=O
42,pretrained_quantile_width,2,50,3,86f385aa0925171d22cc,CCOC(=O)CC(C)=O
42,pretrained_quantile_width,2,50,4,9563dde5c28fb62e4f7e,C=CC(=O)OCCOc1ccccc1
42,pretrained_quantile_width,2,50,5,826e9f40c328ce2478ec,COc1ccc(C)cc1OC
42,pretrained_quantile_width,2,50,6,d59d233a1606de5b6deb,CC(C)(O)CCc1ccccc1
42,pretrained_quantile_width,2,50,7,9b28c23ad1d4dda9fe1a,CC(O)c1ccccc1
42,pretrained_quantile_width,2,50,8,ef8527c6b63d54b73966,CCOC(=O)CC(C)=O
42,pretrained_quantile_width,2,50,9,74097878150c8a5a8d79,COCCOC(=O)CC(C)=O
42,pretrained_quantile_width,2,50,10,28c4b7ec4bf7f486b68c,CCOC(=O)C(Br)C(=O)OCC
42,pretrained_quantile_width,3,60,1,7e451fd74af5bfa51ac9,O=C(c1ccccc1)c1cccc(C(=O)c2ccccc2)c1
42,pretrained_quantile_width,3,60,2,07e9bc7a9d27fdd58c2f,O=C(c1ccccc1)c1cccc(C(=O)c2ccccc2)c1
42,pretrained_quantile_width,3,60,3,6f34563b6236c57b9c60,CC(=O)c1ccc2c(c1)OCO2
42,pretrained_quantile_width,3,60,4,3545611fd9950a160288,C/C(=N\O)c1ccccc1
42,pretrained_quantile_width,3,60,5,509e53644c411798f5b0,BrC(=C(c1ccccc1)c1ccccc1)c1ccccc1
42,pretrained_quantile_width,3,60,6,bb61793cbbbe2bfa4e12,O=C(/C=C/c1ccccc1)/C=C/c1ccccc1
42,pretrained_quantile_width,3,60,7,af2973fb82b6d79d8c5e,C/C(=N\O)c1ccccc1
42,pretrained_quantile_width,3,60,8,d29c00125d1c5dc55586,BrC(=C(c1ccccc1)c1ccccc1)c1ccccc1
42,pretrained_quantile_width,3,60,9,b7fa3dd8e6040788ae14,CCOC(=O)c1cccnc1
42,pretrained_quantile_width,3,60,10,d078d930aa37448ec4aa,O=C(/C=C/c1ccccc1)/C=C/c1ccccc1
42,pretrained_quantile_width,4,70,1,0b9968c1280b5e4f726a,C=CC(=O)O[C@@H]1C[C@H]2CC[C@]1(C)C2(C)C
42,pretrained_quantile_width,4,70,2,53d046afde1259a727f9,CCOC(=O)CC(=O)c1ccccc1
42,pretrained_quantile_width,4,70,3,0d5196ceda603b66bd22,C=CC(=O)O[C@@H]1C[C@H]2CC[C@]1(C)C2(C)C
42,pretrained_quantile_width,4,70,4,05c14d26f4aa6f7c48b0,CCOC(=O)CC(=O)c1ccccc1
42,pretrained_quantile_width,4,70,5,4365d2fb106c18823aac,CCC(=O)c1cccnc1
42,pretrained_quantile_width,4,70,6,22fcaa293d9525e1f4e7,CC(C)(C)c1cc(C=O)cc(C(C)(C)C)c1
42,pretrained_quantile_width,4,70,7,8671b386166171ebd7f7,N#Cc1ccccc1Br
42,pretrained_quantile_width,4,70,8,1e578360bd7749f6b397,CCOC(=O)CC(=O)c1ccccc1
42,pretrained_quantile_width,4,70,9,5965305884ee5fba94d8,CC(C)(C)c1cc(C=O)cc(C(C)(C)C)c1
42,pretrained_quantile_width,4,70,10,ad45b4b8aaed2c2b0b33,O=Cc1ccc2c(c1)CCO2
42,pretrained_quantile_width,5,80,1,97feb43dae8371e80d3b,BrC(=C(c1ccccc1)c1ccccc1)c1ccccc1
42,pretrained_quantile_width,5,80,2,dd29d0f859e11f70f4ec,COc1ccc(C)cc1OC
42,pretrained_quantile_width,5,80,3,a2eeeea4e6525c9d22d4,COc1ccc(OC)c(Br)c1
42,pretrained_quantile_width,5,80,4,1c04f02c0ea8c00b358d,OCc1cccc(Br)c1
42,pretrained_quantile_width,5,80,5,62763fd48ebc7554402f,COc1ccc(C)cc1OC
42,pretrained_quantile_width,5,80,6,b80a4f9e4b61f534ee9e,COC(=O)C#CC(=O)OC
42,pretrained_quantile_width,5,80,7,ce70dba7026ce0b64f62,Cc1ccc(Cl)cc1Br
42,pretrained_quantile_width,5,80,8,d2955aa36bd2b103c981,CC(=O)c1c(C)cc(C)cc1C
42,pretrained_quantile_width,5,80,9,6da48b9dd6e1ed7e26fd,COc1ccc(OC)c(Br)c1
42,pretrained_quantile_width,5,80,10,bcf8bb13e4fca185fe68,FC(F)(F)c1cc(Br)cc(C(F)(F)F)c1
42,pretrained_quantile_width,6,90,1,a7f9a08159d001c30f67,BrC(=C(c1ccccc1)c1ccccc1)c1ccccc1
42,pretrained_quantile_width,6,90,2,5ac5df671efee45d3ddf,BrC(=C(c1ccccc1)c1ccccc1)c1ccccc1
42,pretrained_quantile_width,6,90,3,b566ed83f272904657ba,O=C(/C=C/c1ccccc1)c1ccccc1
42,pretrained_quantile_width,6,90,4,1e8c03a5d84f08329475,BrC(=C(c1ccccc1)c1ccccc1)c1ccccc1
42,pretrained_quantile_width,6,90,5,38aa81d53a6b39e9d8ef,CC(=O)c1ccc2c(c1)Cc1ccccc1-2
42,pretrained_quantile_width,6,90,6,c780d2f5194817087e07,CC(=O)c1ccc2c(c1)Cc1ccccc1-2
42,pretrained_quantile_width,6,90,7,fda6d7aa920e5400a222,C1=Cc2ccccc2C1
42,pretrained_quantile_width,6,90,8,5179c3962ada5450dde7,O=Cc1ccc2c(c1)CCO2
42,pretrained_quantile_width,6,90,9,711f210d4869259d0651,O=C(c1ccccc1)c1ccc(Cl)cc1
42,pretrained_quantile_width,6,90,10,147b560e4c606680c7b2,CC(=O)c1ccc2c(c1)OCO2
42,pretrained_quantile_width,7,100,1,bc582f1f4f4225f6d249,O=C(Cc1ccccc1)c1ccccc1
42,pretrained_quantile_width,7,100,2,dcfc9eaebf799d451fdb,Cc1ccc(C(C)C)cc1
42,pretrained_quantile_width,7,100,3,d9e344f199dc9a567b5f,CCOC(=O)Cc1ccccc1
42,pretrained_quantile_width,7,100,4,474238f822b0c38795c6,CCOC(=O)c1ccccc1
42,pretrained_quantile_width,7,100,5,bb159f5b8695e842d4ff,Cc1ccc(Cl)cc1Br
42,pretrained_quantile_width,7,100,6,2964279ae2fd8a820ae1,CC(C)(C)c1cc(C=O)cc(C(C)(C)C)c1
42,pretrained_quantile_width,7,100,7,f1aabb6243aed53011cb,c1ccc(COCc2ccccc2)cc1
42,pretrained_quantile_width,7,100,8,3122a2210bde68deb81e,COC(=O)c1ccc(C(C)(C)C)cc1
42,pretrained_quantile_width,7,100,9,f1ea027f4cb80b10d15b,Cc1ccc(C(C)C)cc1
42,pretrained_quantile_width,7,100,10,df02863943321996441f,C=CC(=O)OCc1ccccc1
525,pretrained_random,1,40,1,fdc873b5607287090ff3,CSc1ccc(C=O)cc1
525,pretrained_random,1,40,2,8cc7c76a92a4474d7c6a,ClCCCc1ccccc1
525,pretrained_random,1,40,3,c4412adf038c7f6ea3c2,O=C(c1ccccc1)c1cccc(C(=O)c2ccccc2)c1
525,pretrained_random,1,40,4,8b67a1246fe892b6581d,CC(C)CCOC(=O)c1ccccc1
525,pretrained_random,1,40,5,3cdf1bcd3739e20f72d2,O=Cc1ccc(-c2ccccc2)cc1
525,pretrained_random,1,40,6,d914e4c833f2df567cac,Cc1ccc(C(=O)c2ccccc2)cc1C
525,pretrained_random,1,40,7,2416be80d114ff60224d,O=Cc1ccc(Cl)cc1Br
525,pretrained_random,1,40,8,56f1cecfc0c6c3d224be,CCOC(=O)/C=C/c1ccccc1
525,pretrained_random,1,40,9,41921840a5681261ba98,CCOC(=O)C(Cc1ccccc1)C(C)=O
525,pretrained_random,1,40,10,5ac5df671efee45d3ddf,BrC(=C(c1ccccc1)c1ccccc1)c1ccccc1
525,pretrained_random,2,50,1,640353c89b3ce64ee98b,COC(=O)C(C)(C)Br
525,pretrained_random,2,50,2,bb61793cbbbe2bfa4e12,O=C(/C=C/c1ccccc1)/C=C/c1ccccc1
525,pretrained_random,2,50,3,2a61203b59218a3cbdc6,CCOC(=O)C(C)(C)Br
525,pretrained_random,2,50,4,fda6d7aa920e5400a222,C1=Cc2ccccc2C1
525,pretrained_random,2,50,5,0e13b08b0f9c772699e1,CC(=O)c1ccc(Br)cc1
525,pretrained_random,2,50,6,70e13ddfe9e6cc9b0f56,N#Cc1ccccc1Br
525,pretrained_random,2,50,7,ca203ccf20ce8e74d86d,CCOC(=O)CC(=O)c1ccccc1
525,pretrained_random,2,50,8,e1244cc412f81ac11bd3,COc1cc(F)cc(Br)c1
525,pretrained_random,2,50,9,f9b97e958092bd5cb81a,O=C(c1ccccc1)c1ccc(Cl)cc1
525,pretrained_random,2,50,10,95f10fffb85ea1b1f47a,CSc1ccc(C=O)cc1
525,pretrained_random,3,60,1,bacef06b4d4d7374a4e4,COCCOC(=O)CC(C)=O
525,pretrained_random,3,60,2,e545485bf1a51a3ea557,Cc1ccc(C(C)C)cc1
525,pretrained_random,3,60,3,474238f822b0c38795c6,CCOC(=O)c1ccccc1
525,pretrained_random,3,60,4,c00e01085f35d19cd90f,CC(=O)c1ccccc1
525,pretrained_random,3,60,5,ce61c0bd799e65402b75,CCCC(=O)c1ccc(-c2ccccc2)cc1
525,pretrained_random,3,60,6,506597d02ff322a77a8d,CCOC(=O)/C=C(/C)N
525,pretrained_random,3,60,7,e7c8cd496e2795b23cb3,CC(=O)CC(=O)OC(C)(C)C
525,pretrained_random,3,60,8,28f4ab2563d03e831cf0,CC(C)COC(=O)c1ccccc1
525,pretrained_random,3,60,9,83a16763654b3b743265,COc1ccc(C)cc1OC
525,pretrained_random,3,60,10,bc3f10fed296515e66e5,Cc1ccc(C)cc1
525,pretrained_random,4,70,1,bc789871fe39d967a9e0,CC(C)=CCBr
525,pretrained_random,4,70,2,99398d649f02f80651f1,CCOC(=O)c1ccccc1
525,pretrained_random,4,70,3,7a0a82051f50d5b0c89c,OCCCc1ccccc1
525,pretrained_random,4,70,4,029d48fc98a886c9fec4,CCOC(=O)CC(=O)c1ccccc1
525,pretrained_random,4,70,5,244e5c6375ff0c923725,C=CC(=O)O[C@@H]1C[C@H]2CC[C@]1(C)C2(C)C
525,pretrained_random,4,70,6,1e0e33b1a77df72f4dd8,OCc1cccc(Br)c1
525,pretrained_random,4,70,7,57af4b867d9cd419ebb9,CC(=O)c1ccccc1C
525,pretrained_random,4,70,8,b5080cde4f493a415fc5,CCOC(=O)C(Cc1ccccc1)C(C)=O
525,pretrained_random,4,70,9,8ea9d90b217f4096f42f,Cc1ccc(C(C)C)cc1
525,pretrained_random,4,70,10,0a1949b42050f41b0db4,CC(=O)c1ccc(C)cc1C
525,pretrained_random,5,80,1,9c357cc9e9b8199eb1e0,O=C(Cc1ccccc1F)C1CC1
525,pretrained_random,5,80,2,8abf9c0719e2d67a22f9,O=C(c1ccccc1)c1cccc(C(=O)c2ccccc2)c1
525,pretrained_random,5,80,3,9069807baff6cbfbde75,COC(=O)C#CC(=O)OC
525,pretrained_random,5,80,4,ce70dba7026ce0b64f62,Cc1ccc(Cl)cc1Br
525,pretrained_random,5,80,5,a6b1d92e3de602f8963c,O=Cc1ccc(Cl)cc1Br
525,pretrained_random,5,80,6,fbf392edaddff6347b58,C=CC(=O)OC1CCCCC1
525,pretrained_random,5,80,7,054457c7699aabd6c619,O=C(Cc1ccccc1)c1ccccc1
525,pretrained_random,5,80,8,2d37adf0d65a19bc2c0c,CCCC(=O)c1ccc(-c2ccccc2)cc1
525,pretrained_random,5,80,9,5dc7d31c57624ac47575,COc1ccc(C)cc1OC
525,pretrained_random,5,80,10,13fb1511fffef8fc96e0,Cc1ccccc1C=O
525,pretrained_random,6,90,1,f3531a1565c8159ac5e2,CC(=O)c1ccc(C)cc1C
525,pretrained_random,6,90,2,d2951bd3bb1608688f0d,CCOC(=O)/C=C(/C)N
525,pretrained_random,6,90,3,711f210d4869259d0651,O=C(c1ccccc1)c1ccc(Cl)cc1
525,pretrained_random,6,90,4,1bd5bb3744b78ada7307,FC(F)(F)c1cc(Br)cc(C(F)(F)F)c1
525,pretrained_random,6,90,5,b11bb6293c307f7f7282,COC(=O)C(C)(C)Br
525,pretrained_random,6,90,6,41a468134f078d2de17d,CC(=O)c1ccccc1C
525,pretrained_random,6,90,7,2797757b00a9f254ef2e,CC(=O)c1ccc(C)cc1
525,pretrained_random,6,90,8,bbabdb9085edbb8c178b,CC(C)(CCl)c1ccccc1
525,pretrained_random,6,90,9,1bf52d57e3b0d9ef0662,Cc1ccc(Cl)cc1Br
525,pretrained_random,6,90,10,509e53644c411798f5b0,BrC(=C(c1ccccc1)c1ccccc1)c1ccccc1
525,pretrained_random,7,100,1,94bc1858c275dcb3d476,COCCCCC(=O)c1ccc(C(F)(F)F)cc1
525,pretrained_random,7,100,2,452aebfcddc0b031c20d,CCOC(=O)Cc1ccccc1
525,pretrained_random,7,100,3,c9a57e8accca7da9758b,COC(=O)c1ccccc1N
525,pretrained_random,7,100,4,b63d546347919cb66716,CC(=O)c1c(C)cc(C)cc1C
525,pretrained_random,7,100,5,6de4f7fd8ac19d183348,C=CC(=O)O[C@@H]1C[C@H]2CC[C@]1(C)C2(C)C
525,pretrained_random,7,100,6,d60e09bca01342c7cfa6,O=Cc1ccc(Br)cc1O
525,pretrained_random,7,100,7,5ce75d3f6df6d318cb8a,CC(C)COC(=O)c1ccccc1
525,pretrained_random,7,100,8,4707a180fe4230c208ff,CCOC(=O)C(Cc1ccccc1)C(C)=O
525,pretrained_random,7,100,9,bcb35848089ca50a1eef,CCOC(=O)CC(C)=O
525,pretrained_random,7,100,10,f5d7ae6c2608335325ff,COC(=O)c1ccccc1N
525,pretrained_coverage,1,40,1,dc9f747c03c55d77bf72,BrC(=C(c1ccccc1)c1ccccc1)c1ccccc1
525,pretrained_coverage,1,40,2,07e9bc7a9d27fdd58c2f,O=C(c1ccccc1)c1cccc(C(=O)c2ccccc2)c1
525,pretrained_coverage,1,40,3,cd998cddd3dcb4fc8c92,O=C(Cc1ccccc1)c1ccccc1
525,pretrained_coverage,1,40,4,bd0519702a5756bc3c94,CCOC(=O)C(Cc1ccccc1)C(C)=O
525,pretrained_coverage,1,40,5,f95928e2618ed15e654f,COc1ccc(C=O)cc1
525,pretrained_coverage,1,40,6,d31d42caff135d7154c4,CCOC(=O)/C=C(/C)N
525,pretrained_coverage,1,40,7,47404d0982a587f0393e,COCCOC(=O)CC(C)=O
525,pretrained_coverage,1,40,8,7e451fd74af5bfa51ac9,O=C(c1ccccc1)c1cccc(C(=O)c2ccccc2)c1
525,pretrained_coverage,1,40,9,a5d9706079ccfee3bdf4,COCCOC(=O)CC(C)=O
525,pretrained_coverage,1,40,10,0b9968c1280b5e4f726a,C=CC(=O)O[C@@H]1C[C@H]2CC[C@]1(C)C2(C)C
525,pretrained_coverage,2,50,1,27b234a05f8c66fd059f,O=Cc1cc(Br)ccc1O
525,pretrained_coverage,2,50,2,ef8527c6b63d54b73966,CCOC(=O)CC(C)=O
525,pretrained_coverage,2,50,3,28c4b7ec4bf7f486b68c,CCOC(=O)C(Br)C(=O)OCC
525,pretrained_coverage,2,50,4,f5634113e0822bda1c03,CC(=O)c1ccc2c(c1)OCO2
525,pretrained_coverage,2,50,5,bc8e1d805b36b63cbfbe,CC(=O)c1ccc(Br)cc1
525,pretrained_coverage,2,50,6,3d5dc8831f4c74f7b7d1,COc1ccc(CCO)cc1
525,pretrained_coverage,2,50,7,3b03dfa8ff44ff554734,O=Cc1cc(Br)ccc1O
525,pretrained_coverage,2,50,8,05c14d26f4aa6f7c48b0,CCOC(=O)CC(=O)c1ccccc1
525,pretrained_coverage,2,50,9,118d66c0e53f510c51ed,CC(=O)c1ccc2c(c1)Cc1ccccc1-2
525,pretrained_coverage,2,50,10,bacef06b4d4d7374a4e4,COCCOC(=O)CC(C)=O
525,pretrained_coverage,3,60,1,f1afcbd393ce4f5a6316,COc1ccc(CO)cc1
525,pretrained_coverage,3,60,2,8837a8a19c37b63d2e48,O=Cc1ccc(-c2ccccc2)cc1
525,pretrained_coverage,3,60,3,546046afb5114d631360,CC(=O)c1ccc2c(c1)Cc1ccccc1-2
525,pretrained_coverage,3,60,4,848f6c84b4d5fc44c3c2,N#Cc1ccccc1Br
525,pretrained_coverage,3,60,5,7e19b816ecd8282ce2a1,O=Cc1cc(Br)ccc1O
525,pretrained_coverage,3,60,6,f191e08b3e95928a5423,CC(=O)c1ccc2c(c1)OCO2
525,pretrained_coverage,3,60,7,454c1ea3beebbec4befe,COc1ccc(C=O)cc1
525,pretrained_coverage,3,60,8,b0cadf050313e9a3a162,O=Cc1ccc(-c2ccccc2)cc1
525,pretrained_coverage,3,60,9,74706f7e5d10b9245796,CCOC(=O)Cc1ccccc1
525,pretrained_coverage,3,60,10,9e93bad2014e7ab1a680,COc1ccc(CCO)cc1
525,pretrained_coverage,4,70,1,80e66bd0e8e9450537bb,COCCCCC(=O)c1ccc(C(F)(F)F)cc1
525,pretrained_coverage,4,70,2,826e9f40c328ce2478ec,COc1ccc(C)cc1OC
525,pretrained_coverage,4,70,3,f248b9b89d62a22b03c3,CCOC(=O)/C=C(/C)N
525,pretrained_coverage,4,70,4,74097878150c8a5a8d79,COCCOC(=O)CC(C)=O
525,pretrained_coverage,4,70,5,4e6d2ab0e823ac1d4b58,CC(=O)CC(=O)OC(C)(C)C
525,pretrained_coverage,4,70,6,a67016d937c499be9d64,CC(C)=CCBr
525,pretrained_coverage,4,70,7,dd7fdbe3fa3800e6499f,FC(F)(F)c1cc(Br)cc(C(F)(F)F)c1
525,pretrained_coverage,4,70,8,155ad3f702726e253c4d,O=CCCc1ccccc1
525,pretrained_coverage,4,70,9,9b28c23ad1d4dda9fe1a,CC(O)c1ccccc1
525,pretrained_coverage,4,70,10,c4412adf038c7f6ea3c2,O=C(c1ccccc1)c1cccc(C(=O)c2ccccc2)c1
525,pretrained_coverage,5,80,1,a2eeeea4e6525c9d22d4,COc1ccc(OC)c(Br)c1
525,pretrained_coverage,5,80,2,06c29062334b43b0d12f,COCCCCC(=O)c1ccc(C(F)(F)F)cc1
525,pretrained_coverage,5,80,3,82fa7e7b3bd183853280,CCOC(=O)c1cccnc1
525,pretrained_coverage,5,80,4,be7d68067464e72d0b8d,COC(=O)CS
525,pretrained_coverage,5,80,5,e375bb01e53e46f8faee,O=C1CCCc2ccccc21
525,pretrained_coverage,5,80,6,ec581cec37da9563e756,COc1ccc(CO)cc1
525,pretrained_coverage,5,80,7,0ffc20c3f979502b8a09,O=C(CCCCl)c1ccc(F)cc1
525,pretrained_coverage,5,80,8,f38afd5febe30c01c852,CC1CCC(=O)c2ccccc21
525,pretrained_coverage,5,80,9,a9656ffd805f80fcf143,C=CC(=O)OCCCCCCCCCCCC
525,pretrained_coverage,5,80,10,99dd4a9a47de5c84b7c0,O=Cc1ccc(Br)cc1O
525,pretrained_coverage,6,90,1,65bfb38b53dd53bc4f4c,O=Cc1cc(Br)ccc1O
525,pretrained_coverage,6,90,2,86f385aa0925171d22cc,CCOC(=O)CC(C)=O
525,pretrained_coverage,6,90,3,2a9d111386ac232bbf79,CC(=O)c1ccc(C)cc1
525,pretrained_coverage,6,90,4,5ac5df671efee45d3ddf,BrC(=C(c1ccccc1)c1ccccc1)c1ccccc1
525,pretrained_coverage,6,90,5,96ccc1b8240fc2e9c1f3,COC(=O)c1ccccc1N
525,pretrained_coverage,6,90,6,1619a0c8b233772ba0c0,C=CC(=O)O[C@@H]1C[C@H]2CC[C@]1(C)C2(C)C
525,pretrained_coverage,6,90,7,759d5133ee82740013bf,CCOC(=O)/C=C(/C)N
525,pretrained_coverage,6,90,8,c09fbafa246c8d17b677,CC1CCC(=O)c2ccccc21
525,pretrained_coverage,6,90,9,2c51476c6fa3121c5dfc,O=Cc1ccc2ccccc2c1Br
525,pretrained_coverage,6,90,10,3545611fd9950a160288,C/C(=N\O)c1ccccc1
525,pretrained_coverage,7,100,1,1bbec08f4838f06da0fb,CCOC(=O)C(Cc1ccccc1)C(C)=O
525,pretrained_coverage,7,100,2,a9bfabe931467745353e,COC(=O)CS
525,pretrained_coverage,7,100,3,6de4f7fd8ac19d183348,C=CC(=O)O[C@@H]1C[C@H]2CC[C@]1(C)C2(C)C
525,pretrained_coverage,7,100,4,0a1949b42050f41b0db4,CC(=O)c1ccc(C)cc1C
525,pretrained_coverage,7,100,5,1c04f02c0ea8c00b358d,OCc1cccc(Br)c1
525,pretrained_coverage,7,100,6,fb1fdaa4bc60434648f7,O=Cc1ccc2ccccc2c1Br
525,pretrained_coverage,7,100,7,98a1ca00445d60f415d4,O=Cc1ccc(Br)cc1O
525,pretrained_coverage,7,100,8,68feec66f657364ebeaa,COC(=O)c1ccccc1N
525,pretrained_coverage,7,100,9,1e0e33b1a77df72f4dd8,OCc1cccc(Br)c1
525,pretrained_coverage,7,100,10,4c6a8ef1c87748df99f2,CCC(=O)c1cccnc1
525,pretrained_ensemble,1,40,1,47404d0982a587f0393e,COCCOC(=O)CC(C)=O
525,pretrained_ensemble,1,40,2,ef8527c6b63d54b73966,CCOC(=O)CC(C)=O
525,pretrained_ensemble,1,40,3,f95928e2618ed15e654f,COc1ccc(C=O)cc1
525,pretrained_ensemble,1,40,4,f5634113e0822bda1c03,CC(=O)c1ccc2c(c1)OCO2
525,pretrained_ensemble,1,40,5,3d5dc8831f4c74f7b7d1,COc1ccc(CCO)cc1
525,pretrained_ensemble,1,40,6,f3b80f5fe97d26fd8383,O=C(/C=C/c1ccccc1)/C=C/c1ccccc1
525,pretrained_ensemble,1,40,7,dc9f747c03c55d77bf72,BrC(=C(c1ccccc1)c1ccccc1)c1ccccc1
525,pretrained_ensemble,1,40,8,0f05b5ba6eb528d54b4b,O=C(c1ccccc1)c1cccc(C(=O)c2ccccc2)c1
525,pretrained_ensemble,1,40,9,dd7fdbe3fa3800e6499f,FC(F)(F)c1cc(Br)cc(C(F)(F)F)c1
525,pretrained_ensemble,1,40,10,02c141e2551937d10f4e,COC(=O)C#CC(=O)OC
525,pretrained_ensemble,2,50,1,28c4b7ec4bf7f486b68c,CCOC(=O)C(Br)C(=O)OCC
525,pretrained_ensemble,2,50,2,3545611fd9950a160288,C/C(=N\O)c1ccccc1
525,pretrained_ensemble,2,50,3,826e9f40c328ce2478ec,COc1ccc(C)cc1OC
525,pretrained_ensemble,2,50,4,8837a8a19c37b63d2e48,O=Cc1ccc(-c2ccccc2)cc1
525,pretrained_ensemble,2,50,5,b07e3b186c5f9a698624,CCOC(=O)C(Br)C(=O)OCC
525,pretrained_ensemble,2,50,6,bc8e1d805b36b63cbfbe,CC(=O)c1ccc(Br)cc1
525,pretrained_ensemble,2,50,7,99dd4a9a47de5c84b7c0,O=Cc1ccc(Br)cc1O
525,pretrained_ensemble,2,50,8,07e9bc7a9d27fdd58c2f,O=C(c1ccccc1)c1cccc(C(=O)c2ccccc2)c1
525,pretrained_ensemble,2,50,9,27b234a05f8c66fd059f,O=Cc1cc(Br)ccc1O
525,pretrained_ensemble,2,50,10,53d046afde1259a727f9,CCOC(=O)CC(=O)c1ccccc1
525,pretrained_ensemble,3,60,1,80e66bd0e8e9450537bb,COCCCCC(=O)c1ccc(C(F)(F)F)cc1
525,pretrained_ensemble,3,60,2,06c29062334b43b0d12f,COCCCCC(=O)c1ccc(C(F)(F)F)cc1
525,pretrained_ensemble,3,60,3,bd0519702a5756bc3c94,CCOC(=O)C(Cc1ccccc1)C(C)=O
525,pretrained_ensemble,3,60,4,7e451fd74af5bfa51ac9,O=C(c1ccccc1)c1cccc(C(=O)c2ccccc2)c1
525,pretrained_ensemble,3,60,5,d31d42caff135d7154c4,CCOC(=O)/C=C(/C)N
525,pretrained_ensemble,3,60,6,1bbec08f4838f06da0fb,CCOC(=O)C(Cc1ccccc1)C(C)=O
525,pretrained_ensemble,3,60,7,0ffc20c3f979502b8a09,O=C(CCCCl)c1ccc(F)cc1
525,pretrained_ensemble,3,60,8,2a9d111386ac232bbf79,CC(=O)c1ccc(C)cc1
525,pretrained_ensemble,3,60,9,9c357cc9e9b8199eb1e0,O=C(Cc1ccccc1F)C1CC1
525,pretrained_ensemble,3,60,10,a9bfabe931467745353e,COC(=O)CS
525,pretrained_ensemble,4,70,1,38f57a9d08efd5f070d0,C=CC(=O)OCCCCCCCCCCCC
525,pretrained_ensemble,4,70,2,f1afcbd393ce4f5a6316,COc1ccc(CO)cc1
525,pretrained_ensemble,4,70,3,182fc7fe888dbb9535bb,O=C(c1ccccc1)c1cccc(C(=O)c2ccccc2)c1
525,pretrained_ensemble,4,70,4,e375bb01e53e46f8faee,O=C1CCCc2ccccc21
525,pretrained_ensemble,4,70,5,a2eeeea4e6525c9d22d4,COc1ccc(OC)c(Br)c1
525,pretrained_ensemble,4,70,6,6da48b9dd6e1ed7e26fd,COc1ccc(OC)c(Br)c1
525,pretrained_ensemble,4,70,7,b8018c4bdaadd42a057a,COc1cc(Br)cc(OC)c1
525,pretrained_ensemble,4,70,8,d7c72c92165e2c129547,O=C1CCCc2ccccc21
525,pretrained_ensemble,4,70,9,1b7e334ea83516d08ff5,COc1cc(Br)cc(OC)c1
525,pretrained_ensemble,4,70,10,be7d68067464e72d0b8d,COC(=O)CS
525,pretrained_ensemble,5,80,1,4c6a8ef1c87748df99f2,CCC(=O)c1cccnc1
525,pretrained_ensemble,5,80,2,e3c9408f01aa7642870f,O=CCCc1ccccc1
525,pretrained_ensemble,5,80,3,d71aab82a8179d05294a,CC(=O)CC(=O)c1ccccc1
525,pretrained_ensemble,5,80,4,d60e09bca01342c7cfa6,O=Cc1ccc(Br)cc1O
525,pretrained_ensemble,5,80,5,3b03dfa8ff44ff554734,O=Cc1cc(Br)ccc1O
525,pretrained_ensemble,5,80,6,7a0a82051f50d5b0c89c,OCCCc1ccccc1
525,pretrained_ensemble,5,80,7,2690de155843f45b00a3,COC(=O)C#CC(=O)OC
525,pretrained_ensemble,5,80,8,c09fbafa246c8d17b677,CC1CCC(=O)c2ccccc21
525,pretrained_ensemble,5,80,9,dd29d0f859e11f70f4ec,COc1ccc(C)cc1OC
525,pretrained_ensemble,5,80,10,74706f7e5d10b9245796,CCOC(=O)Cc1ccccc1
525,pretrained_ensemble,6,90,1,7396668aaa8d372aa464,CC(=O)c1ccc2c(c1)OCO2
525,pretrained_ensemble,6,90,2,98a1ca00445d60f415d4,O=Cc1ccc(Br)cc1O
525,pretrained_ensemble,6,90,3,82fa7e7b3bd183853280,CCOC(=O)c1cccnc1
525,pretrained_ensemble,6,90,4,b983d4c3094d909b570e,C=CC(=O)OCCOc1ccccc1
525,pretrained_ensemble,6,90,5,b4899d5d03e44fbf885c,CC(=O)c1ccccc1C
525,pretrained_ensemble,6,90,6,2964279ae2fd8a820ae1,CC(C)(C)c1cc(C=O)cc(C(C)(C)C)c1
525,pretrained_ensemble,6,90,7,ad45b4b8aaed2c2b0b33,O=Cc1ccc2c(c1)CCO2
525,pretrained_ensemble,6,90,8,147b560e4c606680c7b2,CC(=O)c1ccc2c(c1)OCO2
525,pretrained_ensemble,6,90,9,c2bd8e8f13a96726e7fc,COc1ccc(CO)cc1
525,pretrained_ensemble,6,90,10,a542d702abb1fa77a6fc,CC(=O)c1ccccc1
525,pretrained_ensemble,7,100,1,5eb80e21463443b22d14,CCOC(=O)c1ccccc1
525,pretrained_ensemble,7,100,2,0f3bd8418ab9ba9d1ed2,O=Cc1ccc(Cl)cc1Br
525,pretrained_ensemble,7,100,3,13b0b7952199157a8399,CCOC(=O)/C=C(/C)N
525,pretrained_ensemble,7,100,4,e66b24ec1e4dfa9a9a57,CCOC(=O)/C=C(/C)N
525,pretrained_ensemble,7,100,5,bb61793cbbbe2bfa4e12,O=C(/C=C/c1ccccc1)/C=C/c1ccccc1
525,pretrained_ensemble,7,100,6,bcf8bb13e4fca185fe68,FC(F)(F)c1cc(Br)cc(C(F)(F)F)c1
525,pretrained_ensemble,7,100,7,d532e4ccbab971232d40,COc1ccccc1
525,pretrained_ensemble,7,100,8,8063e3de9de70b75def1,C=CC(=O)OC1CCCCC1
525,pretrained_ensemble,7,100,9,848f6c84b4d5fc44c3c2,N#Cc1ccccc1Br
525,pretrained_ensemble,7,100,10,b566ed83f272904657ba,O=C(/C=C/c1ccccc1)c1ccccc1
525,pretrained_hybrid,1,40,1,dc9f747c03c55d77bf72,BrC(=C(c1ccccc1)c1ccccc1)c1ccccc1
525,pretrained_hybrid,1,40,2,07e9bc7a9d27fdd58c2f,O=C(c1ccccc1)c1cccc(C(=O)c2ccccc2)c1
525,pretrained_hybrid,1,40,3,cd998cddd3dcb4fc8c92,O=C(Cc1ccccc1)c1ccccc1
525,pretrained_hybrid,1,40,4,f95928e2618ed15e654f,COc1ccc(C=O)cc1
525,pretrained_hybrid,1,40,5,d31d42caff135d7154c4,CCOC(=O)/C=C(/C)N
525,pretrained_hybrid,1,40,6,47404d0982a587f0393e,COCCOC(=O)CC(C)=O
525,pretrained_hybrid,1,40,7,7e451fd74af5bfa51ac9,O=C(c1ccccc1)c1cccc(C(=O)c2ccccc2)c1
525,pretrained_hybrid,1,40,8,0b9968c1280b5e4f726a,C=CC(=O)O[C@@H]1C[C@H]2CC[C@]1(C)C2(C)C
525,pretrained_hybrid,1,40,9,28c4b7ec4bf7f486b68c,CCOC(=O)C(Br)C(=O)OCC
525,pretrained_hybrid,1,40,10,f6e991e3dc3a3d3c5d89,COc1ccc(CCO)cc1
525,pretrained_hybrid,2,50,1,bd0519702a5756bc3c94,CCOC(=O)C(Cc1ccccc1)C(C)=O
525,pretrained_hybrid,2,50,2,454c1ea3beebbec4befe,COc1ccc(C=O)cc1
525,pretrained_hybrid,2,50,3,3d5dc8831f4c74f7b7d1,COc1ccc(CCO)cc1
525,pretrained_hybrid,2,50,4,f5634113e0822bda1c03,CC(=O)c1ccc2c(c1)OCO2
525,pretrained_hybrid,2,50,5,e375bb01e53e46f8faee,O=C1CCCc2ccccc21
525,pretrained_hybrid,2,50,6,86f385aa0925171d22cc,CCOC(=O)CC(C)=O
525,pretrained_hybrid,2,50,7,27b234a05f8c66fd059f,O=Cc1cc(Br)ccc1O
525,pretrained_hybrid,2,50,8,826e9f40c328ce2478ec,COc1ccc(C)cc1OC
525,pretrained_hybrid,2,50,9,bacef06b4d4d7374a4e4,COCCOC(=O)CC(C)=O
525,pretrained_hybrid,2,50,10,be7d68067464e72d0b8d,COC(=O)CS
525,pretrained_hybrid,3,60,1,7e19b816ecd8282ce2a1,O=Cc1cc(Br)ccc1O
525,pretrained_hybrid,3,60,2,f1afcbd393ce4f5a6316,COc1ccc(CO)cc1
525,pretrained_hybrid,3,60,3,546046afb5114d631360,CC(=O)c1ccc2c(c1)Cc1ccccc1-2
525,pretrained_hybrid,3,60,4,74097878150c8a5a8d79,COCCOC(=O)CC(C)=O
525,pretrained_hybrid,3,60,5,dd7fdbe3fa3800e6499f,FC(F)(F)c1cc(Br)cc(C(F)(F)F)c1
525,pretrained_hybrid,3,60,6,80e66bd0e8e9450537bb,COCCCCC(=O)c1ccc(C(F)(F)F)cc1
525,pretrained_hybrid,3,60,7,dd29d0f859e11f70f4ec,COc1ccc(C)cc1OC
525,pretrained_hybrid,3,60,8,98a1ca00445d60f415d4,O=Cc1ccc(Br)cc1O
525,pretrained_hybrid,3,60,9,99dd4a9a47de5c84b7c0,O=Cc1ccc(Br)cc1O
525,pretrained_hybrid,3,60,10,06c29062334b43b0d12f,COCCCCC(=O)c1ccc(C(F)(F)F)cc1
525,pretrained_hybrid,4,70,1,f191e08b3e95928a5423,CC(=O)c1ccc2c(c1)OCO2
525,pretrained_hybrid,4,70,2,9b28c23ad1d4dda9fe1a,CC(O)c1ccccc1
525,pretrained_hybrid,4,70,3,8837a8a19c37b63d2e48,O=Cc1ccc(-c2ccccc2)cc1
525,pretrained_hybrid,4,70,4,5eb80e21463443b22d14,CCOC(=O)c1ccccc1
525,pretrained_hybrid,4,70,5,cc31b914acbab022eb9a,COC(=O)C(C)(C)Br
525,pretrained_hybrid,4,70,6,c2bd8e8f13a96726e7fc,COc1ccc(CO)cc1
525,pretrained_hybrid,4,70,7,74706f7e5d10b9245796,CCOC(=O)Cc1ccccc1
525,pretrained_hybrid,4,70,8,a9bfabe931467745353e,COC(=O)CS
525,pretrained_hybrid,4,70,9,f66e095007d9d0923ce2,COC(=O)c1ccccc1N
525,pretrained_hybrid,4,70,10,82fa7e7b3bd183853280,CCOC(=O)c1cccnc1
525,pretrained_hybrid,5,80,1,3b03dfa8ff44ff554734,O=Cc1cc(Br)ccc1O
525,pretrained_hybrid,5,80,2,118d66c0e53f510c51ed,CC(=O)c1ccc2c(c1)Cc1ccccc1-2
525,pretrained_hybrid,5,80,3,6de4f7fd8ac19d183348,C=CC(=O)O[C@@H]1C[C@H]2CC[C@]1(C)C2(C)C
525,pretrained_hybrid,5,80,4,bc8e1d805b36b63cbfbe,CC(=O)c1ccc(Br)cc1
525,pretrained_hybrid,5,80,5,13b0b7952199157a8399,CCOC(=O)/C=C(/C)N
525,pretrained_hybrid,5,80,6,155ad3f702726e253c4d,O=CCCc1ccccc1
525,pretrained_hybrid,5,80,7,5ac5df671efee45d3ddf,BrC(=C(c1ccccc1)c1ccccc1)c1ccccc1
525,pretrained_hybrid,5,80,8,d29c00125d1c5dc55586,BrC(=C(c1ccccc1)c1ccccc1)c1ccccc1
525,pretrained_hybrid,5,80,9,1254297404cc9db52ee2,CC(=O)c1ccc(Br)cc1
525,pretrained_hybrid,5,80,10,f38afd5febe30c01c852,CC1CCC(=O)c2ccccc21
525,pretrained_hybrid,6,90,1,b983d4c3094d909b570e,C=CC(=O)OCCOc1ccccc1
525,pretrained_hybrid,6,90,2,182fc7fe888dbb9535bb,O=C(c1ccccc1)c1cccc(C(=O)c2ccccc2)c1
525,pretrained_hybrid,6,90,3,4c6a8ef1c87748df99f2,CCC(=O)c1cccnc1
525,pretrained_hybrid,6,90,4,a2eeeea4e6525c9d22d4,COc1ccc(OC)c(Br)c1
525,pretrained_hybrid,6,90,5,02c141e2551937d10f4e,COC(=O)C#CC(=O)OC
525,pretrained_hybrid,6,90,6,848f6c84b4d5fc44c3c2,N#Cc1ccccc1Br
525,pretrained_hybrid,6,90,7,c09fbafa246c8d17b677,CC1CCC(=O)c2ccccc21
525,pretrained_hybrid,6,90,8,b6f53d16978daf702470,C=CC(=O)OCCOc1ccccc1
525,pretrained_hybrid,6,90,9,7a0a82051f50d5b0c89c,OCCCc1ccccc1
525,pretrained_hybrid,6,90,10,0f3bd8418ab9ba9d1ed2,O=Cc1ccc(Cl)cc1Br
525,pretrained_hybrid,7,100,1,4365d2fb106c18823aac,CCC(=O)c1cccnc1
525,pretrained_hybrid,7,100,2,e79c5aedcfa41a5f23c9,O=Cc1cc(Br)ccc1O
525,pretrained_hybrid,7,100,3,1619a0c8b233772ba0c0,C=CC(=O)O[C@@H]1C[C@H]2CC[C@]1(C)C2(C)C
525,pretrained_hybrid,7,100,4,0ffc20c3f979502b8a09,O=C(CCCCl)c1ccc(F)cc1
525,pretrained_hybrid,7,100,5,bcf8bb13e4fca185fe68,FC(F)(F)c1cc(Br)cc(C(F)(F)F)c1
525,pretrained_hybrid,7,100,6,3545611fd9950a160288,C/C(=N\O)c1ccccc1
525,pretrained_hybrid,7,100,7,1bd5bb3744b78ada7307,FC(F)(F)c1cc(Br)cc(C(F)(F)F)c1
525,pretrained_hybrid,7,100,8,2964279ae2fd8a820ae1,CC(C)(C)c1cc(C=O)cc(C(C)(C)C)c1
525,pretrained_hybrid,7,100,9,0a1949b42050f41b0db4,CC(=O)c1ccc(C)cc1C
525,pretrained_hybrid,7,100,10,82b6a0a8f122317d79d4,CC(O)c1ccccc1
525,pretrained_quantile_width,1,40,1,d31d42caff135d7154c4,CCOC(=O)/C=C(/C)N
525,pretrained_quantile_width,1,40,2,bd0519702a5756bc3c94,CCOC(=O)C(Cc1ccccc1)C(C)=O
525,pretrained_quantile_width,1,40,3,47404d0982a587f0393e,COCCOC(=O)CC(C)=O
525,pretrained_quantile_width,1,40,4,3d5dc8831f4c74f7b7d1,COc1ccc(CCO)cc1
525,pretrained_quantile_width,1,40,5,4e6d2ab0e823ac1d4b58,CC(=O)CC(=O)OC(C)(C)C
525,pretrained_quantile_width,1,40,6,86f385aa0925171d22cc,CCOC(=O)CC(C)=O
525,pretrained_quantile_width,1,40,7,07e9bc7a9d27fdd58c2f,O=C(c1ccccc1)c1cccc(C(=O)c2ccccc2)c1
525,pretrained_quantile_width,1,40,8,82fa7e7b3bd183853280,CCOC(=O)c1cccnc1
525,pretrained_quantile_width,1,40,9,f1afcbd393ce4f5a6316,COc1ccc(CO)cc1
525,pretrained_quantile_width,1,40,10,10d51839b15b94f0ae56,CCOC(=O)/C=C(/C)N
525,pretrained_quantile_width,2,50,1,74097878150c8a5a8d79,COCCOC(=O)CC(C)=O
525,pretrained_quantile_width,2,50,2,7a0a82051f50d5b0c89c,OCCCc1ccccc1
525,pretrained_quantile_width,2,50,3,28c4b7ec4bf7f486b68c,CCOC(=O)C(Br)C(=O)OCC
525,pretrained_quantile_width,2,50,4,9e93bad2014e7ab1a680,COc1ccc(CCO)cc1
525,pretrained_quantile_width,2,50,5,7e451fd74af5bfa51ac9,O=C(c1ccccc1)c1cccc(C(=O)c2ccccc2)c1
525,pretrained_quantile_width,2,50,6,3545611fd9950a160288,C/C(=N\O)c1ccccc1
525,pretrained_quantile_width,2,50,7,c2bd8e8f13a96726e7fc,COc1ccc(CO)cc1
525,pretrained_quantile_width,2,50,8,9b28c23ad1d4dda9fe1a,CC(O)c1ccccc1
525,pretrained_quantile_width,2,50,9,b07e3b186c5f9a698624,CCOC(=O)C(Br)C(=O)OCC
525,pretrained_quantile_width,2,50,10,80e66bd0e8e9450537bb,COCCCCC(=O)c1ccc(C(F)(F)F)cc1
525,pretrained_quantile_width,3,60,1,06c29062334b43b0d12f,COCCCCC(=O)c1ccc(C(F)(F)F)cc1
525,pretrained_quantile_width,3,60,2,1bbec08f4838f06da0fb,CCOC(=O)C(Cc1ccccc1)C(C)=O
525,pretrained_quantile_width,3,60,3,f95928e2618ed15e654f,COc1ccc(C=O)cc1
525,pretrained_quantile_width,3,60,4,265addbdd355a85c628d,CCOC(=O)C(Br)C(=O)OCC
525,pretrained_quantile_width,3,60,5,826e9f40c328ce2478ec,COc1ccc(C)cc1OC
525,pretrained_quantile_width,3,60,6,b6f53d16978daf702470,C=CC(=O)OCCOc1ccccc1
525,pretrained_quantile_width,3,60,7,b5080cde4f493a415fc5,CCOC(=O)C(Cc1ccccc1)C(C)=O
525,pretrained_quantile_width,3,60,8,0f05b5ba6eb528d54b4b,O=C(c1ccccc1)c1cccc(C(=O)c2ccccc2)c1
525,pretrained_quantile_width,3,60,9,155ad3f702726e253c4d,O=CCCc1ccccc1
525,pretrained_quantile_width,3,60,10,f5634113e0822bda1c03,CC(=O)c1ccc2c(c1)OCO2
525,pretrained_quantile_width,4,70,1,f191e08b3e95928a5423,CC(=O)c1ccc2c(c1)OCO2
525,pretrained_quantile_width,4,70,2,454c1ea3beebbec4befe,COc1ccc(C=O)cc1
525,pretrained_quantile_width,4,70,3,e375bb01e53e46f8faee,O=C1CCCc2ccccc21
525,pretrained_quantile_width,4,70,4,ef8527c6b63d54b73966,CCOC(=O)CC(C)=O
525,pretrained_quantile_width,4,70,5,a542d702abb1fa77a6fc,CC(=O)c1ccccc1
525,pretrained_quantile_width,4,70,6,a2eeeea4e6525c9d22d4,COc1ccc(OC)c(Br)c1
525,pretrained_quantile_width,4,70,7,dd29d0f859e11f70f4ec,COc1ccc(C)cc1OC
525,pretrained_quantile_width,4,70,8,bc8e1d805b36b63cbfbe,CC(=O)c1ccc(Br)cc1
525,pretrained_quantile_width,4,70,9,8837a8a19c37b63d2e48,O=Cc1ccc(-c2ccccc2)cc1
525,pretrained_quantile_width,4,70,10,1c04f02c0ea8c00b358d,OCc1cccc(Br)c1
525,pretrained_quantile_width,5,80,1,7d3c6ef279245ca08a2f,CCOC(=O)/C=C(/C)N
525,pretrained_quantile_width,5,80,2,f248b9b89d62a22b03c3,CCOC(=O)/C=C(/C)N
525,pretrained_quantile_width,5,80,3,0ffc20c3f979502b8a09,O=C(CCCCl)c1ccc(F)cc1
525,pretrained_quantile_width,5,80,4,d078d930aa37448ec4aa,O=C(/C=C/c1ccccc1)/C=C/c1ccccc1
525,pretrained_quantile_width,5,80,5,2a9d111386ac232bbf79,CC(=O)c1ccc(C)cc1
525,pretrained_quantile_width,5,80,6,99dd4a9a47de5c84b7c0,O=Cc1ccc(Br)cc1O
525,pretrained_quantile_width,5,80,7,bb61793cbbbe2bfa4e12,O=C(/C=C/c1ccccc1)/C=C/c1ccccc1
525,pretrained_quantile_width,5,80,8,5ac5df671efee45d3ddf,BrC(=C(c1ccccc1)c1ccccc1)c1ccccc1
525,pretrained_quantile_width,5,80,9,509e53644c411798f5b0,BrC(=C(c1ccccc1)c1ccccc1)c1ccccc1
525,pretrained_quantile_width,5,80,10,d29c00125d1c5dc55586,BrC(=C(c1ccccc1)c1ccccc1)c1ccccc1
525,pretrained_quantile_width,6,90,1,27b234a05f8c66fd059f,O=Cc1cc(Br)ccc1O
525,pretrained_quantile_width,6,90,2,0a1949b42050f41b0db4,CC(=O)c1ccc(C)cc1C
525,pretrained_quantile_width,6,90,3,4c6a8ef1c87748df99f2,CCC(=O)c1cccnc1
525,pretrained_quantile_width,6,90,4,6278b7d64a22dbe3844e,CCOC(=O)/C=C/c1ccccc1
525,pretrained_quantile_width,6,90,5,a75e421e756083edea35,CCOC(=O)/C=C/c1ccccc1
525,pretrained_quantile_width,6,90,6,4ce730c9ad4e20a0386e,CC(=O)c1c(C)cc(C)cc1C
525,pretrained_quantile_width,6,90,7,b4899d5d03e44fbf885c,CC(=O)c1ccccc1C
525,pretrained_quantile_width,6,90,8,35eae227e68fe7434e68,CC(O)c1ccccc1
525,pretrained_quantile_width,6,90,9,c2be1e8f7c2c080f49f5,O=C(/C=C/c1ccccc1)c1ccccc1
525,pretrained_quantile_width,6,90,10,226ebdbf914ce9333de8,O=Cc1ccc(Br)cc1O
525,pretrained_quantile_width,7,100,1,f38afd5febe30c01c852,CC1CCC(=O)c2ccccc21
525,pretrained_quantile_width,7,100,2,be7d68067464e72d0b8d,COC(=O)CS
525,pretrained_quantile_width,7,100,3,1254297404cc9db52ee2,CC(=O)c1ccc(Br)cc1
525,pretrained_quantile_width,7,100,4,4365d2fb106c18823aac,CCC(=O)c1cccnc1
525,pretrained_quantile_width,7,100,5,9c357cc9e9b8199eb1e0,O=C(Cc1ccccc1F)C1CC1
525,pretrained_quantile_width,7,100,6,848f6c84b4d5fc44c3c2,N#Cc1ccccc1Br
525,pretrained_quantile_width,7,100,7,98a1ca00445d60f415d4,O=Cc1ccc(Br)cc1O
525,pretrained_quantile_width,7,100,8,194278dd9ee3d2407ed5,C=CC(=O)OCc1ccccc1
525,pretrained_quantile_width,7,100,9,ddecd252bb1099fb20f7,O=Cc1ccc(Br)cc1O
525,pretrained_quantile_width,7,100,10,b71b23379d73c3637a76,CC(=O)c1ccc(C)cc1
1101,pretrained_random,1,40,1,dd29d0f859e11f70f4ec,COc1ccc(C)cc1OC
1101,pretrained_random,1,40,2,ec581cec37da9563e756,COc1ccc(CO)cc1
1101,pretrained_random,1,40,3,b95bbdf393e00f41a6df,CC(C)COC(=O)c1ccccc1
1101,pretrained_random,1,40,4,404dc3e2801a9a9d52aa,CCOC(=O)/C=C/c1ccccc1
1101,pretrained_random,1,40,5,d9d3d24a75ff511e108a,COC(=O)c1ccc(C(C)(C)C)cc1
1101,pretrained_random,1,40,6,851993fe56d61c8bf074,CC(=O)CC(=O)OC(C)(C)C
1101,pretrained_random,1,40,7,dd7fdbe3fa3800e6499f,FC(F)(F)c1cc(Br)cc(C(F)(F)F)c1
1101,pretrained_random,1,40,8,b71b23379d73c3637a76,CC(=O)c1ccc(C)cc1
1101,pretrained_random,1,40,9,d67e364fd6830aa2bf6f,C=CC(=O)OCC(CC)CCCC
1101,pretrained_random,1,40,10,bbabdb9085edbb8c178b,CC(C)(CCl)c1ccccc1
1101,pretrained_random,2,50,1,265addbdd355a85c628d,CCOC(=O)C(Br)C(=O)OCC
1101,pretrained_random,2,50,2,509e53644c411798f5b0,BrC(=C(c1ccccc1)c1ccccc1)c1ccccc1
1101,pretrained_random,2,50,3,934f00061cc32bab10e8,C=CC(=O)OCCOc1ccccc1
1101,pretrained_random,2,50,4,f248b9b89d62a22b03c3,CCOC(=O)/C=C(/C)N
1101,pretrained_random,2,50,5,fc58ac30a03fcb0ec051,CCOC(=O)C(Br)C(=O)OCC
1101,pretrained_random,2,50,6,e375bb01e53e46f8faee,O=C1CCCc2ccccc21
1101,pretrained_random,2,50,7,ad45b4b8aaed2c2b0b33,O=Cc1ccc2c(c1)CCO2
1101,pretrained_random,2,50,8,8a9485661ac2c4576006,CCOC(=O)C(C)(C)Br
1101,pretrained_random,2,50,9,e399250d7156727de0fd,COC(=O)c1ccc(C(C)(C)C)cc1
1101,pretrained_random,2,50,10,bb159f5b8695e842d4ff,Cc1ccc(Cl)cc1Br
1101,pretrained_random,3,60,1,b393af61f6769ceccbc0,CC1CCC(=O)c2ccccc21
1101,pretrained_random,3,60,2,768064b2e2a953d147d0,COc1ccc(OC)c(Br)c1
1101,pretrained_random,3,60,3,df02863943321996441f,C=CC(=O)OCc1ccccc1
1101,pretrained_random,3,60,4,3a02b99399bb0c3e9ff9,COC(=O)C#CC(=O)OC
1101,pretrained_random,3,60,5,7dea14d96460814919d3,COc1ccc(C)cc1OC
1101,pretrained_random,3,60,6,bcf8bb13e4fca185fe68,FC(F)(F)c1cc(Br)cc(C(F)(F)F)c1
1101,pretrained_random,3,60,7,1e86d81fe1995d367fe1,CC(=O)c1ccccc1
1101,pretrained_random,3,60,8,ffa86b2ffa5ac89b0720,CC1CCC(=O)c2ccccc21
1101,pretrained_random,3,60,9,07e9bc7a9d27fdd58c2f,O=C(c1ccccc1)c1cccc(C(=O)c2ccccc2)c1
1101,pretrained_random,3,60,10,7b0fa77cbbcbd8e7c87a,CC(=O)c1c(C)cc(C)cc1C
1101,pretrained_random,4,70,1,3cdf1bcd3739e20f72d2,O=Cc1ccc(-c2ccccc2)cc1
1101,pretrained_random,4,70,2,118d66c0e53f510c51ed,CC(=O)c1ccc2c(c1)Cc1ccccc1-2
1101,pretrained_random,4,70,3,f1afcbd393ce4f5a6316,COc1ccc(CO)cc1
1101,pretrained_random,4,70,4,2beadb75e05408973f02,CCOC(=O)/C=C/c1ccccc1
1101,pretrained_random,4,70,5,9ed80c28328fabe87261,Cc1ccc(C(C)C)cc1
1101,pretrained_random,4,70,6,13bebd0b1ab22fc7e93b,Cc1ccc(Cl)cc1Br
1101,pretrained_random,4,70,7,029d48fc98a886c9fec4,CCOC(=O)CC(=O)c1ccccc1
1101,pretrained_random,4,70,8,6936556d392803de12ed,CC(=O)c1ccc(C)cc1
1101,pretrained_random,4,70,9,c514f60c28973fc116c5,CC(=O)c1c(C)cc(C)cc1C
1101,pretrained_random,4,70,10,6cec450baf7517436df6,CCOC(=O)/C=C/c1ccccc1
1101,pretrained_random,5,80,1,8ea9d90b217f4096f42f,Cc1ccc(C(C)C)cc1
1101,pretrained_random,5,80,2,5cbed870fef2de105046,Cc1ccc(C=O)c(C)c1
1101,pretrained_random,5,80,3,b473ef06a415d0f114b0,C=CC(=O)OCc1ccccc1
1101,pretrained_random,5,80,4,5d04f6757b59f5c356bb,COc1ccc(C=O)cc1
1101,pretrained_random,5,80,5,7c4153fe9561da818ae1,CC(=O)CCCCl
1101,pretrained_random,5,80,6,99398d649f02f80651f1,CCOC(=O)c1ccccc1
1101,pretrained_random,5,80,7,cc31b914acbab022eb9a,COC(=O)C(C)(C)Br
1101,pretrained_random,5,80,8,784ca4af1517dac8cd11,CC(=O)c1ccc(C)cc1C
1101,pretrained_random,5,80,9,c00e01085f35d19cd90f,CC(=O)c1ccccc1
1101,pretrained_random,5,80,10,2416be80d114ff60224d,O=Cc1ccc(Cl)cc1Br
1101,pretrained_random,6,90,1,71577790a52cb379d81f,CCC(=O)c1cccc(Br)c1
1101,pretrained_random,6,90,2,42f031acb8211bfbf67f,COc1ccccc1
1101,pretrained_random,6,90,3,ce70dba7026ce0b64f62,Cc1ccc(Cl)cc1Br
1101,pretrained_random,6,90,4,b7770c04c72527e1d9f6,COC(=O)c1ccc(C(C)(C)C)cc1
1101,pretrained_random,6,90,5,c359fd726e50e2123f43,CC(=O)c1ccc(C)cc1C
1101,pretrained_random,6,90,6,26aa0143305ac532a560,O=C(CCCCl)c1ccc(F)cc1
1101,pretrained_random,6,90,7,a340148c4096f80cc125,CC(=O)c1ccccc1C
1101,pretrained_random,6,90,8,77c599d272254892b6ec,CC1CCC(=O)c2ccccc21
1101,pretrained_random,6,90,9,18e8a9c1ea6aa15c0d01,O=C(Cc1ccccc1)c1ccccc1
1101,pretrained_random,6,90,10,fff65bc451d163b1b106,C=CC(=O)OCCCCCCCCCCCC
1101,pretrained_random,7,100,1,deac65153d9204a230ec,COc1cc(Br)cc(OC)c1
1101,pretrained_random,7,100,2,a9a623a9853c6b493ce4,CC(=O)c1ccc(C)cc1C
1101,pretrained_random,7,100,3,b3409bbbf3b06d73afca,CC(C)COC(=O)c1ccccc1
1101,pretrained_random,7,100,4,4f34bbce67c94a44318a,C=CC(=O)O[C@@H]1C[C@H]2CC[C@]1(C)C2(C)C
1101,pretrained_random,7,100,5,a289439d96e27bec7cbc,CCOC(=O)C(Cc1ccccc1)C(C)=O
1101,pretrained_random,7,100,6,2690de155843f45b00a3,COC(=O)C#CC(=O)OC
1101,pretrained_random,7,100,7,0a1949b42050f41b0db4,CC(=O)c1ccc(C)cc1C
1101,pretrained_random,7,100,8,b566ed83f272904657ba,O=C(/C=C/c1ccccc1)c1ccccc1
1101,pretrained_random,7,100,9,7e451fd74af5bfa51ac9,O=C(c1ccccc1)c1cccc(C(=O)c2ccccc2)c1
1101,pretrained_random,7,100,10,a2ecd7c05da585c2a35e,ClCCc1ccccc1
1101,pretrained_coverage,1,40,1,546046afb5114d631360,CC(=O)c1ccc2c(c1)Cc1ccccc1-2
1101,pretrained_coverage,1,40,2,23a832560d234735d954,O=Cc1ccc2ccccc2c1Br
1101,pretrained_coverage,1,40,3,f5634113e0822bda1c03,CC(=O)c1ccc2c(c1)OCO2
1101,pretrained_coverage,1,40,4,27b234a05f8c66fd059f,O=Cc1cc(Br)ccc1O
1101,pretrained_coverage,1,40,5,6624c43f78e6697c8ac9,O=C(c1ccccc1)c1ccc(Cl)cc1
1101,pretrained_coverage,1,40,6,ce61c0bd799e65402b75,CCCC(=O)c1ccc(-c2ccccc2)cc1
1101,pretrained_coverage,1,40,7,dc9f747c03c55d77bf72,BrC(=C(c1ccccc1)c1ccccc1)c1ccccc1
1101,pretrained_coverage,1,40,8,7ba2cf5e6ca289d9810f,CCOC(=O)c1cccnc1
1101,pretrained_coverage,1,40,9,07e9bc7a9d27fdd58c2f,O=C(c1ccccc1)c1cccc(C(=O)c2ccccc2)c1
1101,pretrained_coverage,1,40,10,d31d42caff135d7154c4,CCOC(=O)/C=C(/C)N
1101,pretrained_coverage,2,50,1,bd0519702a5756bc3c94,CCOC(=O)C(Cc1ccccc1)C(C)=O
1101,pretrained_coverage,2,50,2,7e451fd74af5bfa51ac9,O=C(c1ccccc1)c1cccc(C(=O)c2ccccc2)c1
1101,pretrained_coverage,2,50,3,3d5dc8831f4c74f7b7d1,COc1ccc(CCO)cc1
1101,pretrained_coverage,2,50,4,17bdb259a18419ca296f,O=C(/C=C/c1ccccc1)/C=C/c1ccccc1
1101,pretrained_coverage,2,50,5,8abf9c0719e2d67a22f9,O=C(c1ccccc1)c1cccc(C(=O)c2ccccc2)c1
1101,pretrained_coverage,2,50,6,f191e08b3e95928a5423,CC(=O)c1ccc2c(c1)OCO2
1101,pretrained_coverage,2,50,7,f95928e2618ed15e654f,COc1ccc(C=O)cc1
1101,pretrained_coverage,2,50,8,da10d2f67a989e8b16b5,C=CC(=O)OCCCCCCCCCCCC
1101,pretrained_coverage,2,50,9,bc582f1f4f4225f6d249,O=C(Cc1ccccc1)c1ccccc1
1101,pretrained_coverage,2,50,10,e375bb01e53e46f8faee,O=C1CCCc2ccccc21
1101,pretrained_coverage,3,60,1,3545611fd9950a160288,C/C(=N\O)c1ccccc1
1101,pretrained_coverage,3,60,2,454c1ea3beebbec4befe,COc1ccc(C=O)cc1
1101,pretrained_coverage,3,60,3,f1afcbd393ce4f5a6316,COc1ccc(CO)cc1
1101,pretrained_coverage,3,60,4,f248b9b89d62a22b03c3,CCOC(=O)/C=C(/C)N
1101,pretrained_coverage,3,60,5,b2b26956a788c2a8c7e9,O=C(/C=C/c1ccccc1)c1ccccc1
1101,pretrained_coverage,3,60,6,10d51839b15b94f0ae56,CCOC(=O)/C=C(/C)N
1101,pretrained_coverage,3,60,7,98a1ca00445d60f415d4,O=Cc1ccc(Br)cc1O
1101,pretrained_coverage,3,60,8,9e93bad2014e7ab1a680,COc1ccc(CCO)cc1
1101,pretrained_coverage,3,60,9,9563dde5c28fb62e4f7e,C=CC(=O)OCCOc1ccccc1
1101,pretrained_coverage,3,60,10,c9bf385316b464cd2e8d,CCOC(=O)/C=C(/C)N
1101,pretrained_coverage,4,70,1,fde2d968ab29d13d4f1d,O=C(/C=C/c1ccccc1)c1ccccc1
1101,pretrained_coverage,4,70,2,5a9449a7562d442b8669,O=Cc1ccc2ccccc2c1Br
1101,pretrained_coverage,4,70,3,d078d930aa37448ec4aa,O=C(/C=C/c1ccccc1)/C=C/c1ccccc1
1101,pretrained_coverage,4,70,4,47404d0982a587f0393e,COCCOC(=O)CC(C)=O
1101,pretrained_coverage,4,70,5,96ccc1b8240fc2e9c1f3,COC(=O)c1ccccc1N
1101,pretrained_coverage,4,70,6,bc8e1d805b36b63cbfbe,CC(=O)c1ccc(Br)cc1
1101,pretrained_coverage,4,70,7,167f49f748fa35bdb29e,O=Cc1cc(Br)ccc1O
1101,pretrained_coverage,4,70,8,1254297404cc9db52ee2,CC(=O)c1ccc(Br)cc1
1101,pretrained_coverage,4,70,9,826e9f40c328ce2478ec,COc1ccc(C)cc1OC
1101,pretrained_coverage,4,70,10,1e8c03a5d84f08329475,BrC(=C(c1ccccc1)c1ccccc1)c1ccccc1
1101,pretrained_coverage,5,80,1,74097878150c8a5a8d79,COCCOC(=O)CC(C)=O
1101,pretrained_coverage,5,80,2,26bb8ff67b7738527484,O=C(c1ccccc1)c1ccc(Cl)cc1
1101,pretrained_coverage,5,80,3,bacef06b4d4d7374a4e4,COCCOC(=O)CC(C)=O
1101,pretrained_coverage,5,80,4,86f385aa0925171d22cc,CCOC(=O)CC(C)=O
1101,pretrained_coverage,5,80,5,d59d233a1606de5b6deb,CC(C)(O)CCc1ccccc1
1101,pretrained_coverage,5,80,6,9b28c23ad1d4dda9fe1a,CC(O)c1ccccc1
1101,pretrained_coverage,5,80,7,5179c3962ada5450dde7,O=Cc1ccc2c(c1)CCO2
1101,pretrained_coverage,5,80,8,f7b1b9737459397f9ace,COC(=O)c1ccccc1N
1101,pretrained_coverage,5,80,9,d60e09bca01342c7cfa6,O=Cc1ccc(Br)cc1O
1101,pretrained_coverage,5,80,10,b07e3b186c5f9a698624,CCOC(=O)C(Br)C(=O)OCC
1101,pretrained_coverage,6,90,1,38aa81d53a6b39e9d8ef,CC(=O)c1ccc2c(c1)Cc1ccccc1-2
1101,pretrained_coverage,6,90,2,80e66bd0e8e9450537bb,COCCCCC(=O)c1ccc(C(F)(F)F)cc1
1101,pretrained_coverage,6,90,3,7a0a82051f50d5b0c89c,OCCCc1ccccc1
1101,pretrained_coverage,6,90,4,e66b24ec1e4dfa9a9a57,CCOC(=O)/C=C(/C)N
1101,pretrained_coverage,6,90,5,0b9968c1280b5e4f726a,C=CC(=O)O[C@@H]1C[C@H]2CC[C@]1(C)C2(C)C
1101,pretrained_coverage,6,90,6,7396668aaa8d372aa464,CC(=O)c1ccc2c(c1)OCO2
1101,pretrained_coverage,6,90,7,adc9f476f8b5d66fa85d,COc1cc(F)cc(Br)c1
1101,pretrained_coverage,6,90,8,65bfb38b53dd53bc4f4c,O=Cc1cc(Br)ccc1O
1101,pretrained_coverage,6,90,9,f38afd5febe30c01c852,CC1CCC(=O)c2ccccc21
1101,pretrained_coverage,6,90,10,194278dd9ee3d2407ed5,C=CC(=O)OCc1ccccc1
1101,pretrained_coverage,7,100,1,06c29062334b43b0d12f,COCCCCC(=O)c1ccc(C(F)(F)F)cc1
1101,pretrained_coverage,7,100,2,6de4f7fd8ac19d183348,C=CC(=O)O[C@@H]1C[C@H]2CC[C@]1(C)C2(C)C
1101,pretrained_coverage,7,100,3,3c892a45de6ec4625f37,CCCC(=O)c1ccc(-c2ccccc2)cc1
1101,pretrained_coverage,7,100,4,2964279ae2fd8a820ae1,CC(C)(C)c1cc(C=O)cc(C(C)(C)C)c1
1101,pretrained_coverage,7,100,5,155ad3f702726e253c4d,O=CCCc1ccccc1
1101,pretrained_coverage,7,100,6,c4412adf038c7f6ea3c2,O=C(c1ccccc1)c1cccc(C(=O)c2ccccc2)c1
1101,pretrained_coverage,7,100,7,711f210d4869259d0651,O=C(c1ccccc1)c1ccc(Cl)cc1
1101,pretrained_coverage,7,100,8,848f6c84b4d5fc44c3c2,N#Cc1ccccc1Br
1101,pretrained_coverage,7,100,9,2a9d111386ac232bbf79,CC(=O)c1ccc(C)cc1
1101,pretrained_coverage,7,100,10,9c7a6ce4172638d2abc7,CCOC(=O)CC(C)=O
1101,pretrained_ensemble,1,40,1,99dd4a9a47de5c84b7c0,O=Cc1ccc(Br)cc1O
1101,pretrained_ensemble,1,40,2,f95928e2618ed15e654f,COc1ccc(C=O)cc1
1101,pretrained_ensemble,1,40,3,3d5dc8831f4c74f7b7d1,COc1ccc(CCO)cc1
1101,pretrained_ensemble,1,40,4,27b234a05f8c66fd059f,O=Cc1cc(Br)ccc1O
1101,pretrained_ensemble,1,40,5,3545611fd9950a160288,C/C(=N\O)c1ccccc1
1101,pretrained_ensemble,1,40,6,80e66bd0e8e9450537bb,COCCCCC(=O)c1ccc(C(F)(F)F)cc1
1101,pretrained_ensemble,1,40,7,07e9bc7a9d27fdd58c2f,O=C(c1ccccc1)c1cccc(C(=O)c2ccccc2)c1
1101,pretrained_ensemble,1,40,8,226ebdbf914ce9333de8,O=Cc1ccc(Br)cc1O
1101,pretrained_ensemble,1,40,9,dd7fdbe3fa3800e6499f,FC(F)(F)c1cc(Br)cc(C(F)(F)F)c1
1101,pretrained_ensemble,1,40,10,848f6c84b4d5fc44c3c2,N#Cc1ccccc1Br
1101,pretrained_ensemble,2,50,1,d31d42caff135d7154c4,CCOC(=O)/C=C(/C)N
1101,pretrained_ensemble,2,50,2,17bdb259a18419ca296f,O=C(/C=C/c1ccccc1)/C=C/c1ccccc1
1101,pretrained_ensemble,2,50,3,7ba2cf5e6ca289d9810f,CCOC(=O)c1cccnc1
1101,pretrained_ensemble,2,50,4,4e6d2ab0e823ac1d4b58,CC(=O)CC(=O)OC(C)(C)C
1101,pretrained_ensemble,2,50,5,9563dde5c28fb62e4f7e,C=CC(=O)OCCOc1ccccc1
1101,pretrained_ensemble,2,50,6,7e451fd74af5bfa51ac9,O=C(c1ccccc1)c1cccc(C(=O)c2ccccc2)c1
1101,pretrained_ensemble,2,50,7,10d51839b15b94f0ae56,CCOC(=O)/C=C(/C)N
1101,pretrained_ensemble,2,50,8,e6886d2fb3090517172b,CCOC(=O)/C=C(/C)N
1101,pretrained_ensemble,2,50,9,9c7a6ce4172638d2abc7,CCOC(=O)CC(C)=O
1101,pretrained_ensemble,2,50,10,bd0519702a5756bc3c94,CCOC(=O)C(Cc1ccccc1)C(C)=O
1101,pretrained_ensemble,3,60,1,454c1ea3beebbec4befe,COc1ccc(C=O)cc1
1101,pretrained_ensemble,3,60,2,f1afcbd393ce4f5a6316,COc1ccc(CO)cc1
1101,pretrained_ensemble,3,60,3,47404d0982a587f0393e,COCCOC(=O)CC(C)=O
1101,pretrained_ensemble,3,60,4,06c29062334b43b0d12f,COCCCCC(=O)c1ccc(C(F)(F)F)cc1
1101,pretrained_ensemble,3,60,5,f5634113e0822bda1c03,CC(=O)c1ccc2c(c1)OCO2
1101,pretrained_ensemble,3,60,6,e375bb01e53e46f8faee,O=C1CCCc2ccccc21
1101,pretrained_ensemble,3,60,7,38f57a9d08efd5f070d0,C=CC(=O)OCCCCCCCCCCCC
1101,pretrained_ensemble,3,60,8,826e9f40c328ce2478ec,COc1ccc(C)cc1OC
1101,pretrained_ensemble,3,60,9,155ad3f702726e253c4d,O=CCCc1ccccc1
1101,pretrained_ensemble,3,60,10,86f385aa0925171d22cc,CCOC(=O)CC(C)=O
1101,pretrained_ensemble,4,70,1,74097878150c8a5a8d79,COCCOC(=O)CC(C)=O
1101,pretrained_ensemble,4,70,2,f191e08b3e95928a5423,CC(=O)c1ccc2c(c1)OCO2
1101,pretrained_ensemble,4,70,3,bacef06b4d4d7374a4e4,COCCOC(=O)CC(C)=O
1101,pretrained_ensemble,4,70,4,35ba50ab027f5f170aba,CCOC(=O)CC(=O)c1ccccc1
1101,pretrained_ensemble,4,70,5,a2eeeea4e6525c9d22d4,COc1ccc(OC)c(Br)c1
1101,pretrained_ensemble,4,70,6,dd29d0f859e11f70f4ec,COc1ccc(C)cc1OC
1101,pretrained_ensemble,4,70,7,9c357cc9e9b8199eb1e0,O=C(Cc1ccccc1F)C1CC1
1101,pretrained_ensemble,4,70,8,74706f7e5d10b9245796,CCOC(=O)Cc1ccccc1
1101,pretrained_ensemble,4,70,9,0ffc20c3f979502b8a09,O=C(CCCCl)c1ccc(F)cc1
1101,pretrained_ensemble,4,70,10,b8018c4bdaadd42a057a,COc1cc(Br)cc(OC)c1
1101,pretrained_ensemble,5,80,1,f38afd5febe30c01c852,CC1CCC(=O)c2ccccc21
1101,pretrained_ensemble,5,80,2,fe71f29c800d4ee35138,FC(F)(F)c1cc(Br)cc(C(F)(F)F)c1
1101,pretrained_ensemble,5,80,3,9b28c23ad1d4dda9fe1a,CC(O)c1ccccc1
1101,pretrained_ensemble,5,80,4,af2973fb82b6d79d8c5e,C/C(=N\O)c1ccccc1
1101,pretrained_ensemble,5,80,5,b48dea92ecfc07816494,CCOC(=O)c1cccnc1
1101,pretrained_ensemble,5,80,6,283be89c092cfa4a5cbb,O=C(CCCCl)c1ccc(F)cc1
1101,pretrained_ensemble,5,80,7,c2bd8e8f13a96726e7fc,COc1ccc(CO)cc1
1101,pretrained_ensemble,5,80,8,bcf8bb13e4fca185fe68,FC(F)(F)c1cc(Br)cc(C(F)(F)F)c1
1101,pretrained_ensemble,5,80,9,2a9d111386ac232bbf79,CC(=O)c1ccc(C)cc1
1101,pretrained_ensemble,5,80,10,2eda4e5a40a9021016cb,O=C(Cc1ccccc1F)C1CC1
1101,pretrained_ensemble,6,90,1,bc8e1d805b36b63cbfbe,CC(=O)c1ccc(Br)cc1
1101,pretrained_ensemble,6,90,2,a542d702abb1fa77a6fc,CC(=O)c1ccccc1
1101,pretrained_ensemble,6,90,3,8837a8a19c37b63d2e48,O=Cc1ccc(-c2ccccc2)cc1
1101,pretrained_ensemble,6,90,4,0a1949b42050f41b0db4,CC(=O)c1ccc(C)cc1C
1101,pretrained_ensemble,6,90,5,ce61c0bd799e65402b75,CCCC(=O)c1ccc(-c2ccccc2)cc1
1101,pretrained_ensemble,6,90,6,7a0a82051f50d5b0c89c,OCCCc1ccccc1
1101,pretrained_ensemble,6,90,7,7d3c6ef279245ca08a2f,CCOC(=O)/C=C(/C)N
1101,pretrained_ensemble,6,90,8,f248b9b89d62a22b03c3,CCOC(=O)/C=C(/C)N
1101,pretrained_ensemble,6,90,9,f33380e15f0fd8b62027,COC(=O)c1ccccc1O
1101,pretrained_ensemble,6,90,10,b2b26956a788c2a8c7e9,O=C(/C=C/c1ccccc1)c1ccccc1
1101,pretrained_ensemble,7,100,1,d59d233a1606de5b6deb,CC(C)(O)CCc1ccccc1
1101,pretrained_ensemble,7,100,2,1c04f02c0ea8c00b358d,OCc1cccc(Br)c1
1101,pretrained_ensemble,7,100,3,9e93bad2014e7ab1a680,COc1ccc(CCO)cc1
1101,pretrained_ensemble,7,100,4,1254297404cc9db52ee2,CC(=O)c1ccc(Br)cc1
1101,pretrained_ensemble,7,100,5,b71b23379d73c3637a76,CC(=O)c1ccc(C)cc1
1101,pretrained_ensemble,7,100,6,d60e09bca01342c7cfa6,O=Cc1ccc(Br)cc1O
1101,pretrained_ensemble,7,100,7,3b03dfa8ff44ff554734,O=Cc1cc(Br)ccc1O
1101,pretrained_ensemble,7,100,8,88f58ab7b7cf02f8f134,O=C(/C=C/c1ccccc1)/C=C/c1ccccc1
1101,pretrained_ensemble,7,100,9,25ffb25df5bec65a633b,CC(=O)CC(=O)c1ccccc1
1101,pretrained_ensemble,7,100,10,cb1bb21d54890633943c,C1=Cc2ccccc2C1
1101,pretrained_hybrid,1,40,1,546046afb5114d631360,CC(=O)c1ccc2c(c1)Cc1ccccc1-2
1101,pretrained_hybrid,1,40,2,fb1fdaa4bc60434648f7,O=Cc1ccc2ccccc2c1Br
1101,pretrained_hybrid,1,40,3,f5634113e0822bda1c03,CC(=O)c1ccc2c(c1)OCO2
1101,pretrained_hybrid,1,40,4,65bfb38b53dd53bc4f4c,O=Cc1cc(Br)ccc1O
1101,pretrained_hybrid,1,40,5,0f3bd8418ab9ba9d1ed2,O=Cc1ccc(Cl)cc1Br
1101,pretrained_hybrid,1,40,6,d31d42caff135d7154c4,CCOC(=O)/C=C(/C)N
1101,pretrained_hybrid,1,40,7,07e9bc7a9d27fdd58c2f,O=C(c1ccccc1)c1cccc(C(=O)c2ccccc2)c1
1101,pretrained_hybrid,1,40,8,f95928e2618ed15e654f,COc1ccc(C=O)cc1
1101,pretrained_hybrid,1,40,9,bd0519702a5756bc3c94,CCOC(=O)C(Cc1ccccc1)C(C)=O
1101,pretrained_hybrid,1,40,10,17bdb259a18419ca296f,O=C(/C=C/c1ccccc1)/C=C/c1ccccc1
1101,pretrained_hybrid,2,50,1,7ba2cf5e6ca289d9810f,CCOC(=O)c1cccnc1
1101,pretrained_hybrid,2,50,2,7e451fd74af5bfa51ac9,O=C(c1ccccc1)c1cccc(C(=O)c2ccccc2)c1
1101,pretrained_hybrid,2,50,3,3d5dc8831f4c74f7b7d1,COc1ccc(CCO)cc1
1101,pretrained_hybrid,2,50,4,9563dde5c28fb62e4f7e,C=CC(=O)OCCOc1ccccc1
1101,pretrained_hybrid,2,50,5,da10d2f67a989e8b16b5,C=CC(=O)OCCCCCCCCCCCC
1101,pretrained_hybrid,2,50,6,99dd4a9a47de5c84b7c0,O=Cc1ccc(Br)cc1O
1101,pretrained_hybrid,2,50,7,f191e08b3e95928a5423,CC(=O)c1ccc2c(c1)OCO2
1101,pretrained_hybrid,2,50,8,b2b26956a788c2a8c7e9,O=C(/C=C/c1ccccc1)c1ccccc1
1101,pretrained_hybrid,2,50,9,e375bb01e53e46f8faee,O=C1CCCc2ccccc21
1101,pretrained_hybrid,2,50,10,3b03dfa8ff44ff554734,O=Cc1cc(Br)ccc1O
1101,pretrained_hybrid,3,60,1,47404d0982a587f0393e,COCCOC(=O)CC(C)=O
1101,pretrained_hybrid,3,60,2,10d51839b15b94f0ae56,CCOC(=O)/C=C(/C)N
1101,pretrained_hybrid,3,60,3,d59d233a1606de5b6deb,CC(C)(O)CCc1ccccc1
1101,pretrained_hybrid,3,60,4,9b28c23ad1d4dda9fe1a,CC(O)c1ccccc1
1101,pretrained_hybrid,3,60,5,3545611fd9950a160288,C/C(=N\O)c1ccccc1
1101,pretrained_hybrid,3,60,6,9e93bad2014e7ab1a680,COc1ccc(CCO)cc1
1101,pretrained_hybrid,3,60,7,7d3c6ef279245ca08a2f,CCOC(=O)/C=C(/C)N
1101,pretrained_hybrid,3,60,8,454c1ea3beebbec4befe,COc1ccc(C=O)cc1
1101,pretrained_hybrid,3,60,9,848f6c84b4d5fc44c3c2,N#Cc1ccccc1Br
1101,pretrained_hybrid,3,60,10,80e66bd0e8e9450537bb,COCCCCC(=O)c1ccc(C(F)(F)F)cc1
1101,pretrained_hybrid,4,70,1,9c7a6ce4172638d2abc7,CCOC(=O)CC(C)=O
1101,pretrained_hybrid,4,70,2,f1afcbd393ce4f5a6316,COc1ccc(CO)cc1
1101,pretrained_hybrid,4,70,3,b07e3b186c5f9a698624,CCOC(=O)C(Br)C(=O)OCC
1101,pretrained_hybrid,4,70,4,826e9f40c328ce2478ec,COc1ccc(C)cc1OC
1101,pretrained_hybrid,4,70,5,e66b24ec1e4dfa9a9a57,CCOC(=O)/C=C(/C)N
1101,pretrained_hybrid,4,70,6,506597d02ff322a77a8d,CCOC(=O)/C=C(/C)N
1101,pretrained_hybrid,4,70,7,6de4f7fd8ac19d183348,C=CC(=O)O[C@@H]1C[C@H]2CC[C@]1(C)C2(C)C
1101,pretrained_hybrid,4,70,8,f33380e15f0fd8b62027,COC(=O)c1ccccc1O
1101,pretrained_hybrid,4,70,9,a7f9a08159d001c30f67,BrC(=C(c1ccccc1)c1ccccc1)c1ccccc1
1101,pretrained_hybrid,4,70,10,9069807baff6cbfbde75,COC(=O)C#CC(=O)OC
1101,pretrained_hybrid,5,80,1,0f05b5ba6eb528d54b4b,O=C(c1ccccc1)c1cccc(C(=O)c2ccccc2)c1
1101,pretrained_hybrid,5,80,2,78b04c44dfa852f4e621,CC(=O)c1ccc2c(c1)OCO2
1101,pretrained_hybrid,5,80,3,155ad3f702726e253c4d,O=CCCc1ccccc1
1101,pretrained_hybrid,5,80,4,8837a8a19c37b63d2e48,O=Cc1ccc(-c2ccccc2)cc1
1101,pretrained_hybrid,5,80,5,74706f7e5d10b9245796,CCOC(=O)Cc1ccccc1
1101,pretrained_hybrid,5,80,6,aaf22f8324aad12a55fa,COC(=O)CS
1101,pretrained_hybrid,5,80,7,2964279ae2fd8a820ae1,CC(C)(C)c1cc(C=O)cc(C(C)(C)C)c1
1101,pretrained_hybrid,5,80,8,1bd5bb3744b78ada7307,FC(F)(F)c1cc(Br)cc(C(F)(F)F)c1
1101,pretrained_hybrid,5,80,9,af2973fb82b6d79d8c5e,C/C(=N\O)c1ccccc1
1101,pretrained_hybrid,5,80,10,f38afd5febe30c01c852,CC1CCC(=O)c2ccccc21
1101,pretrained_hybrid,6,90,1,74097878150c8a5a8d79,COCCOC(=O)CC(C)=O
1101,pretrained_hybrid,6,90,2,5179c3962ada5450dde7,O=Cc1ccc2c(c1)CCO2
1101,pretrained_hybrid,6,90,3,240da69c823911ff5ccc,O=C(/C=C/c1ccccc1)c1ccccc1
1101,pretrained_hybrid,6,90,4,86f385aa0925171d22cc,CCOC(=O)CC(C)=O
1101,pretrained_hybrid,6,90,5,06c29062334b43b0d12f,COCCCCC(=O)c1ccc(C(F)(F)F)cc1
1101,pretrained_hybrid,6,90,6,27b234a05f8c66fd059f,O=Cc1cc(Br)ccc1O
1101,pretrained_hybrid,6,90,7,a2eeeea4e6525c9d22d4,COc1ccc(OC)c(Br)c1
1101,pretrained_hybrid,6,90,8,dd7fdbe3fa3800e6499f,FC(F)(F)c1cc(Br)cc(C(F)(F)F)c1
1101,pretrained_hybrid,6,90,9,226ebdbf914ce9333de8,O=Cc1ccc(Br)cc1O
1101,pretrained_hybrid,6,90,10,b0f39affa1970d2700b7,C/C(=N\O)c1ccccc1
1101,pretrained_hybrid,7,100,1,bc8e1d805b36b63cbfbe,CC(=O)c1ccc(Br)cc1
1101,pretrained_hybrid,7,100,2,0ffc20c3f979502b8a09,O=C(CCCCl)c1ccc(F)cc1
1101,pretrained_hybrid,7,100,3,f51bc35441c8ba7713b6,C1=Cc2ccccc2C1
1101,pretrained_hybrid,7,100,4,fe71f29c800d4ee35138,FC(F)(F)c1cc(Br)cc(C(F)(F)F)c1
1101,pretrained_hybrid,7,100,5,ce61c0bd799e65402b75,CCCC(=O)c1ccc(-c2ccccc2)cc1
1101,pretrained_hybrid,7,100,6,711f210d4869259d0651,O=C(c1ccccc1)c1ccc(Cl)cc1
1101,pretrained_hybrid,7,100,7,96ccc1b8240fc2e9c1f3,COC(=O)c1ccccc1N
1101,pretrained_hybrid,7,100,8,1e578360bd7749f6b397,CCOC(=O)CC(=O)c1ccccc1
1101,pretrained_hybrid,7,100,9,7396668aaa8d372aa464,CC(=O)c1ccc2c(c1)OCO2
1101,pretrained_hybrid,7,100,10,7a0a82051f50d5b0c89c,OCCCc1ccccc1
1101,pretrained_quantile_width,1,40,1,7ba2cf5e6ca289d9810f,CCOC(=O)c1cccnc1
1101,pretrained_quantile_width,1,40,2,d31d42caff135d7154c4,CCOC(=O)/C=C(/C)N
1101,pretrained_quantile_width,1,40,3,3d5dc8831f4c74f7b7d1,COc1ccc(CCO)cc1
1101,pretrained_quantile_width,1,40,4,bd0519702a5756bc3c94,CCOC(=O)C(Cc1ccccc1)C(C)=O
1101,pretrained_quantile_width,1,40,5,f5634113e0822bda1c03,CC(=O)c1ccc2c(c1)OCO2
1101,pretrained_quantile_width,1,40,6,07e9bc7a9d27fdd58c2f,O=C(c1ccccc1)c1cccc(C(=O)c2ccccc2)c1
1101,pretrained_quantile_width,1,40,7,47404d0982a587f0393e,COCCOC(=O)CC(C)=O
1101,pretrained_quantile_width,1,40,8,f95928e2618ed15e654f,COc1ccc(C=O)cc1
1101,pretrained_quantile_width,1,40,9,f1afcbd393ce4f5a6316,COc1ccc(CO)cc1
1101,pretrained_quantile_width,1,40,10,10d51839b15b94f0ae56,CCOC(=O)/C=C(/C)N
1101,pretrained_quantile_width,2,50,1,9563dde5c28fb62e4f7e,C=CC(=O)OCCOc1ccccc1
1101,pretrained_quantile_width,2,50,2,17bdb259a18419ca296f,O=C(/C=C/c1ccccc1)/C=C/c1ccccc1
1101,pretrained_quantile_width,2,50,3,d59d233a1606de5b6deb,CC(C)(O)CCc1ccccc1
1101,pretrained_quantile_width,2,50,4,155ad3f702726e253c4d,O=CCCc1ccccc1
1101,pretrained_quantile_width,2,50,5,7a0a82051f50d5b0c89c,OCCCc1ccccc1
1101,pretrained_quantile_width,2,50,6,454c1ea3beebbec4befe,COc1ccc(C=O)cc1
1101,pretrained_quantile_width,2,50,7,e375bb01e53e46f8faee,O=C1CCCc2ccccc21
1101,pretrained_quantile_width,2,50,8,e6886d2fb3090517172b,CCOC(=O)/C=C(/C)N
1101,pretrained_quantile_width,2,50,9,f191e08b3e95928a5423,CC(=O)c1ccc2c(c1)OCO2
1101,pretrained_quantile_width,2,50,10,9c7a6ce4172638d2abc7,CCOC(=O)CC(C)=O
1101,pretrained_quantile_width,3,60,1,3545611fd9950a160288,C/C(=N\O)c1ccccc1
1101,pretrained_quantile_width,3,60,2,4e6d2ab0e823ac1d4b58,CC(=O)CC(=O)OC(C)(C)C
1101,pretrained_quantile_width,3,60,3,80e66bd0e8e9450537bb,COCCCCC(=O)c1ccc(C(F)(F)F)cc1
1101,pretrained_quantile_width,3,60,4,826e9f40c328ce2478ec,COc1ccc(C)cc1OC
1101,pretrained_quantile_width,3,60,5,8837a8a19c37b63d2e48,O=Cc1ccc(-c2ccccc2)cc1
1101,pretrained_quantile_width,3,60,6,bc8e1d805b36b63cbfbe,CC(=O)c1ccc(Br)cc1
1101,pretrained_quantile_width,3,60,7,9b28c23ad1d4dda9fe1a,CC(O)c1ccccc1
1101,pretrained_quantile_width,3,60,8,7e451fd74af5bfa51ac9,O=C(c1ccccc1)c1cccc(C(=O)c2ccccc2)c1
1101,pretrained_quantile_width,3,60,9,86f385aa0925171d22cc,CCOC(=O)CC(C)=O
1101,pretrained_quantile_width,3,60,10,f38afd5febe30c01c852,CC1CCC(=O)c2ccccc21
1101,pretrained_quantile_width,4,70,1,9e93bad2014e7ab1a680,COc1ccc(CCO)cc1
1101,pretrained_quantile_width,4,70,2,a542d702abb1fa77a6fc,CC(=O)c1ccccc1
1101,pretrained_quantile_width,4,70,3,99dd4a9a47de5c84b7c0,O=Cc1ccc(Br)cc1O
1101,pretrained_quantile_width,4,70,4,e3c9408f01aa7642870f,O=CCCc1ccccc1
1101,pretrained_quantile_width,4,70,5,848f6c84b4d5fc44c3c2,N#Cc1ccccc1Br
1101,pretrained_quantile_width,4,70,6,74097878150c8a5a8d79,COCCOC(=O)CC(C)=O
1101,pretrained_quantile_width,4,70,7,74706f7e5d10b9245796,CCOC(=O)Cc1ccccc1
1101,pretrained_quantile_width,4,70,8,7d3c6ef279245ca08a2f,CCOC(=O)/C=C(/C)N
1101,pretrained_quantile_width,4,70,9,f248b9b89d62a22b03c3,CCOC(=O)/C=C(/C)N
1101,pretrained_quantile_width,4,70,10,b07e3b186c5f9a698624,CCOC(=O)C(Br)C(=O)OCC
1101,pretrained_quantile_width,5,80,1,2a9d111386ac232bbf79,CC(=O)c1ccc(C)cc1
1101,pretrained_quantile_width,5,80,2,27b234a05f8c66fd059f,O=Cc1cc(Br)ccc1O
1101,pretrained_quantile_width,5,80,3,b2b26956a788c2a8c7e9,O=C(/C=C/c1ccccc1)c1ccccc1
1101,pretrained_quantile_width,5,80,4,194278dd9ee3d2407ed5,C=CC(=O)OCc1ccccc1
1101,pretrained_quantile_width,5,80,5,f33380e15f0fd8b62027,COC(=O)c1ccccc1O
1101,pretrained_quantile_width,5,80,6,fb1fdaa4bc60434648f7,O=Cc1ccc2ccccc2c1Br
1101,pretrained_quantile_width,5,80,7,78b04c44dfa852f4e621,CC(=O)c1ccc2c(c1)OCO2
1101,pretrained_quantile_width,5,80,8,8753ab545dd1cf036a3a,CC(C)(O)CCc1ccccc1
1101,pretrained_quantile_width,5,80,9,9c357cc9e9b8199eb1e0,O=C(Cc1ccccc1F)C1CC1
1101,pretrained_quantile_width,5,80,10,96ccc1b8240fc2e9c1f3,COC(=O)c1ccccc1N
1101,pretrained_quantile_width,6,90,1,b48dea92ecfc07816494,CCOC(=O)c1cccnc1
1101,pretrained_quantile_width,6,90,2,0a1949b42050f41b0db4,CC(=O)c1ccc(C)cc1C
1101,pretrained_quantile_width,6,90,3,88f58ab7b7cf02f8f134,O=C(/C=C/c1ccccc1)/C=C/c1ccccc1
1101,pretrained_quantile_width,6,90,4,c2bd8e8f13a96726e7fc,COc1ccc(CO)cc1
1101,pretrained_quantile_width,6,90,5,4ce730c9ad4e20a0386e,CC(=O)c1c(C)cc(C)cc1C
1101,pretrained_quantile_width,6,90,6,06c29062334b43b0d12f,COCCCCC(=O)c1ccc(C(F)(F)F)cc1
1101,pretrained_quantile_width,6,90,7,f1aabb6243aed53011cb,c1ccc(COCc2ccccc2)cc1
1101,pretrained_quantile_width,6,90,8,ce61c0bd799e65402b75,CCCC(=O)c1ccc(-c2ccccc2)cc1
1101,pretrained_quantile_width,6,90,9,d92ef85db0d1c0979197,O=C(Cc1ccccc1)c1ccccc1
1101,pretrained_quantile_width,6,90,10,9cf769277f6b42d15f11,OCCCc1ccccc1
1101,pretrained_quantile_width,7,100,1,2cbca950d64fdcd81660,O=Cc1ccc2ccccc2c1Br
1101,pretrained_quantile_width,7,100,2,a7f9a08159d001c30f67,BrC(=C(c1ccccc1)c1ccccc1)c1ccccc1
1101,pretrained_quantile_width,7,100,3,5a9449a7562d442b8669,O=Cc1ccc2ccccc2c1Br
1101,pretrained_quantile_width,7,100,4,5179c3962ada5450dde7,O=Cc1ccc2c(c1)CCO2
1101,pretrained_quantile_width,7,100,5,68feec66f657364ebeaa,COC(=O)c1ccccc1N
1101,pretrained_quantile_width,7,100,6,e66b24ec1e4dfa9a9a57,CCOC(=O)/C=C(/C)N
1101,pretrained_quantile_width,7,100,7,1e8c03a5d84f08329475,BrC(=C(c1ccccc1)c1ccccc1)c1ccccc1
1101,pretrained_quantile_width,7,100,8,5ac5df671efee45d3ddf,BrC(=C(c1ccccc1)c1ccccc1)c1ccccc1
1101,pretrained_quantile_width,7,100,9,2c51476c6fa3121c5dfc,O=Cc1ccc2ccccc2c1Br
1101,pretrained_quantile_width,7,100,10,fda6d7aa920e5400a222,C1=Cc2ccccc2C1
