column,protocol,method,reference,relative_gain,mean_delta,median_delta,std_delta,wins,seeds,material
25g,compound,conditional_EA,scale_only,0.10020081756920618,-0.16034329699428698,-0.14721972617692658,0.058761651716380876,5,5,True
25g,compound,conditional_EA,affine,0.05491896585071099,-0.08367167080597189,-0.08350224372950077,0.11992129535155188,4,5,True
25g,compound,conditional_EA,local_identity_shrinkage,0.03996256495525008,-0.0599363546851686,-0.0835022384977584,0.08147026029140417,4,5,False
25g,compound,conditional_EA,target_head_only,0.5264462846199002,-1.6007000377512484,-1.6464237340257724,0.34383229126875303,5,5,True
25g,compound,conditional_EA,additive_policy,0.03283404216376529,-0.04888194613803019,-0.058308296018274364,0.06631753926445838,4,5,False
25g,compound,additive_EA_control,scale_only,0.0892760831371634,-0.1428613244903111,-0.14965414687433576,0.04475614553289072,5,5,True
25g,compound,additive_EA_control,affine,0.04344445074062919,-0.06618969830199602,-0.04449708898434279,0.0905879905321917,4,5,False
25g,compound,additive_EA_control,local_identity_shrinkage,0.028306459651453397,-0.042454382181192726,-0.04449708375260042,0.04313840696457363,4,5,False
25g,compound,additive_EA_control,target_head_only,0.5206967255173249,-1.5832180652472725,-1.588115438007498,0.3419066981773721,5,5,True
25g,compound,additive_EA_control,additive_policy,0.021091387305456566,-0.031399973634054314,-0.022945197093999337,0.03740736154106945,3,5,False
25g,compound,conditional_policy,scale_only,0.09828969146722277,-0.1572850758380354,-0.14272783972240966,0.05930823086130553,5,5,True
25g,compound,conditional_policy,affine,0.052911663479116355,-0.08061344964972031,-0.08350224372950077,0.12227300563647826,3,5,False
25g,compound,conditional_policy,local_identity_shrinkage,0.03792349597539313,-0.05687813352891702,-0.0835022384977584,0.08381828283562502,3,5,False
25g,compound,conditional_policy,target_head_only,0.5254404814542324,-1.5976418165949968,-1.6464237340257724,0.34965286168128146,5,5,True
25g,compound,conditional_policy,additive_policy,0.030779832576713573,-0.0458237249817786,-0.058308296018274364,0.06856821525957986,3,5,False
25g,compound,additive_policy,scale_only,0.06965379091314938,-0.11146135085625679,-0.14272783972240966,0.07936264811735651,5,5,True
25g,compound,additive_policy,affine,0.022834678483054316,-0.0347897246679417,-1.1129901889006533e-08,0.06058226279991148,3,5,False
25g,compound,additive_policy,local_identity_shrinkage,0.00737052698528895,-0.011054408547138416,-5.8981595163487555e-09,0.02785537519036601,3,5,False
25g,compound,additive_policy,target_head_only,0.5103697441548245,-1.5518180916132185,-1.588115438007498,0.35023461696246494,5,5,True
25g,row,conditional_EA,scale_only,0.05764836724845035,-0.11715995597775689,-0.11107885051379718,0.047951857111539674,5,5,True
25g,row,conditional_EA,affine,0.02547821973694553,-0.050070589517131434,-0.053031970687566155,0.05162662906007143,4,5,False
25g,row,conditional_EA,local_identity_shrinkage,0.030266907897756323,-0.05977519682131276,-0.05303196978003788,0.023544038272733596,5,5,False
25g,row,conditional_EA,target_head_only,0.43011912897190663,-1.4454725675460582,-1.4491779024956868,0.1457310689732668,5,5,True
25g,row,conditional_EA,additive_policy,0.018566200403013156,-0.0362299053183905,-0.03169330119875524,0.018196128084485782,5,5,False
25g,row,additive_EA_control,scale_only,0.04649250179433606,-0.0944876624179957,-0.10552798297993338,0.055652900876308205,5,5,False
25g,row,additive_EA_control,affine,0.013941513602129696,-0.027398295957370245,-0.04250203877776615,0.04851987968628989,4,5,False
25g,row,additive_EA_control,local_identity_shrinkage,0.01878689181256432,-0.037102903261551565,-0.026654092914712324,0.018831139281899726,5,5,False
25g,row,additive_EA_control,target_head_only,0.423372693669938,-1.4228002739862968,-1.4174846012969315,0.13843509407918334,5,5,True
25g,row,additive_EA_control,additive_policy,0.00694766753279874,-0.013557611758629306,0.0,0.030315741504845596,1,5,False
25g,row,conditional_policy,scale_only,0.05242950775219035,-0.10655356106980154,-0.08514626658101543,0.054982771667425295,5,5,True
25g,row,conditional_policy,affine,0.020081197998480627,-0.03946419460917609,-0.03781256444823966,0.05611829423108994,3,5,False
25g,row,conditional_policy,local_identity_shrinkage,0.024896406504578805,-0.049168801913357416,-0.050123932241679325,0.03599448742918644,4,5,False
25g,row,conditional_policy,target_head_only,0.4269630584647459,-1.4348661726381027,-1.4491779024956868,0.14188699766040522,5,5,True
25g,row,conditional_policy,additive_policy,0.01313089904950282,-0.025623510410435157,-0.023469839326967,0.021167278719817943,4,5,False
25g,row,additive_policy,scale_only,0.03982150080982105,-0.08093005065936638,-0.05804687597402047,0.054348911566208975,5,5,False
25g,row,additive_policy,affine,0.007042776942031814,-0.013840684198740938,-0.022054485149272773,0.04363772713434074,3,5,False
25g,row,additive_policy,local_identity_shrinkage,0.011922054752493638,-0.023545291502922262,-0.0265158506863441,0.015284390316376713,4,5,False
25g,row,additive_policy,target_head_only,0.4193384502733576,-1.4092426622276677,-1.4174846012969315,0.12916064015686912,5,5,True
40g,compound,conditional_EA,scale_only,0.04542265634744236,-0.16046317211608044,-0.12476925540499906,0.07355717900576955,5,5,False
40g,compound,conditional_EA,affine,0.009492615971584684,-0.03231782771661242,0.0006024839738207888,0.119994789131963,2,5,False
40g,compound,conditional_EA,local_identity_shrinkage,0.00949261675319979,-0.032317830403141644,0.0006024872304415396,0.11999478264581882,2,5,False
40g,compound,conditional_EA,target_head_only,0.5620544465688637,-4.327850338885386,-4.123706695396879,0.49137655302195965,5,5,True
40g,compound,conditional_EA,additive_policy,0.00949261344993424,-0.03231781904932154,0.0006025041844939238,0.11999477911433896,2,5,False
40g,compound,additive_EA_control,scale_only,0.0368405414426628,-0.13014540799079571,-0.11851165089966686,0.06577723666137766,5,5,False
40g,compound,additive_EA_control,affine,0.0005874725169560113,-0.0020000635913277167,-0.02344574670158872,0.1146767422642716,3,5,False
40g,compound,additive_EA_control,local_identity_shrinkage,0.0005874733055982739,-0.002000066277856938,-0.02344574344496797,0.11467673494774185,3,5,False
40g,compound,additive_EA_control,target_head_only,0.558117102898835,-4.297532574760102,-4.147754926072288,0.5005988058019778,5,5,True
40g,compound,additive_EA_control,additive_policy,0.0005874699726347021,-0.0020000549240368317,-0.023445726490915586,0.11467672555653863,3,5,False
40g,compound,conditional_policy,scale_only,0.03627438157998231,-0.1281453530667589,-0.11418474422792091,0.06904619022273627,5,5,False
40g,compound,conditional_policy,affine,2.5458168906311585e-09,-8.667290885000511e-09,-2.021067313506819e-08,3.34969512850752e-08,4,5,False
40g,compound,conditional_policy,local_identity_shrinkage,3.3349227823720184e-09,-1.1353820106307921e-08,-1.695405238422154e-08,3.149709362606308e-08,4,5,False
40g,compound,conditional_policy,target_head_only,0.5578573573726702,-4.295532519836065,-4.124309199581373,0.5753536993709975,5,5,True
40g,compound,conditional_policy,additive_policy,0.0,0.0,0.0,0.0,0,5,False
40g,compound,additive_policy,scale_only,0.03627438157998231,-0.1281453530667589,-0.11418474422792091,0.06904619022273627,5,5,False
40g,compound,additive_policy,affine,2.5458168906311585e-09,-8.667290885000511e-09,-2.021067313506819e-08,3.34969512850752e-08,4,5,False
40g,compound,additive_policy,local_identity_shrinkage,3.3349227823720184e-09,-1.1353820106307921e-08,-1.695405238422154e-08,3.149709362606308e-08,4,5,False
40g,compound,additive_policy,target_head_only,0.5578573573726702,-4.295532519836065,-4.124309199581373,0.5753536993709975,5,5,True
40g,row,conditional_EA,scale_only,0.15287777046981932,-0.546516928102877,-0.5402839926721348,0.18867089357865863,5,5,True
40g,row,conditional_EA,affine,0.04850870723575773,-0.15439038096064434,-0.15560979887018256,0.04201219746562233,5,5,False
40g,row,conditional_EA,local_identity_shrinkage,0.06560947254135008,-0.21263927148392164,-0.17661449773501747,0.09028300000118115,5,5,True
40g,row,conditional_EA,target_head_only,0.6191057015448513,-4.922272900578881,-4.395900601298337,0.8242235312543327,5,5,True
40g,row,conditional_EA,additive_policy,0.036592057412853984,-0.11502227751544405,-0.16033837066480983,0.08747350799527617,5,5,False
40g,row,additive_EA_control,scale_only,0.12070246457039835,-0.4314946505874329,-0.39071461785646466,0.13839515490488724,5,5,True
40g,row,additive_EA_control,affine,0.012369266741669827,-0.039368103445200295,-0.03109290264984077,0.05765133542847452,4,5,False
40g,row,additive_EA_control,local_identity_shrinkage,0.03011955148571066,-0.09761699396847759,-0.1065026572956449,0.07984726831922,4,5,False
40g,row,additive_EA_control,target_head_only,0.604638615047857,-4.807250623063437,-4.375394028423404,0.7733228684480649,5,5,True
40g,row,additive_EA_control,additive_policy,0.0,0.0,0.0,0.0,0,5,False
40g,row,conditional_policy,scale_only,0.14299685789166605,-0.5111940294730111,-0.5402839926721348,0.20940969655163674,5,5,True
40g,row,conditional_policy,affine,0.03741042418409979,-0.11906748233077842,-0.15560979887018256,0.11065123713720038,4,5,False
40g,row,conditional_policy,local_identity_shrinkage,0.05471065440881928,-0.17731637285405571,-0.15560979719154933,0.13255491128409083,5,5,True
40g,row,conditional_policy,target_head_only,0.6146629149747955,-4.886950001949016,-4.395900601298337,0.8617831337359814,5,5,True
40g,row,conditional_policy,additive_policy,0.02535477744785819,-0.07969937888557813,-0.16033837066480983,0.149430262045117,4,5,False
40g,row,additive_policy,scale_only,0.12070246457039835,-0.4314946505874329,-0.39071461785646466,0.13839515490488724,5,5,True
40g,row,additive_policy,affine,0.012369266741669827,-0.039368103445200295,-0.03109290264984077,0.05765133542847452,4,5,False
40g,row,additive_policy,local_identity_shrinkage,0.03011955148571066,-0.09761699396847759,-0.1065026572956449,0.07984726831922,4,5,False
40g,row,additive_policy,target_head_only,0.604638615047857,-4.807250623063437,-4.375394028423404,0.7733228684480649,5,5,True
8g,compound,conditional_EA,scale_only,0.043196499415011025,-0.02961493891918159,-0.010204443043084543,0.04786013779592524,4,5,False
8g,compound,conditional_EA,affine,0.13060932604294961,-0.09854719210877765,-0.07369294171718055,0.13405622777805232,4,5,True
8g,compound,conditional_EA,local_identity_shrinkage,-0.012852297085258035,0.008323762530363132,-2.5679744129591953e-05,0.021326785404354693,3,5,False
8g,compound,conditional_EA,target_head_only,0.03346323080421654,-0.022710909770777277,0.012425836733606754,0.0677271970395293,2,5,False
8g,compound,conditional_EA,additive_policy,-0.0006771503116642652,0.0004438907987324825,-0.00607782379820343,0.02994557591669104,3,5,False
8g,compound,additive_EA_control,scale_only,0.06035791054729278,-0.041380571535996724,-0.011597821615395687,0.06518899295962412,4,5,True
8g,compound,additive_EA_control,affine,0.14620288394823144,-0.11031282472559278,-0.08606423182954903,0.15276861297109368,4,5,True
8g,compound,additive_EA_control,local_identity_shrinkage,0.005314416013020518,-0.0034418700864520036,-0.004447511887134659,0.0031900923344237915,4,5,False
8g,compound,additive_EA_control,target_head_only,0.050799219709456445,-0.034476542387592415,-0.025359783006837278,0.06377252865095587,3,5,False
8g,compound,additive_EA_control,additive_policy,0.017271187018496947,-0.011321741818082653,0.0,0.01949090104584806,2,5,False
8g,compound,conditional_policy,scale_only,0.031891465313099054,-0.02186435961434465,-9.364321207350201e-09,0.04889020405579342,3,5,False
8g,compound,conditional_policy,affine,0.12033711109917111,-0.09079661280394072,-0.07421814670783222,0.13577764254523597,3,5,False
8g,compound,conditional_policy,local_identity_shrinkage,-0.024819571193001044,0.016074341835200068,0.006967131471478538,0.02323565466712762,1,5,False
8g,compound,conditional_policy,target_head_only,0.022043194057037474,-0.014960330465940341,0.013204815234776346,0.053345195531012836,2,5,False
8g,compound,conditional_policy,additive_policy,-0.01250056996090354,0.008194470103569418,0.0,0.01996760094700138,1,5,False
8g,compound,additive_policy,scale_only,0.04384396077497199,-0.03005882971791407,-9.364321207350201e-09,0.06870593743542883,3,5,False
8g,compound,additive_policy,affine,0.13119763583461885,-0.09899108290751013,-0.07421814670783222,0.15523647328072304,3,5,False
8g,compound,additive_policy,local_identity_shrinkage,-0.012166907948084615,0.00787987173163065,0.00013326908784305758,0.01699401046032492,2,5,False
8g,compound,additive_policy,target_head_only,0.034117278590050426,-0.02315480056950976,-0.025359783006837278,0.05026322889714647,3,5,False
8g,row,conditional_EA,scale_only,-0.03740294713222969,0.02546443765826891,0.0028803615813426386,0.06155055415444036,2,5,False
8g,row,conditional_EA,affine,0.01145914505772272,-0.008187161139260279,-0.0002809745015622811,0.013870579152453556,3,5,False
8g,row,conditional_EA,local_identity_shrinkage,-0.0018223164315767093,0.0012847210302839196,0.0011379246416277633,0.001837576271277125,2,5,False
8g,row,conditional_EA,target_head_only,-0.05588781435609169,0.037383081002278454,0.05606660917404638,0.10268468629360837,1,5,False
8g,row,conditional_EA,additive_policy,-0.005728504455035255,0.0040228722373838455,0.0023894486149410588,0.010520830642142938,1,5,False
8g,row,additive_EA_control,scale_only,-0.031043964709594585,0.021135155505748827,0.010539085959572425,0.05315804273234053,2,5,False
8g,row,additive_EA_control,affine,0.017518616874350634,-0.012516443291780366,-0.02146146130124338,0.017983277811836076,3,5,False
8g,row,additive_EA_control,local_identity_shrinkage,0.004318566933370849,-0.003044561122236167,-0.0028732486897644627,0.011923550182433218,3,5,False
8g,row,additive_EA_control,target_head_only,-0.049415525000903404,0.03305379884975836,0.0562698715602703,0.09333839173674699,2,5,False
8g,row,additive_EA_control,additive_policy,0.00043632272176408193,-0.00030640991513624093,0.0,0.0015479710794074875,1,5,False
8g,row,conditional_policy,scale_only,-0.036961444997572146,0.025163856970222276,0.0028803615813426386,0.06185603373480642,2,5,False
8g,row,conditional_policy,affine,0.011879852265909818,-0.008487741827306916,7.141868763049786e-09,0.014157317450730868,2,5,False
8g,row,conditional_policy,local_identity_shrinkage,-0.0013959568453862925,0.0009841403422372829,1.0166680386447524e-08,0.0016402409755266038,1,5,False
8g,row,conditional_policy,target_head_only,-0.055438445357010036,0.03708250031423181,0.05606660917404638,0.10301665281564079,1,5,False
8g,row,conditional_policy,additive_policy,-0.005300482457574862,0.003722291549337209,0.0011379272288883913,0.010778949003801408,1,5,False
8g,row,additive_policy,scale_only,-0.031494028991807754,0.021441565420885066,0.010539085959572425,0.05279387077341165,2,5,False
8g,row,additive_policy,affine,0.017089750799169523,-0.012210033376644124,-0.020153647498153515,0.017360937028301753,4,5,False
8g,row,additive_policy,local_identity_shrinkage,0.0038839388623823634,-0.002738151207099926,-9.498970943155882e-09,0.011911016508947136,4,5,False
8g,row,additive_policy,target_head_only,-0.0498736087113647,0.03336020876489461,0.05492868194515799,0.0930051288801067,1,5,False
