sample_id,canonical_index,source_canonical_index,V1_q50,V2_q50,V1_q10,V1_q90,V2_q10,V2_q90,checkpoint_sha256,ensemble_pred_V1,ensemble_pred_V2,ensemble_variance_V1,ensemble_variance_V2,ensemble_covariance_V1_V2,ensemble_score,V1_quantile_width,V2_quantile_width,quantile_width,member_0_seed,member_0_V1_q50,member_0_V2_q50,member_1_seed,member_1_V1_q50,member_1_V2_q50,member_2_seed,member_2_V1_q50,member_2_V2_q50,latent_distance,random_score,true_V1,true_V2,standardized_abs_error,ensemble_mean_standardized_abs_error,tail_flag,compound_id,round,strategy,seed
a38fee52661fd3e3b7ea,3933,3933,24.84424,72.000725,10.72641,35.92597,16.844528,72.000725,96f6821f5bbe9a2d582511e2f5f9a94526bfcfb92f31dc06fc52c1af5f952cf4,24.627039591471355,65.32923380533855,0.0071604530346846326,0.1157278850315008,0.015573179541701551,0.12288833806618543,25.199558,55.156197,3.0801196,110100,24.844240188598633,72.00072479248047,110101,25.19028091430664,63.77202224731445,110102,23.84659767150879,60.2149543762207,12.046598374112339,0.43306125090785674,16.433333333333334,45.7,1.0492027487661548,1.0492027487661548,False,C/C(=N\O)c1ccccc1,2,coverage,1101
9249ed2c527f70995033,114,114,36.107582,67.55165,14.446667,36.4575,19.447239,67.55165,96f6821f5bbe9a2d582511e2f5f9a94526bfcfb92f31dc06fc52c1af5f952cf4,26.885740280151367,52.000982920328774,0.9386693975845897,0.5781353376466618,0.735320593618582,1.5168047352312515,22.010834,48.104412,2.6883283,110100,36.107582092285156,67.55165100097656,110101,22.110233306884766,43.13146209716797,110102,22.43940544128418,45.3198356628418,13.253887038275597,0.09015748346807373,37.94166666666667,51.516666666666666,0.6840996589564188,0.6840996589564188,False,CCOC(=O)C(C(=O)OCC)c1ccccc1,2,coverage,1101
b213664a8c509420288b,2841,2841,7.5989137,0.98128986,2.8800063,7.601998,0.0583449,7.4723573,96f6821f5bbe9a2d582511e2f5f9a94526bfcfb92f31dc06fc52c1af5f952cf4,4.900539795557658,3.3525064042751276,0.08498133654257417,0.07857156996856429,-0.015343254277268289,0.16355290651113846,4.7219915,7.4140124,0.4949665,110100,7.598913669586182,0.9812898635864258,110101,4.113442420959473,9.076229095458984,110102,2.9892632961273193,2.537799730362167e-07,10.90918449573645,0.6792744258333235,4.075,6.716666666666667,0.14472086806767642,0.14472086806767642,False,FC(F)(F)c1cc(Br)cc(C(F)(F)F)c1,2,coverage,1101
b514312eda7950cdcf1c,2070,2070,20.35912,48.466335,9.044324,21.859087,13.395748,48.466335,96f6821f5bbe9a2d582511e2f5f9a94526bfcfb92f31dc06fc52c1af5f952cf4,31.843468983968098,70.95119984944661,3.378019584926901,3.601792693353258,3.4705405978461132,6.979812278280159,12.814763,35.070587,1.7639128,110100,20.359119415283203,48.46633529663086,110101,49.01863479614258,109.72914123535156,110102,26.152652740478516,54.65812301635742,11.118056486849571,0.4630044148819923,4.491666666666666,81.3,1.9498982521585275,1.9498982521585275,False,O=C(c1ccccc1)c1ccc([N+](=O)[O-])cc1,2,coverage,1101
17ff889395addf7d6295,4118,4118,5.530555,21.211184,4.5091248,8.8435545,2.7342434,21.211184,96f6821f5bbe9a2d582511e2f5f9a94526bfcfb92f31dc06fc52c1af5f952cf4,5.9532999992370605,17.989156087239582,0.02828692907838605,0.07103816340622635,0.02796368996557694,0.0993250924846124,4.3344297,18.47694,0.7827399,110100,5.53055477142334,21.211183547973633,110101,7.502152919769287,20.20521354675293,110102,4.827192306518555,12.551071166992188,11.49567592366445,0.8902527744275585,6.033333333333333,18.175,0.010082591941097493,0.010082591941097493,False,O=C(c1ccccc1)c1cccc(C(=O)c2ccccc2)c1,2,coverage,1101
30970941542856ce8eb1,1513,1513,17.4242,40.99834,6.4682636,20.612495,8.289257,40.99834,96f6821f5bbe9a2d582511e2f5f9a94526bfcfb92f31dc06fc52c1af5f952cf4,14.676562945048014,32.54122988382975,0.0914984043168725,0.18213905930808902,0.12898309838035232,0.27363746362496155,14.144232,32.709084,1.7780913,110100,17.4242000579834,40.99834060668945,110101,14.049568176269531,30.280969619750977,110102,12.555920600891113,26.344379425048828,10.786286344947678,0.4819445259867525,10.133333333333333,20.966666666666665,0.601190750275657,0.601190750275657,False,CC(C)=CCC/C(C)=C/C=O,2,coverage,1101
542f504077b58e444bc2,478,478,25.432308,84.55603,12.34406,41.076538,17.648735,84.55603,96f6821f5bbe9a2d582511e2f5f9a94526bfcfb92f31dc06fc52c1af5f952cf4,25.967884063720703,74.23329162597656,0.01018609403809567,0.36915806198682527,-0.05684910469289892,0.37934415602492094,28.73248,66.907295,3.6250088,110100,25.432308197021484,84.5560302734375,110101,25.544803619384766,75.1261978149414,110102,26.92654037475586,63.01764678955078,12.775305661256688,0.9431226680507256,25.583333333333332,60.68333333333333,0.4045745025615751,0.4045745025615751,False,CCOC(=O)/C=C(/C)N,2,coverage,1101
95e342a52004838fd5e0,477,477,17.430607,54.82951,8.191984,28.122547,11.73304,54.82951,96f6821f5bbe9a2d582511e2f5f9a94526bfcfb92f31dc06fc52c1af5f952cf4,15.455911000569662,43.329158782958984,0.05467982540995139,0.31677542547279636,0.11068711320114497,0.3714552508827477,19.930563,43.09647,2.421265,110100,17.430606842041016,54.82950973510742,110101,13.578362464904785,38.49462890625,110102,15.358763694763184,36.66333770751953,11.207979719975793,0.3947165653320879,13.55,33.583333333333336,0.38979891598792227,0.38979891598792227,False,CCOC(=O)/C=C(/C)N,2,coverage,1101
8e17cb06a37c48cc9ab5,1725,1725,4.745714,6.331705,3.9098897,4.806219,0.62934875,6.4735646,96f6821f5bbe9a2d582511e2f5f9a94526bfcfb92f31dc06fc52c1af5f952cf4,3.837366978327433,5.304669097974208,0.04510479517869991,0.07519783997924712,0.055932599608728165,0.12030263515794704,0.8963294,5.844216,0.21879491,110100,4.74571418762207,6.331705093383789,110101,4.947582244873047,9.582290649414062,110102,1.8188045024871826,1.1551124771358445e-05,11.29104312886023,0.2730658602870155,4.35,7.491666666666666,0.09262332026642638,0.09262332026642638,False,C=CC(=O)OCCCCCCCCCCCC,2,coverage,1101
1e77ce24daad192212f6,977,977,17.55905,28.544834,4.8677588,17.691517,11.439703,28.544834,96f6821f5bbe9a2d582511e2f5f9a94526bfcfb92f31dc06fc52c1af5f952cf4,14.762831687927246,25.09864107767741,0.11082468194777778,0.06186066651441202,0.07807744812231848,0.1726853484621898,12.823758,17.105131,1.2589658,110100,17.559049606323242,28.54483413696289,110101,14.656819343566895,26.635498046875,110102,12.072626113891602,20.115591049194336,10.806050837842866,0.8281216100640137,10.758333333333333,22.675,0.3110414381254346,0.3110414381254346,False,c1ccc(-c2ccccn2)cc1,2,coverage,1101
42b3b7216aee53ebe1cc,2962,2962,14.984214,29.44485,5.553793,15.235289,10.917992,29.44485,96f6821f5bbe9a2d582511e2f5f9a94526bfcfb92f31dc06fc52c1af5f952cf4,12.026096979777018,22.531875610351562,0.16883887191497104,0.1773610932426476,0.17262632115817775,0.34619996515761864,9.681496,18.52686,1.1084104,110100,14.984213829040527,29.44485092163086,110101,12.76390266418457,23.565990447998047,110102,8.330174446105957,14.584785461425781,10.986699684188334,0.2097456613373515,6.075,18.766666666666666,0.4668379891954068,0.4668379891954068,False,Brc1cc2ccccc2c2ccccc12,2,coverage,1101
0774ceee565be86b891c,3215,3215,10.326248,26.53313,3.4811492,10.864243,7.1719418,26.53313,96f6821f5bbe9a2d582511e2f5f9a94526bfcfb92f31dc06fc52c1af5f952cf4,9.818212827046713,19.465044657389324,0.017432863630321954,0.11887024080147424,0.020162699414554494,0.1363031044317962,7.3830934,19.361189,0.9925022,110100,10.326248168945312,26.533130645751953,110101,10.559924125671387,16.19310188293457,110102,8.568466186523438,15.668901443481445,10.071862405104808,0.7153861545359382,5.15,17.316666666666666,0.34354650048924484,0.34354650048924484,False,O=C(c1ccccc1)C1CCCCC1,2,coverage,1101
486e498e45d084ced568,2048,2048,20.412224,39.39473,5.202647,20.54893,14.338251,39.39473,96f6821f5bbe9a2d582511e2f5f9a94526bfcfb92f31dc06fc52c1af5f952cf4,28.14788881937663,54.71110534667969,2.7900012960743465,2.3848777207117737,2.579482118729341,5.17487901678612,15.346282,25.056479,1.6356674,110100,20.41222381591797,39.39472961425781,110101,44.0481071472168,86.39340209960938,110102,19.983335494995117,38.345184326171875,11.155217051449393,0.24886431035944068,14.25,38.28333333333333,1.3050463628437827,1.3050463628437827,False,O=C1c2ccccc2-c2ccccc21,2,coverage,1101
7bde1bbf34aba54ccfef,721,721,6.6460867,0.0029284996,5.389738,6.660741,0.0009838354,12.328693,96f6821f5bbe9a2d582511e2f5f9a94526bfcfb92f31dc06fc52c1af5f952cf4,5.823262373606364,3.1955220644037277,0.05258296528116113,0.09692115073404581,0.043826778136371494,0.14950411601520694,1.2710028,12.327709,0.42394197,110100,6.646086692810059,0.002928499598056078,110101,7.163051128387451,9.583630561828613,110102,3.660649299621582,7.131784514058381e-06,10.367171942594517,0.7392581578044832,4.345833333333333,8.15,0.22900047693808814,0.22900047693808814,False,CC1(C)OB(c2ccc(F)cc2)OC1(C)C,2,coverage,1101
d5234e966aa231be05e5,1496,1496,36.604122,57.20773,15.646261,36.604454,18.588871,57.20773,96f6821f5bbe9a2d582511e2f5f9a94526bfcfb92f31dc06fc52c1af5f952cf4,27.961231231689453,41.77229754130045,1.0158681642233542,0.9241850298558529,0.9450011083031541,1.9400531940792072,20.958193,38.61886,2.3575978,110100,36.604122161865234,57.20772933959961,110101,27.249773025512695,44.69185256958008,110102,20.02979850769043,23.41731071472168,11.767663372399705,0.1447378403110655,7.241666666666666,13.666666666666666,2.0473169810817353,2.0473169810817353,False,c1ccc(CNCc2ccccc2)cc1,2,coverage,1101
e598b9cf54086c1c64b2,2231,2231,14.823006,27.577171,5.7481947,14.835129,7.4530315,27.577171,96f6821f5bbe9a2d582511e2f5f9a94526bfcfb92f31dc06fc52c1af5f952cf4,11.945816993713379,21.363084475199383,0.32643512614530173,0.26862081075040617,0.2954625698880226,0.5950559368957079,9.086934,20.12414,1.1172966,110100,14.823005676269531,27.577171325683594,110101,14.504940032958984,25.73029327392578,110102,6.509505271911621,10.78178882598877,10.067829621719085,0.38202236840735404,6.291666666666667,12.625,0.5887513759271483,0.5887513759271483,False,c1ccc2ccccc2c1,2,coverage,1101
ce9886eee330bc401615,1619,1619,11.097968,26.848236,3.903067,12.614378,7.354603,26.848236,96f6821f5bbe9a2d582511e2f5f9a94526bfcfb92f31dc06fc52c1af5f952cf4,10.886458396911621,20.917144457499187,0.07006477810582579,0.15295570123382402,0.07591038885684913,0.2230204793396498,8.711311,19.493633,1.076777,110100,11.097968101501465,26.848236083984375,110101,8.606005668640137,13.270010948181152,110102,12.955401420593262,22.63318634033203,9.61948232497522,0.3744496544386108,5.816666666666666,22.516666666666666,0.3524566347477755,0.3524566347477755,False,Fc1cc(F)c(F)c(F)c1F,2,coverage,1101
855832bd4005ac7abdc6,2446,2446,28.743866,61.299896,11.395794,32.965057,19.300503,61.299896,96f6821f5bbe9a2d582511e2f5f9a94526bfcfb92f31dc06fc52c1af5f952cf4,26.486799240112305,56.88664245605469,0.06661979319741573,0.07187649034139006,0.0673237088007829,0.13849628353880578,21.569263,41.999393,2.4897733,110100,28.743865966796875,61.299896240234375,110101,26.199644088745117,57.524253845214844,110102,24.516887664794922,51.835777282714844,10.280399009699902,0.6369420456550472,30.708333333333332,60.6,0.3604919247933687,0.3604919247933687,False,CCOC(=O)c1cccnc1,2,coverage,1101
4466eabae9624380fbc6,2053,2053,6.1973286,0.0002952477,5.6510973,6.2240624,0.0,16.347383,96f6821f5bbe9a2d582511e2f5f9a94526bfcfb92f31dc06fc52c1af5f952cf4,4.4545087814331055,3.7621773396195834,0.07113525662966498,0.13445544613441102,0.028034845539160757,0.20559070276407598,0.57296515,16.347383,0.49471155,110100,6.197328567504883,0.00029524770798161626,110101,5.182338237762451,11.286236763000488,110102,1.9838595390319824,8.15027956235781e-09,9.577786188867384,0.9806680593570316,4.1,9.941666666666666,0.19537044740547785,0.19537044740547785,False,O=C(c1ccccc1)c1ccc([N+](=O)[O-])cc1,2,coverage,1101
07933c8c797c30bb0e8e,1149,1149,11.377396,28.316387,3.2426271,15.060341,7.872467,28.316387,96f6821f5bbe9a2d582511e2f5f9a94526bfcfb92f31dc06fc52c1af5f952cf4,13.083745638529459,26.677287419637043,0.15287683471390737,0.01200976805331327,0.011753837136603608,0.16488660276722064,11.817714,20.44392,1.2918987,110100,11.377395629882812,28.316387176513672,110101,16.80197525024414,27.190959930419922,110102,11.071866035461426,24.52451515197754,10.52487398650562,0.33305484521009876,15.0,34.725,0.3426465320318325,0.3426465320318325,False,c1ccc2ncccc2c1,2,coverage,1101
6716006fb3d4c4c8a766,2845,2845,7.694082,14.080409,2.6358123,8.389967,3.6665325,14.080412,96f6821f5bbe9a2d582511e2f5f9a94526bfcfb92f31dc06fc52c1af5f952cf4,6.252827088038127,10.778137048085531,0.09395195532931404,0.17387718470570696,0.12688858376679285,0.267829140035021,5.7541547,10.413879,0.6419677,110100,7.694081783294678,14.080409049987793,110101,7.729642391204834,15.962827682495117,110102,3.334757089614868,2.2911744117736816,9.364765637634603,0.29527159672383996,5.566666666666666,9.791666666666666,0.06936754541638356,0.06936754541638356,False,FC(F)(F)c1cc(Br)cc(C(F)(F)F)c1,2,coverage,1101
29b39881584c4fec1c58,1379,1379,28.627535,58.979923,12.289862,31.85754,15.25885,58.979923,96f6821f5bbe9a2d582511e2f5f9a94526bfcfb92f31dc06fc52c1af5f952cf4,24.856251398722332,49.556680043538414,0.16336540070510702,0.21187546714175282,0.1844259587840712,0.37524086784685984,19.567678,43.721073,2.4168327,110100,28.627534866333008,58.979923248291016,110101,23.632665634155273,45.40031814575195,110102,22.30855369567871,44.289798736572266,10.549731526576508,0.4806322238573675,14.425,50.825,0.6682764835276304,0.6682764835276304,False,Oc1ccc(OC(F)(F)F)cc1,2,coverage,1101
fe7d7af2c919facfe5f5,1374,1374,20.410809,40.330097,9.2622175,22.982086,10.6772,40.330097,96f6821f5bbe9a2d582511e2f5f9a94526bfcfb92f31dc06fc52c1af5f952cf4,17.728417078653973,35.69178072611491,0.11792604818966274,0.06588285256994374,0.08756114846129835,0.18380890075960649,13.719869,29.652897,1.6663647,110100,20.410808563232422,40.33009719848633,110101,14.768592834472656,31.21180534362793,110102,18.005849838256836,35.53343963623047,9.666793289267982,0.8304192872059608,15.541666666666666,27.725,0.3567732465662583,0.3567732465662583,False,Oc1ccc(OC(F)(F)F)cc1,2,coverage,1101
249b884b29177edb9df5,203,203,15.300704,34.166454,8.791773,18.01977,9.209675,34.166454,96f6821f5bbe9a2d582511e2f5f9a94526bfcfb92f31dc06fc52c1af5f952cf4,12.912583669026693,28.36797523498535,0.08772917234984229,0.08058431305877509,0.06663146543385644,0.16831348540861737,9.227997,24.95678,1.2618266,110100,15.300704002380371,34.16645431518555,110101,10.419941902160645,25.948633193969727,110102,13.017105102539062,24.98883819580078,9.640428554376824,0.04278417489206132,41.59166666666667,69.89166666666667,2.9075545051870986,2.9075545051870986,False,CCOC(=O)c1ccccc1N,2,coverage,1101
ed763ea5943e63a671c9,4103,4103,10.056218,22.019588,4.8208036,12.379274,4.2995415,22.019588,96f6821f5bbe9a2d582511e2f5f9a94526bfcfb92f31dc06fc52c1af5f952cf4,10.1236941019694,20.434406280517578,0.02669260916679396,0.01701499574016435,0.01660813273061582,0.04370760490695831,7.5584707,17.720047,0.95696115,110100,10.056218147277832,22.019588470458984,110101,8.811662673950195,17.77408218383789,110102,11.503201484680176,21.50954818725586,8.890694730558193,0.11291079934403725,6.225,10.541666666666666,0.5147824054024522,0.5147824054024522,False,COCCCCC(=O)c1ccc(C(F)(F)F)cc1,2,coverage,1101
