epoch,train_loss,normalized_valid_score,legacy_valid_score,V1_mae,V1_rmse,V1_r2,V1_mean_pinball_loss,V1_interval_80_coverage,V1_interval_80_mean_width,V2_mae,V2_rmse,V2_r2,V2_mean_pinball_loss,V2_interval_80_coverage,V2_interval_80_mean_width,quantile_crossing_rate,V1_quantile_crossing_rate,V2_quantile_crossing_rate
1,648.83203125,1.386067245373845,548.1948721934905,7.516176223754883,13.693306922912598,0.26097247145772806,3.516867160797119,0.03508771929824561,8.140093803405762,14.037888526916504,26.85845184326172,0.3447888011268837,6.43887186050415,0.017543859649122806,4.572090148925781,0.0,0.0,0.0
2,599.645263671875,1.2868868655541386,509.17699451142107,7.145058631896973,13.164688110351562,0.31693014634508676,3.346904993057251,0.05263157894736842,8.447084426879883,13.397200584411621,25.917869567871094,0.3898762226865008,6.164897918701172,0.017543859649122806,4.5763349533081055,0.0,0.0,0.0
3,554.25341796875,1.1957611353137296,473.3372829694863,6.833014965057373,12.658160209655762,0.3684829168404047,3.200565814971924,0.07017543859649122,8.73621654510498,12.828134536743164,25.02431869506836,0.43122060284914077,5.919790744781494,0.07017543859649122,4.584088325500488,0.0,0.0,0.0
4,512.9119262695312,1.1144465624562645,441.35735985232986,6.589176177978516,12.188244819641113,0.4145008077762603,3.072237730026245,0.08771929824561403,9.00220775604248,12.380571365356445,24.1993408203125,0.4681043811461111,5.721656799316406,0.07017543859649122,4.596556186676025,0.0,0.0,0.0
5,475.458251953125,1.0437829306475208,413.58763524331516,6.3973822593688965,11.761251449584961,0.45480609149395557,2.9627792835235596,0.08771929824561403,9.238157272338867,12.080315589904785,23.46318817138672,0.49997301678841277,5.559884071350098,0.05263157894736842,4.611822128295898,0.0,0.0,0.0
6,442.0899658203125,0.9835363996307387,389.94503364438697,6.2235517501831055,11.379073143005371,0.48966218577334664,2.862475633621216,0.08771929824561403,9.443434715270996,11.808334350585938,22.823747634887695,0.5268560761555241,5.429032325744629,0.05263157894736842,4.6293230056762695,0.0,0.0,0.0
7,412.669921875,0.9331219139796811,370.20279217411553,6.088530540466309,11.041994094848633,0.5194495304431206,2.776585340499878,0.10526315789473684,9.616541862487793,11.587676048278809,22.283498764038086,0.5489900591607693,5.327396392822266,0.05263157894736842,4.649726867675781,0.0,0.0,0.0
8,386.82354736328125,0.8915641362195377,353.9851262958555,5.9654221534729,10.746382713317871,0.5448352794804572,2.701251983642578,0.12280701754385964,9.75557804107666,11.393046379089355,21.840347290039062,0.5667501164759738,5.246842384338379,0.07017543859649122,4.6674299240112305,0.0,0.0,0.0
9,364.2566833496094,0.8568153183284593,340.4997367824135,5.850567817687988,10.47939395904541,0.5671710611833543,2.635087251663208,0.14035087719298245,9.858736991882324,11.213441848754883,21.479387283325195,0.5809525913997937,5.177272319793701,0.10526315789473684,4.681546211242676,0.0,0.0,0.0
10,344.46630859375,0.8278367485194129,329.3259252963935,5.761098861694336,10.238213539123535,0.5868646632915068,2.5812363624572754,0.15789473684210525,9.929044723510742,11.086981773376465,21.189851760864258,0.592173685984509,5.1252055168151855,0.14035087719298245,4.69180154800415,0.0,0.0,0.0
11,326.8202819824219,0.8033478960926526,319.9480713924386,5.684621810913086,10.01777458190918,0.604463617993575,2.5346734523773193,0.17543859649122806,9.968023300170898,10.990689277648926,20.956729888916016,0.6010978152312916,5.082883834838867,0.15789473684210525,4.698451042175293,0.0,0.0,0.0
12,310.779541015625,0.7820363624448489,311.85111231465544,5.6169304847717285,9.809666633605957,0.6207265428357758,2.4964113235473633,0.17543859649122806,9.97669506072998,10.88877010345459,20.766393661499023,0.6083108914138923,5.0397515296936035,0.17543859649122806,4.699934959411621,0.0,0.0,0.0
13,295.90740966796875,0.7636037382166382,304.90683182596786,5.552236080169678,9.614577293395996,0.635662081108502,2.4617667198181152,0.17543859649122806,9.961967468261719,10.793821334838867,20.613914489746094,0.6140417583094753,4.999175548553467,0.17543859649122806,4.697359085083008,0.0,0.0,0.0
14,281.8459777832031,0.7476746024131269,298.97662395054886,5.479837417602539,9.42866039276123,0.6496162345302827,2.427353858947754,0.17543859649122806,9.930834770202637,10.714815139770508,20.497657775878906,0.6183829120020516,4.958929061889648,0.17543859649122806,4.692597389221191,0.0,0.0,0.0
15,268.2947998046875,0.7341063375562847,293.997213083936,5.400130748748779,9.252817153930664,0.6625636134355898,2.3926525115966797,0.17543859649122806,9.888029098510742,10.63364028930664,20.414827346801758,0.6214608965957893,4.91547155380249,0.17543859649122806,4.686915874481201,0.0,0.0,0.0
16,255.13088989257812,0.722932785108289,289.973975728195,5.3139472007751465,9.089534759521484,0.6743678834236209,2.3583555221557617,0.17543859649122806,9.834855079650879,10.540056228637695,20.364397048950195,0.6233287759612263,4.86672830581665,0.17543859649122806,4.681687831878662,0.0,0.0,0.0
17,242.2615966796875,0.7139435034330766,286.81608622068234,5.223563194274902,8.93950080871582,0.685029078257229,2.3243021965026855,0.21052631578947367,9.775298118591309,10.432541847229004,20.342144012451172,0.6241514682508437,4.812041282653809,0.15789473684210525,4.679500579833984,0.0,0.0,0.0
18,229.71832275390625,0.7070625756226865,284.4854949628798,5.130589008331299,8.804516792297363,0.6944692395086154,2.289762020111084,0.21052631578947367,9.712748527526855,10.30666446685791,20.345317840576172,0.624034229775585,4.751826763153076,0.15789473684210525,4.6808180809021,0.0,0.0,0.0
19,217.52938842773438,0.701901220519576,282.82234801764116,5.035167694091797,8.68356990814209,0.702805659329436,2.253880023956299,0.21052631578947367,9.648496627807617,10.161478996276855,20.367521286010742,0.6232131869787174,4.684297561645508,0.15789473684210525,4.685141563415527,0.0,0.0,0.0
20,205.79281616210938,0.6979595384274844,281.6262926553254,4.935116767883301,8.573887825012207,0.7102659668752649,2.2145886421203613,0.21052631578947367,9.586443901062012,10.006519317626953,20.401702880859375,0.6219474347119877,4.610454559326172,0.15789473684210525,4.693214416503906,0.0,0.0,0.0
21,194.6448516845703,0.6940351468410549,280.4131454905473,4.8302531242370605,8.468217849731445,0.7173636782602677,2.170748233795166,0.21052631578947367,9.531011581420898,9.830939292907715,20.43048858642578,0.6208798394327737,4.531604766845703,0.19298245614035087,4.707836151123047,0.0,0.0,0.0
22,184.2261962890625,0.6895953569632319,278.9624228106268,4.716106414794922,8.36460018157959,0.7242380652534661,2.121803045272827,0.19298245614035087,9.483724594116211,9.656155586242676,20.444847106933594,0.6203467731720275,4.451068878173828,0.19298245614035087,4.7303338050842285,0.0,0.0,0.0
23,174.53575134277344,0.6846304583126548,277.26370261837656,4.593949317932129,8.264524459838867,0.7307971071987467,2.0714120864868164,0.2631578947368421,9.445074081420898,9.493760108947754,20.443157196044922,0.6204095161415315,4.367592811584473,0.21052631578947367,4.757310390472412,0.0,0.0,0.0
24,165.58065795898438,0.6781875818385094,274.93401649281714,4.470864772796631,8.161627769470215,0.7374587375731598,2.0207438468933105,0.2807017543859649,9.421150207519531,9.334474563598633,20.41185188293457,0.6215711947524967,4.277245044708252,0.22807017543859648,4.7879462242126465,0.0,0.0,0.0
25,157.3789520263672,0.6700640188292002,271.89411394451145,4.367454528808594,8.053885459899902,0.7443447052249703,1.971758246421814,0.2631578947368421,9.409789085388184,9.162745475769043,20.348417282104492,0.6239196678357317,4.185945987701416,0.22807017543859648,4.8216166496276855,0.0,0.0,0.0
26,149.90982055664062,0.6599748695814512,268.02812404711585,4.258518695831299,7.939426422119141,0.7515596243544964,1.9207745790481567,0.2631578947368421,9.4110689163208,9.016709327697754,20.24814224243164,0.6276171147633025,4.098098278045654,0.2631578947368421,4.856137275695801,0.0,0.0,0.0
27,143.0161895751953,0.647978596938362,263.3571431483306,4.157734394073486,7.818946838378906,0.7590424854861935,1.867427945137024,0.2631578947368421,9.425093650817871,8.87950325012207,20.110754013061523,0.6326533584761675,4.013178825378418,0.24561403508771928,4.892326354980469,0.0,0.0,0.0
28,136.6338348388672,0.6341432542219146,257.9118884735881,4.055876731872559,7.691836357116699,0.7668131580591087,1.8131318092346191,0.2982456140350877,9.451169967651367,8.742534637451172,19.937278747558594,0.6389634774294928,3.923063278198242,0.24561403508771928,4.930345058441162,0.0,0.0,0.0
29,130.6563720703125,0.6188118013433426,251.8284813050816,3.961284637451172,7.560710430145264,0.7746958726600233,1.7587836980819702,0.3333333333333333,9.486673355102539,8.617781639099121,19.731403350830078,0.6463812152030946,3.8312253952026367,0.2631578947368421,4.970715045928955,0.0,0.0,0.0
30,125.02403259277344,0.6025653057408848,245.3428398667029,3.8698978424072266,7.429108619689941,0.7824708837595612,1.7038096189498901,0.3684210526315789,9.531722068786621,8.495789527893066,19.5013427734375,0.6545792564148929,3.743472099304199,0.2982456140350877,5.017137050628662,0.0,0.0,0.0
31,119.71537780761719,0.5858211130661942,238.6279842376955,3.787902355194092,7.298830509185791,0.7900332564102996,1.6527438163757324,0.45614035087719296,9.581961631774902,8.390913009643555,19.253833770751953,0.6632917215071135,3.6603546142578125,0.2807017543859649,5.068984031677246,0.0,0.0,0.0
32,114.66592407226562,0.5695583479137221,232.08558752623594,3.7201695442199707,7.175414085388184,0.7970739085735701,1.6050102710723877,0.45614035087719296,9.633218765258789,8.28834056854248,19.005210876464844,0.671931328815798,3.582373857498169,0.21052631578947367,5.128220558166504,0.0,0.0,0.0
33,109.91902160644531,0.5542517926770573,225.91239370654057,3.667327642440796,7.061388969421387,0.8034721042867007,1.5598841905593872,0.47368421052631576,9.682953834533691,8.1807279586792,18.764284133911133,0.6801964079027509,3.5105714797973633,0.21052631578947367,5.194436073303223,0.0,0.0,0.0
34,105.49655151367188,0.5404789032487289,220.3506705517102,3.6281380653381348,6.95909309387207,0.8091249174920278,1.5184677839279175,0.49122807017543857,9.728832244873047,8.070104598999023,18.543014526367188,0.6876942238809826,3.4409537315368652,0.24561403508771928,5.265415191650391,0.0,0.0,0.0
35,101.41838073730469,0.5284768169039207,215.50336549068834,3.59319806098938,6.868887901306152,0.8140411771756361,1.480827808380127,0.5087719298245614,9.769876480102539,7.9742431640625,18.34784698486328,0.6942337156940521,3.3779735565185547,0.2631578947368421,5.3425397872924805,0.0,0.0,0.0
36,97.6938247680664,0.5184357239796933,211.45194697856118,3.5646142959594727,6.791426181793213,0.8182116998414835,1.4463547468185425,0.5263157894736842,9.802515983581543,7.888916969299316,18.183975219726562,0.6996711596151889,3.3199877738952637,0.2807017543859649,5.424585342407227,0.0,0.0,0.0
37,94.30152893066406,0.5107266742191795,208.34485955361833,3.543452739715576,6.730406761169434,0.8214636703259972,1.41657292842865,0.5263157894736842,9.826204299926758,7.805546760559082,18.05804443359375,0.7038165527531124,3.2703909873962402,0.3157894736842105,5.508871555328369,0.0,0.0,0.0
38,91.21195983886719,0.505214895944389,206.1280714870163,3.5394461154937744,6.685120582580566,0.8238582162747081,1.3937208652496338,0.5614035087719298,9.8378324508667,7.7275919914245605,17.968708038330078,0.7067398584984201,3.230404853820801,0.3157894736842105,5.593260765075684,0.0,0.0,0.0
39,88.40046691894531,0.5017356827661323,204.73821382843403,3.5445663928985596,6.65371561050415,0.8255092535539623,1.3760077953338623,0.5614035087719298,9.838181495666504,7.656414031982422,17.91459083557129,0.708503601963083,3.1947100162506104,0.3157894736842105,5.67716646194458,0.0,0.0,0.0
40,85.82676696777344,0.5001965885618501,204.13553321215863,3.5478179454803467,6.63634729385376,0.8264190105120643,1.3613672256469727,0.5964912280701754,9.828824043273926,7.608625888824463,17.893821716308594,0.7091791159279066,3.1652421951293945,0.3333333333333333,5.760929584503174,0.0,0.0,0.0
41,83.46127319335938,0.5003528690583883,204.21734848031156,3.5497353076934814,6.632291793823242,0.8266310918737877,1.3494917154312134,0.631578947368421,9.812082290649414,7.567182540893555,17.901399612426758,0.7089327501805883,3.1380836963653564,0.3333333333333333,5.843821048736572,0.0,0.0,0.0
42,81.27169799804688,0.5019296110795852,204.87261061171762,3.5509259700775146,6.639427661895752,0.8262578435328098,1.3396766185760498,0.6140350877192983,9.790106773376465,7.540667533874512,17.93268585205078,0.7079144529488417,3.1147775650024414,0.3508771929824561,5.925261497497559,0.0,0.0,0.0
43,79.25956726074219,0.5043259823123588,205.8593908424957,3.5589487552642822,6.652822017669678,0.8255561163940598,1.331331491470337,0.6140350877192983,9.766525268554688,7.529111862182617,17.97772789001465,0.7064453151138042,3.0963499546051025,0.38596491228070173,6.009768962860107,0.0,0.0,0.0
44,77.38961791992188,0.5069961454724645,206.95591738128337,3.570358991622925,6.6685566902160645,0.8247299731416504,1.3230245113372803,0.631578947368421,9.74429988861084,7.528975963592529,18.026994705200195,0.7048342275347645,3.0814733505249023,0.40350877192982454,6.099000453948975,0.0,0.0,0.0
45,75.64714050292969,0.5095850892180658,208.01745558754465,3.5849392414093018,6.684235572814941,0.8239048258934073,1.314865231513977,0.6491228070175439,9.723957061767578,7.535706520080566,18.07420539855957,0.7032861941502763,3.0690083503723145,0.40350877192982454,6.192984104156494,0.0,0.0,0.0
46,74.03015899658203,0.5119768163376426,208.99465568780602,3.600320339202881,6.6996588706970215,0.8230912424223497,1.3073471784591675,0.6491228070175439,9.703657150268555,7.540500164031982,18.11680030822754,0.7018859926631807,3.0567994117736816,0.38596491228070173,6.291520118713379,0.0,0.0,0.0
47,72.52828979492188,0.513991318186004,209.81475399806936,3.6163792610168457,6.7134528160095215,0.8223620323211793,1.2997785806655884,0.6666666666666666,9.685330390930176,7.543801784515381,18.15182113647461,0.7007323436584317,3.0439560413360596,0.38596491228070173,6.39408540725708,0.0,0.0,0.0
48,71.11419677734375,0.5153208680699178,210.35408443125743,3.630556344985962,6.723077774047852,0.8218522976465603,1.2912288904190063,0.6666666666666666,9.66808795928955,7.5435662269592285,18.174394607543945,0.6999875509981143,3.0296781063079834,0.38596491228070173,6.499253749847412,0.0,0.0,0.0
49,69.77985382080078,0.5156090884971384,210.46981249412875,3.6431734561920166,6.725493431091309,0.8217242520261933,1.2817221879959106,0.6666666666666666,9.650992393493652,7.536863327026367,18.178974151611328,0.6998363267477076,3.013890266418457,0.43859649122807015,6.60676908493042,0.0,0.0,0.0
50,68.51061248779297,0.514762716911635,210.1239966016028,3.6530189514160156,6.720063209533691,0.8220120128231316,1.2721184492111206,0.6842105263157895,9.632669448852539,7.519700527191162,18.16396141052246,0.7003319215127778,2.995633363723755,0.43859649122807015,6.715132713317871,0.0,0.0,0.0
51,67.28834533691406,0.5127309972939695,209.29641315480785,3.6578564643859863,6.706297874450684,0.8227404632601073,1.2621605396270752,0.7192982456140351,9.610677719116211,7.491631031036377,18.1285400390625,0.7014995133996388,2.97302508354187,0.45614035087719296,6.824117183685303,0.0,0.0,0.0
52,66.10867309570312,0.5097311718375432,208.07835069780435,3.6579298973083496,6.684839725494385,0.8238730044043642,1.2529234886169434,0.7017543859649122,9.583035469055176,7.462737560272217,18.07712745666504,0.7031902123457374,2.9501452445983887,0.49122807017543857,6.931958198547363,0.0,0.0,0.0
53,64.98027801513672,0.5059221393774301,206.53336460699302,3.6557719707489014,6.657029151916504,0.8253354086233703,1.244580864906311,0.7192982456140351,9.5512056350708,7.423608779907227,18.012069702148438,0.7053227574912647,2.92441987991333,0.49122807017543857,7.03743314743042,0.0,0.0,0.0
54,63.89791488647461,0.5018758084831518,204.896009802329,3.6536619663238525,6.626260757446289,0.8269462512260136,1.2375091314315796,0.7192982456140351,9.513123512268066,7.372526168823242,17.943727493286133,0.7075547079168494,2.8950986862182617,0.49122807017543857,7.139007568359375,0.0,0.0,0.0
55,62.856849670410156,0.4976964755248887,203.20960878824576,3.6509604454040527,6.5929741859436035,0.8286805477010029,1.2308564186096191,0.7543859649122807,9.469160079956055,7.313373565673828,17.87413215637207,0.7098187767672992,2.8638319969177246,0.5087719298245614,7.235450267791748,0.0,0.0,0.0
56,61.8663444519043,0.4938991251252064,201.6832511856867,3.644672393798828,6.560896396636963,0.8303435876745329,1.2248190641403198,0.7543859649122807,9.419390678405762,7.251466274261475,17.812236785888672,0.7118250267886959,2.833103895187378,0.5087719298245614,7.323986530303955,0.0,0.0,0.0
57,60.906272888183594,0.4906872981457767,200.39718232519954,3.636042356491089,6.5322265625,0.8318230758972056,1.2192792892456055,0.7192982456140351,9.366034507751465,7.186661243438721,17.761035919189453,0.7134793435267835,2.8032479286193848,0.5263157894736842,7.405603408813477,0.0,0.0,0.0
58,59.97442626953125,0.48828754751040926,199.44093576425803,3.6276772022247314,6.5093841552734375,0.8329971959950504,1.2155596017837524,0.7192982456140351,9.309974670410156,7.122371196746826,17.72393035888672,0.7146752568929345,2.7757222652435303,0.5263157894736842,7.479567527770996,0.0,0.0,0.0
59,59.06938171386719,0.4865739607597036,198.7641156550235,3.6197965145111084,6.491291046142578,0.8339242901782172,1.2124853134155273,0.7017543859649122,9.253070831298828,7.061727046966553,17.698997497558594,0.7154774705744499,2.750623941421509,0.5263157894736842,7.547544956207275,0.0,0.0,0.0
60,58.1824951171875,0.4857244559008301,198.43757720080453,3.6136505603790283,6.479703426361084,0.8345166931986421,1.2101030349731445,0.7192982456140351,9.196468353271484,7.005858421325684,17.689037322998047,0.715797596657941,2.728584051132202,0.543859649122807,7.608094215393066,0.0,0.0,0.0
61,57.31890106201172,0.48567670089199505,198.43718952551717,3.6087357997894287,6.473854064941406,0.8348153087528508,1.2083079814910889,0.7192982456140351,9.140686988830566,6.9554057121276855,17.69329833984375,0.7156606576371981,2.7097487449645996,0.543859649122807,7.660446643829346,0.0,0.0,0.0
62,56.478858947753906,0.48623987644898214,198.68771318289055,3.6041159629821777,6.471697807312012,0.8349253587725177,1.2065244913101196,0.7192982456140351,9.085838317871094,6.914761543273926,17.709028244018555,0.7151548546905816,2.694204330444336,0.543859649122807,7.704911231994629,0.0,0.0,0.0
63,55.66497039794922,0.48720657720242266,199.10855488562834,3.5989348888397217,6.4706549644470215,0.8349785521475707,1.2045069932937622,0.7192982456140351,9.031761169433594,6.878020286560059,17.733537673950195,0.7143658680735698,2.680919885635376,0.5614035087719298,7.74114990234375,0.0,0.0,0.0
64,54.8775634765625,0.4884660766044373,199.65402559401082,3.5927469730377197,6.470117568969727,0.8350059338214316,1.2027443647384644,0.7192982456140351,8.977036476135254,6.847757339477539,17.76466178894043,0.7133623229090579,2.6700117588043213,0.5614035087719298,7.767895698547363,0.0,0.0,0.0
65,54.12013244628906,0.489884546909289,200.2675828431477,3.585334539413452,6.469732761383057,0.8350255669205071,1.200971245765686,0.7192982456140351,8.922063827514648,6.822889804840088,17.79944610595703,0.7122387071213582,2.6608023643493652,0.5789473684210527,7.787476539611816,0.0,0.0,0.0
66,53.38074493408203,0.4913923410240172,200.91938690491952,3.576498031616211,6.4694366455078125,0.8350406757972676,1.199022650718689,0.7192982456140351,8.866423606872559,6.801711082458496,17.83624267578125,0.7110477422334567,2.654132604598999,0.5964912280701754,7.800243854522705,0.0,0.0,0.0
67,52.653228759765625,0.4929180138050285,201.58094278963858,3.5669684410095215,6.468551158905029,0.8350858336132836,1.1968116760253906,0.7192982456140351,8.811137199401855,6.781854152679443,17.87393569946289,0.7098251568807656,2.649293899536133,0.631578947368421,7.807241439819336,0.0,0.0,0.0
68,51.93568420410156,0.4944453508778973,202.24371047581462,3.5574302673339844,6.467522621154785,0.8351382842055686,1.1945254802703857,0.7192982456140351,8.756806373596191,6.767422199249268,17.911720275878906,0.7085970317222354,2.646976947784424,0.631578947368421,7.808981418609619,0.0,0.0,0.0
69,51.23048782348633,0.4962244351226339,203.00694245231557,3.5484485626220703,6.46886682510376,0.8350697287323567,1.1924089193344116,0.7192982456140351,8.703621864318848,6.756117343902588,17.953311920166016,0.7072421446020039,2.6460084915161133,0.631578947368421,7.805795669555664,0.0,0.0,0.0
70,50.5416374206543,0.4983039870458347,203.8905844038045,3.5399394035339355,6.472895622253418,0.8348642142455606,1.1904196739196777,0.7192982456140351,8.652012825012207,6.746924877166748,17.99956703186035,0.7057316760807056,2.6460909843444824,0.631578947368421,7.798130512237549,0.0,0.0,0.0
71,49.86708068847656,0.5007627621664337,204.9287988296603,3.5314133167266846,6.479554653167725,0.8345242898405887,1.1884641647338867,0.7192982456140351,8.601556777954102,6.739353179931641,18.052377700805664,0.704002416351266,2.6468780040740967,0.6491228070175439,7.786744594573975,0.0,0.0,0.0
72,49.207298278808594,0.503632390229626,206.1325219401881,3.5233240127563477,6.489619731903076,0.8340097946036832,1.1866461038589478,0.7192982456140351,8.55341911315918,6.7346415519714355,18.11172866821289,0.7020529026559634,2.648958206176758,0.6666666666666666,7.771905899047852,0.0,0.0,0.0
73,48.568115234375,0.5066396165439265,207.39037769462107,3.515469789505005,6.501183986663818,0.8334176954489362,1.1847937107086182,0.7368421052631579,8.507833480834961,6.733116149902344,18.172780990600586,0.7000408327261851,2.651674747467041,0.6666666666666666,7.7545084953308105,0.0,0.0,0.0
74,47.94837951660156,0.5097023239068867,208.6687626311416,3.5084009170532227,6.5137104988098145,0.832775137710237,1.18303644657135,0.7368421052631579,8.464617729187012,6.733002185821533,18.234052658081055,0.6980147576692854,2.654552698135376,0.6666666666666666,7.735438346862793,0.0,0.0,0.0
75,47.34820556640625,0.51267666819636,209.90970438431668,3.502584457397461,6.526013374328613,0.8321428438788792,1.1814481019973755,0.7543859649122807,8.424201011657715,6.734188556671143,18.293214797973633,0.6960518924194604,2.657198667526245,0.6666666666666666,7.717544078826904,0.0,0.0,0.0
76,46.76331329345703,0.5153321899730468,211.01872229311107,3.4990475177764893,6.5366644859313965,0.8315944676188917,1.1802606582641602,0.7543859649122807,8.385180473327637,6.7354536056518555,18.34615707397461,0.6942900163050802,2.659170150756836,0.6666666666666666,7.7014970779418945,0.0,0.0,0.0
77,46.1904411315918,0.5175991395118127,211.96676108961424,3.4967105388641357,6.5453715324401855,0.8311455398426989,1.1791173219680786,0.7543859649122807,8.34700870513916,6.7361979484558105,18.39156723022461,0.6927748171630654,2.660184383392334,0.6842105263157895,7.687129020690918,0.0,0.0,0.0
78,45.63077926635742,0.5193967299108142,212.72048365128467,3.4950761795043945,6.551704406738281,0.8308186310175956,1.1781812906265259,0.7719298245614035,8.30898380279541,6.734640121459961,18.428003311157227,0.6915562466134825,2.6605632305145264,0.6842105263157895,7.674661636352539,0.0,0.0,0.0
79,45.08647537231445,0.5206192425288944,213.2352725321134,3.4938602447509766,6.555380821228027,0.8306287149689298,1.1778324842453003,0.7719298245614035,8.27056884765625,6.730997562408447,18.453306198120117,0.6907087185651031,2.65979266166687,0.6666666666666666,7.664157867431641,0.0,0.0,0.0
80,44.558837890625,0.521256534943102,213.5070862144987,3.4944329261779785,6.556309223175049,0.8305807379546801,1.177983045578003,0.7719298245614035,8.232815742492676,6.726534843444824,18.467370986938477,0.6902370570061582,2.6580653190612793,0.6666666666666666,7.656347751617432,0.0,0.0,0.0
81,44.04624938964844,0.5213930373774485,213.5694649306979,3.496365785598755,6.555319786071777,0.8306318549142677,1.1785269975662231,0.7543859649122807,8.195028305053711,6.72198486328125,18.471450805664062,0.6901001491079202,2.6566030979156494,0.6491228070175439,7.651124477386475,0.0,0.0,0.0
82,43.547157287597656,0.521104974765197,213.4531151501078,3.5007710456848145,6.553038597106934,0.8307497210344263,1.1795698404312134,0.7543859649122807,8.15707778930664,6.716618537902832,18.46677017211914,0.6902571621442036,2.65496826171875,0.6666666666666666,7.647767543792725,0.0,0.0,0.0
83,43.05987548828125,0.5204883268462474,213.19881459192425,3.5069258213043213,6.549649715423584,0.8309247307834502,1.1809990406036377,0.7368421052631579,8.11748218536377,6.710296630859375,18.455400466918945,0.690638475071963,2.6527774333953857,0.6666666666666666,7.644679546356201,0.0,0.0,0.0
84,42.58045959472656,0.5195691658900923,212.81800526479492,3.5139338970184326,6.545097351074219,0.8311596864781461,1.1830497980117798,0.7368421052631579,8.076918601989746,6.703124523162842,18.43798828125,0.6912219597903464,2.649902582168579,0.6666666666666666,7.641189098358154,0.0,0.0,0.0
85,42.11063003540039,0.5185758096113889,212.40581726707592,3.521266460418701,6.5403571128845215,0.8314041464159887,1.1851277351379395,0.7368421052631579,8.036409378051758,6.695980072021484,18.418987274169922,0.6918580415416968,2.647777557373047,0.6842105263157895,7.635251998901367,0.0,0.0,0.0
86,41.653236389160156,0.5174464404730492,211.93895479555795,3.5274770259857178,6.534458160400391,0.8317081471452663,1.1870871782302856,0.7368421052631579,7.994784355163574,6.688565254211426,18.397815704345703,0.6925659851564325,2.645493268966675,0.6842105263157895,7.626237869262695,0.0,0.0,0.0
87,41.20366668701172,0.5162953645881689,211.4653603089157,3.532508373260498,6.527797222137451,0.8320510595627373,1.1890324354171753,0.7368421052631579,7.951452255249023,6.680065631866455,18.37679100036621,0.6932682644753103,2.6441850662231445,0.6842105263157895,7.613508701324463,0.0,0.0,0.0
88,40.76465606689453,0.5151860473363116,211.00986192294295,3.5368566513061523,6.521108627319336,0.8323950523915074,1.1910719871520996,0.7368421052631579,7.9073309898376465,6.67108678817749,18.35674285888672,0.6939371493466298,2.642949342727661,0.6842105263157895,7.595909118652344,0.0,0.0,0.0
89,40.33836364746094,0.514212575421566,210.61198043309946,3.5399677753448486,6.514705181121826,0.8327240545135026,1.1930512189865112,0.7368421052631579,7.861761569976807,6.662143707275391,18.33960723876953,0.6945082784306416,2.6416380405426025,0.6842105263157895,7.57349157333374,0.0,0.0,0.0
90,39.92125701904297,0.5133890815573021,210.27736796775025,3.5421714782714844,6.508716583251953,0.8330314484095164,1.1949503421783447,0.7368421052631579,7.814443111419678,6.653721809387207,18.32560920715332,0.6949744624287567,2.6404151916503906,0.6842105263157895,7.546239852905273,0.0,0.0,0.0
91,39.512638092041016,0.5127231050328634,210.00696824264583,3.5435972213745117,6.503809452056885,0.833283116716495,1.1969376802444458,0.7192982456140351,7.7644171714782715,6.644670009613037,18.314334869384766,0.6953496442230873,2.6391255855560303,0.6842105263157895,7.514873504638672,0.0,0.0,0.0
92,39.11772537231445,0.5122893692982065,209.83160341032294,3.5443050861358643,6.5003981590271,0.8334579576512533,1.1987154483795166,0.7192982456140351,7.712739944458008,6.635268211364746,18.307180404663086,0.6955876691391422,2.63808536529541,0.6666666666666666,7.48059606552124,0.0,0.0,0.0
93,38.733070373535156,0.5120101035917248,209.7184493216928,3.5446317195892334,6.4982709884643555,0.8335669610224743,1.2001808881759644,0.7192982456140351,7.6603617668151855,6.6282057762146,18.302509307861328,0.6957429704376665,2.6386265754699707,0.6666666666666666,7.444305896759033,0.0,0.0,0.0
94,38.353614807128906,0.5120208257797222,209.72375697382836,3.544985294342041,6.498075008392334,0.8335769885898439,1.2014665603637695,0.7192982456140351,7.607715129852295,6.621718883514404,18.30293846130371,0.6957286852080026,2.6404480934143066,0.6491228070175439,7.406394004821777,0.0,0.0,0.0
95,37.977848052978516,0.512260000135573,209.82381963333592,3.5448741912841797,6.498988151550293,0.8335302101568791,1.202549934387207,0.7192982456140351,7.554149627685547,6.615841865539551,18.307756423950195,0.6955684976762382,2.6428723335266113,0.6491228070175439,7.3677473068237305,0.0,0.0,0.0
96,37.60523223876953,0.5127828295725341,210.04152028568205,3.5439019203186035,6.50128173828125,0.8334126816652514,1.2035874128341675,0.7192982456140351,7.498375415802002,6.611046314239502,18.318016052246094,0.695227146044532,2.6456522941589355,0.6491228070175439,7.328555583953857,0.0,0.0,0.0
97,37.236106872558594,0.5135425607656093,210.35863829929826,3.541694402694702,6.504390239715576,0.8332533378800642,1.204756736755371,0.6842105263157895,7.440652847290039,6.606304168701172,18.333114624023438,0.6947245798384057,2.64839243888855,0.6491228070175439,7.288330554962158,0.0,0.0,0.0
98,36.871490478515625,0.5144130690349735,210.72347603000912,3.539004325866699,6.507524013519287,0.8330926435807532,1.206298828125,0.6842105263157895,7.382117748260498,6.601370811462402,18.35078239440918,0.6941358665392303,2.6506474018096924,0.6491228070175439,7.246814727783203,0.0,0.0,0.0
99,36.51268005371094,0.5154117676951119,211.14175092297978,3.5361948013305664,6.511200428009033,0.8329039936390785,1.2078547477722168,0.6842105263157895,7.323617935180664,6.597726821899414,18.370956420898438,0.6934629979873076,2.652813196182251,0.6491228070175439,7.204617500305176,0.0,0.0,0.0
100,36.15999984741211,0.5164448094024754,211.57375521627637,3.5334997177124023,6.515189170837402,0.8326992050536238,1.2093461751937866,0.6842105263157895,7.26594352722168,6.593231678009033,18.391632080078125,0.6927726385877354,2.6545445919036865,0.631578947368421,7.162563323974609,0.0,0.0,0.0
101,35.8128547668457,0.517384980551742,211.9648737832506,3.5329720973968506,6.519405841827393,0.832482582588159,1.2113341093063354,0.6842105263157895,7.209830284118652,6.588196277618408,18.409900665283203,0.6921619528002318,2.656041383743286,0.631578947368421,7.122784614562988,0.0,0.0,0.0
102,35.4713020324707,0.5182314602297327,212.31437712475986,3.532672882080078,6.5239577293396,0.8322485553719232,1.2136374711990356,0.6666666666666666,7.154829025268555,6.582601070404053,18.4256534576416,0.6916349554279049,2.657209873199463,0.631578947368421,7.084845066070557,0.0,0.0,0.0
103,35.13361740112305,0.5189308793483358,212.60050936927678,3.532703399658203,6.528477191925049,0.8320160643655031,1.2162638902664185,0.6666666666666666,7.100832939147949,6.577245235443115,18.437976837158203,0.6912223332604029,2.6582694053649902,0.631578947368421,7.048454284667969,0.0,0.0,0.0
104,34.80170440673828,0.5193793101832568,212.78224877770685,3.5328688621520996,6.531864643096924,0.8318416961106881,1.2187764644622803,0.6666666666666666,7.048473834991455,6.571340560913086,18.445432662963867,0.690972544037566,2.6590819358825684,0.631578947368421,7.014150619506836,0.0,0.0,0.0
105,34.477169036865234,0.519607274626799,212.8741888048919,3.5325191020965576,6.533714771270752,0.8317464173392508,1.2210618257522583,0.6666666666666666,6.997757434844971,6.566527843475342,18.449106216430664,0.6908494545314211,2.6597788333892822,0.631578947368421,6.981701850891113,0.0,0.0,0.0
106,34.158485412597656,0.5196168484478774,212.8776357533809,3.531210422515869,6.533911228179932,0.8317363053647485,1.2229310274124146,0.6666666666666666,6.947261810302734,6.561723232269287,18.449153900146484,0.6908478672836806,2.659954309463501,0.631578947368421,6.950994491577148,0.0,0.0,0.0
107,33.843666076660156,0.5194693430174427,212.81879177681822,3.5286014080047607,6.532528877258301,0.8318074943405017,1.224339246749878,0.6666666666666666,6.896003246307373,6.555216312408447,18.446943283081055,0.6909219388449006,2.659181833267212,0.631578947368421,6.921133995056152,0.0,0.0,0.0
108,33.53216552734375,0.5191264912893189,212.68275569148773,3.524282693862915,6.5291032791137695,0.8319838377222228,1.225285291671753,0.6491228070175439,6.842834949493408,6.5466628074646,18.441993713378906,0.691087790672523,2.6573448181152344,0.631578947368421,6.891417026519775,0.0,0.0,0.0
109,33.22447967529297,0.5186660642321005,212.49999426271847,3.5188286304473877,6.524521350860596,0.8322195699625401,1.2258849143981934,0.6491228070175439,6.789184093475342,6.537477016448975,18.435325622558594,0.6913111568888575,2.6551482677459717,0.631578947368421,6.861034870147705,0.0,0.0,0.0
110,32.91973876953125,0.5181192316731373,212.2821036859425,3.513000965118408,6.519314289093018,0.8324872756247395,1.2261322736740112,0.6491228070175439,6.737039566040039,6.5284810066223145,18.427188873291016,0.6915835410501169,2.653158187866211,0.6140350877192983,6.830282688140869,0.0,0.0,0.0
111,32.618743896484375,0.5175935259322695,212.07205367069423,3.507189989089966,6.51447057723999,0.8327361078520579,1.226109266281128,0.6491228070175439,6.6862006187438965,6.520299434661865,18.419214248657227,0.6918504165280419,2.6517412662506104,0.6140350877192983,6.798842906951904,0.0,0.0,0.0
112,32.32247543334961,0.5170612944066969,211.85963848418783,3.5011179447174072,6.509493350982666,0.8329915913614364,1.2257695198059082,0.6491228070175439,6.635732650756836,6.512057304382324,18.41119956970215,0.6921185680286601,2.6501965522766113,0.6140350877192983,6.766361236572266,0.0,0.0,0.0
113,32.0306282043457,0.5165381908699325,211.6502060466339,3.494706153869629,6.504787921905518,0.8332329451167941,1.2251274585723877,0.631578947368421,6.585460662841797,6.502701759338379,18.403148651123047,0.6923877465719339,2.6488800048828125,0.5964912280701754,6.733007431030273,0.0,0.0,0.0
114,31.74190902709961,0.5162089721850627,211.5199173564272,3.488379716873169,6.501387119293213,0.833407279608756,1.224586844444275,0.631578947368421,6.534821033477783,6.492953777313232,18.39847183227539,0.6925440749131138,2.6475586891174316,0.5964912280701754,6.698630332946777,0.0,0.0,0.0
115,31.456096649169922,0.516155998119185,211.50246900645107,3.4824740886688232,6.499826431274414,0.8334872638077409,1.224040150642395,0.631578947368421,6.484964370727539,6.484473705291748,18.39862632751465,0.6925389396998358,2.6466355323791504,0.5964912280701754,6.663691520690918,0.0,0.0,0.0
116,31.17288589477539,0.5162784460388715,211.55786344255011,3.4762299060821533,6.499093055725098,0.8335248249818102,1.2233988046646118,0.631578947368421,6.435697555541992,6.475950241088867,18.40215492248535,0.6924209854069687,2.6454708576202393,0.5964912280701754,6.6284871101379395,0.0,0.0,0.0
117,30.892528533935547,0.5166197906748969,211.70310884533887,3.469977855682373,6.499693393707275,0.8334940839040662,1.2230558395385742,0.5964912280701754,6.386129379272461,6.467868804931641,18.409622192382812,0.6921712895516461,2.6445047855377197,0.5964912280701754,6.5932111740112305,0.0,0.0,0.0
118,30.614545822143555,0.5171081255329303,211.90924846014786,3.4635589122772217,6.501028060913086,0.8334256803636935,1.2228477001190186,0.5964912280701754,6.336825370788574,6.459895610809326,18.41987419128418,0.6918283506721994,2.643543004989624,0.5964912280701754,6.55781888961792,0.0,0.0,0.0
119,30.33955192565918,0.5177082725507153,212.16206415947477,3.460084915161133,6.502818584442139,0.8333339129289782,1.2231398820877075,0.5964912280701754,6.289572238922119,6.452356338500977,18.432331085205078,0.6914113713540375,2.6426796913146973,0.5964912280701754,6.522792339324951,0.0,0.0,0.0
120,30.066730499267578,0.518400093945168,212.45159949004142,3.458174705505371,6.505428791046143,0.8332000938607316,1.223768711090088,0.5964912280701754,6.244370460510254,6.446776390075684,18.446191787719727,0.6909471480737193,2.642397403717041,0.5964912280701754,6.487745761871338,0.0,0.0,0.0
121,29.795948028564453,0.5190798146908826,212.7345085305733,3.457036018371582,6.508441925048828,0.8330455612821106,1.2246712446212769,0.5964912280701754,6.200448513031006,6.442266464233398,18.45939826965332,0.6905044615666633,2.642528772354126,0.5964912280701754,6.456185340881348,0.0,0.0,0.0
122,29.52813720703125,0.5198160411943399,213.03885740066312,3.4566752910614014,6.512301921844482,0.832847457741569,1.225974678993225,0.5964912280701754,6.157652854919434,6.4400954246521,18.47315788269043,0.690042852576741,2.643566846847534,0.5964912280701754,6.4280009269714355,0.0,0.0,0.0
123,29.263933181762695,0.5205789332749737,213.35355634196821,3.4567039012908936,6.51649284362793,0.8326322533159343,1.227482557296753,0.5964912280701754,6.116270542144775,6.441969871520996,18.487232208251953,0.6895703818326736,2.645765781402588,0.6140350877192983,6.403739929199219,0.0,0.0,0.0
124,29.004817962646484,0.5214428546527238,213.7097565293809,3.456683874130249,6.521285533905029,0.8323859701840244,1.229117512702942,0.5964912280701754,6.074123382568359,6.445191860198975,18.50311279296875,0.6890368487343567,2.6483190059661865,0.6140350877192983,6.382471084594727,0.0,0.0,0.0
125,28.748167037963867,0.5226001101985125,214.18772791628567,3.4558959007263184,6.527462482452393,0.8320682954992429,1.2307684421539307,0.5964912280701754,6.030483722686768,6.449161052703857,18.52457618713379,0.6883149933600137,2.651167631149292,0.6140350877192983,6.3627214431762695,0.0,0.0,0.0
126,28.49500274658203,0.5240219522220816,214.7750389926532,3.454918384552002,6.535026550292969,0.8316788578702055,1.232564091682434,0.5964912280701754,5.986263275146484,6.453203201293945,18.550928115844727,0.6874275662605907,2.654263734817505,0.631578947368421,6.344006538391113,0.0,0.0,0.0
127,28.24378776550293,0.5256029462285912,215.428228314212,3.453758955001831,6.543387413024902,0.8312478750504333,1.234461784362793,0.5964912280701754,5.941694736480713,6.457204341888428,18.58022117614746,0.6864396445934451,2.6575121879577637,0.631578947368421,6.326927661895752,0.0,0.0,0.0
128,27.994617462158203,0.5271735098252122,216.0761829800706,3.452265739440918,6.551947116851807,0.8308060881176703,1.2363409996032715,0.5964912280701754,5.895682334899902,6.459585666656494,18.609039306640625,0.6854662260134966,2.6602468490600586,0.631578947368421,6.311156272888184,0.0,0.0,0.0
129,27.748920440673828,0.5284484212549371,216.6022556106036,3.4500958919525146,6.558860778808594,0.8304488264876335,1.237891674041748,0.5964912280701754,5.849427223205566,6.460503101348877,18.632423400878906,0.6846752475561831,2.6625137329101562,0.631578947368421,6.292746067047119,0.0,0.0,0.0
130,27.505334854125977,0.5294725729851253,217.02496498126334,3.447809934616089,6.564378261566162,0.8301634459718384,1.239268183708191,0.5964912280701754,5.804186820983887,6.461423873901367,18.651214599609375,0.6840388857022902,2.6647589206695557,0.6491228070175439,6.272185802459717,0.0,0.0,0.0
131,27.263927459716797,0.5302577118861964,217.35021611999673,3.4452295303344727,6.568264961242676,0.8299622700116651,1.2406760454177856,0.5789473684210527,5.759618759155273,6.46156644821167,18.665910720825195,0.6835408322593476,2.6667754650115967,0.6491228070175439,6.24933385848999,0.0,0.0,0.0
132,27.025691986083984,0.5308111497244133,217.5811449153009,3.442486524581909,6.570529460906982,0.8298450116228622,1.2419517040252686,0.5789473684210527,5.714805603027344,6.459733963012695,18.676685333251953,0.6831753295639831,2.6682302951812744,0.631578947368421,6.226843357086182,0.0,0.0,0.0
133,26.78947639465332,0.5312004641708001,217.7452518209784,3.4401702880859375,6.571648597717285,0.8297870408040962,1.2432880401611328,0.5789473684210527,5.670182228088379,6.45711088180542,18.684682846069336,0.6829039413228746,2.66930890083313,0.631578947368421,6.208320140838623,0.0,0.0,0.0
134,26.555870056152344,0.5316147472772847,217.91751797574057,3.439162254333496,6.573513507843018,0.829690411518535,1.2450848817825317,0.5789473684210527,5.627010822296143,6.455696105957031,18.692588806152344,0.6826355719647232,2.670543670654297,0.631578947368421,6.194354057312012,0.0,0.0,0.0
135,26.323707580566406,0.5320769927173872,218.10648277696873,3.4391791820526123,6.5765180587768555,0.8295346972400556,1.2472509145736694,0.5614035087719298,5.585894584655762,6.4561662673950195,18.70058250427246,0.6823640592335959,2.6721389293670654,0.631578947368421,6.18363618850708,0.0,0.0,0.0
136,26.09263801574707,0.5325492108969246,218.296896425147,3.4395499229431152,6.580334186553955,0.8293368131580591,1.2497392892837524,0.5614035087719298,5.545125484466553,6.457535743713379,18.708078384399414,0.6821093526550142,2.6739628314971924,0.631578947368421,6.172022819519043,0.0,0.0,0.0
137,25.863569259643555,0.5330053916098411,218.4782634873411,3.4397664070129395,6.584752559661865,0.8291075465041098,1.2522032260894775,0.5614035087719298,5.504766941070557,6.4594011306762695,18.714662551879883,0.6818855818461185,2.675891160964966,0.631578947368421,6.158474445343018,0.0,0.0,0.0
138,25.636272430419922,0.5334716525969092,218.6609298283738,3.4401161670684814,6.590035438537598,0.8288332402041302,1.254734992980957,0.543859649122807,5.464418411254883,6.461308002471924,18.720703125,0.6816801733150042,2.6778807640075684,0.6491228070175439,6.142427444458008,0.0,0.0,0.0
139,25.409774780273438,0.5339051958115005,218.82804797137487,3.440507650375366,6.595719337463379,0.8285378490023921,1.2574284076690674,0.5263157894736842,5.42490816116333,6.4638991355896,18.72562599182129,0.6815127653621461,2.679795742034912,0.6491228070175439,6.124399662017822,0.0,0.0,0.0
140,25.18490982055664,0.5343330197068068,218.99064868940172,3.4410271644592285,6.601979732513428,0.8282122062842798,1.2602671384811401,0.5263157894736842,5.386491775512695,6.46630334854126,18.729896545410156,0.6813674543876351,2.6816515922546387,0.6491228070175439,6.105408668518066,0.0,0.0,0.0
141,24.962039947509766,0.5348328813862773,219.18106235397158,3.4417202472686768,6.609163761138916,0.8278381307534012,1.2633278369903564,0.49122807017543857,5.347929954528809,6.469362258911133,18.734994888305664,0.6811939775463578,2.683570146560669,0.6491228070175439,6.089727878570557,0.0,0.0,0.0
142,24.741348266601562,0.5355275294080916,219.45168364680126,3.4432015419006348,6.617434024810791,0.8274069791193635,1.2667007446289062,0.49122807017543857,5.3088250160217285,6.473370552062988,18.74359893798828,0.6809010836544916,2.68574595451355,0.6491228070175439,6.0754923820495605,0.0,0.0,0.0
143,24.522228240966797,0.5363618370324267,219.78095496676383,3.4448633193969727,6.62615442276001,0.8269518220967744,1.270037293434143,0.49122807017543857,5.270226001739502,6.4782209396362305,18.755001068115234,0.6805127681631715,2.688095808029175,0.6491228070175439,6.063146591186523,0.0,0.0,0.0
144,24.304702758789062,0.5372429488218947,220.13125160639015,3.445829153060913,6.6346306800842285,0.8265088028198735,1.2731918096542358,0.49122807017543857,5.2326765060424805,6.484371185302734,18.767681121826172,0.6800806010627091,2.6907527446746826,0.6491228070175439,6.051326274871826,0.0,0.0,0.0
145,24.088987350463867,0.5381324461425814,220.4875708394486,3.445798873901367,6.642418384552002,0.8261012851830031,1.2760214805603027,0.49122807017543857,5.1956400871276855,6.491644382476807,18.781152725219727,0.6796211395256121,2.6937155723571777,0.6491228070175439,6.0390753746032715,0.0,0.0,0.0
146,23.873844146728516,0.5390094459139183,220.84217053198722,3.444304943084717,6.6491618156433105,0.8257480075696316,1.2782654762268066,0.49122807017543857,5.158819198608398,6.498864650726318,18.795255661010742,0.679139798867701,2.6966700553894043,0.6491228070175439,6.025329113006592,0.0,0.0,0.0
147,23.659656524658203,0.5398430343851164,221.18116868025754,3.4417803287506104,6.65501594543457,0.8254410357092816,1.2799780368804932,0.49122807017543857,5.12169075012207,6.505159378051758,18.80914306640625,0.6786654607733507,2.699280023574829,0.6491228070175439,6.010702610015869,0.0,0.0,0.0
148,23.446792602539062,0.5405978765861637,221.4879646818829,3.4394216537475586,6.660362720489502,0.8251604326371995,1.2814443111419678,0.49122807017543857,5.085690021514893,6.511681079864502,18.821664810180664,0.6782374952110246,2.7019166946411133,0.631578947368421,5.995475769042969,0.0,0.0,0.0
149,23.23535919189453,0.541224985595291,221.74109889764463,3.437145948410034,6.665292263031006,0.8249015390796584,1.2827469110488892,0.49122807017543857,5.051131725311279,6.518425464630127,18.831621170043945,0.6778970150094503,2.7044589519500732,0.631578947368421,5.9809889793396,0.0,0.0,0.0
150,23.025230407714844,0.5417963505731191,221.97162899845534,3.434425115585327,6.669809341430664,0.8246641186966863,1.2837542295455933,0.49122807017543857,5.01706075668335,6.5242533683776855,18.840662002563477,0.6775876573125904,2.7067131996154785,0.631578947368421,5.965712070465088,0.0,0.0,0.0
151,22.816749572753906,0.5422674868973945,222.16153175014392,3.4307897090911865,6.673584461212158,0.8244655931204811,1.2843736410140991,0.49122807017543857,4.98273229598999,6.528275012969971,18.848066329956055,0.6773341956341973,2.7084226608276367,0.631578947368421,5.949681282043457,0.0,0.0,0.0
152,22.609737396240234,0.5425826409546334,222.28677492579573,3.42630672454834,6.676609992980957,0.8243064012681327,1.2846540212631226,0.49122807017543857,4.947943210601807,6.530022144317627,18.852567672729492,0.6771800147458427,2.7094051837921143,0.631578947368421,5.932784557342529,0.0,0.0,0.0
153,22.404464721679688,0.5428327895477372,222.38282198882462,3.422215700149536,6.679953575134277,0.8241303955149426,1.2850399017333984,0.49122807017543857,4.91290283203125,6.530888557434082,18.85529327392578,0.6770866783542047,2.710157871246338,0.631578947368421,5.914836883544922,0.0,0.0,0.0
154,22.202251434326172,0.542993585068828,222.4397460640712,3.419255495071411,6.6834516525268555,0.8239461347441704,1.2863043546676636,0.45614035087719296,4.879170894622803,6.531894683837891,18.855833053588867,0.6770682227089091,2.710958957672119,0.631578947368421,5.895794868469238,0.0,0.0,0.0
155,22.002077102661133,0.5430764910385719,222.46395960936957,3.4171361923217773,6.6866936683654785,0.823775294707504,1.2878451347351074,0.45614035087719296,4.846665859222412,6.53247594833374,18.85481834411621,0.6771029554241701,2.711695432662964,0.631578947368421,5.875051498413086,0.0,0.0,0.0
156,21.803678512573242,0.5431151518880286,222.47245597193978,3.414670944213867,6.688987731933594,0.8236543561677137,1.2891346216201782,0.45614035087719296,4.814330577850342,6.530989646911621,18.853641510009766,0.6771432590677752,2.712068557739258,0.631578947368421,5.849766731262207,0.0,0.0,0.0
157,21.606353759765625,0.5431804341428993,222.49315839125506,3.412219762802124,6.691080570220947,0.8235439854009423,1.2903188467025757,0.45614035087719296,4.782470226287842,6.528783321380615,18.853254318237305,0.6771565172547834,2.7123560905456543,0.631578947368421,5.823484420776367,0.0,0.0,0.0
158,21.41032600402832,0.543221027715793,222.5046847494723,3.409243583679199,6.692758560180664,0.8234554592001242,1.2912169694900513,0.45614035087719296,4.750593662261963,6.526341438293457,18.85267448425293,0.6771763734127911,2.7126424312591553,0.631578947368421,5.796888828277588,0.0,0.0,0.0
159,21.215702056884766,0.5432578193584569,222.5147492761664,3.406038284301758,6.694386005401611,0.8233696002647007,1.2919749021530151,0.45614035087719296,4.718648433685303,6.524077415466309,18.852052688598633,0.6771976612060158,2.712999105453491,0.631578947368421,5.770413398742676,0.0,0.0,0.0
160,21.021514892578125,0.5432818960725609,222.51989887192235,3.402644395828247,6.695852756500244,0.8232921989239779,1.292555809020996,0.45614035087719296,4.686891078948975,6.521684169769287,18.85128402709961,0.6772240219675087,2.713254690170288,0.631578947368421,5.743547439575195,0.0,0.0,0.0
161,20.828479766845703,0.5433203440170934,222.53130807118782,3.3997280597686768,6.697303295135498,0.8232156078917293,1.29325532913208,0.45614035087719296,4.656396865844727,6.5203166007995605,18.850858688354492,0.6772385872997151,2.7136645317077637,0.631578947368421,5.717968463897705,0.0,0.0,0.0
