repetition_seed,phase,candidate_id,member_seed,fit_seed,train_rows,validation_rows,validation_ids_hash,frozen_unchanged,trainable_changed,best_epoch,epochs_run,fit_seconds,checkpoint_sha256
4601,baseline,__baseline__,42,46010042,22,8,cc204a4462997541609f7fb3e5f243ed2207e28efd71b6a3ee34db34302f4067,True,True,80,180,16.44318545795977,545a7262545b06f0a5ecdb1e9aca453987120e4e97078247cd139086aac91186
4601,baseline,__baseline__,525,46010525,22,8,cc204a4462997541609f7fb3e5f243ed2207e28efd71b6a3ee34db34302f4067,True,True,48,148,15.65291295782663,a70482fe2dfe2eea20b770f4e68a2cfb1bedaf29fafbe32c14524daaeebd8af4
4601,baseline,__baseline__,1101,46011101,22,8,cc204a4462997541609f7fb3e5f243ed2207e28efd71b6a3ee34db34302f4067,True,True,78,178,21.20591020793654,e321a50cd4d3a5babef769731c674d945940fcfc1791c1ebbab32be754657bd8
4601,candidate,c2bd8e8f13a96726e7fc,42,46010042,23,8,cc204a4462997541609f7fb3e5f243ed2207e28efd71b6a3ee34db34302f4067,True,True,72,172,18.056929084006697,60a5f16ed9e00b2f66c680c86df55e1b19d5e5dc6c07ec3f8000c2af4ebb00d7
4601,candidate,c2bd8e8f13a96726e7fc,525,46010525,23,8,cc204a4462997541609f7fb3e5f243ed2207e28efd71b6a3ee34db34302f4067,True,True,51,151,15.570322915911674,b67e3b26e91c420722aa0fbd3dc3ece4cb0af700cf559bcd675d2e8b0dea27b5
4601,candidate,c2bd8e8f13a96726e7fc,1101,46011101,23,8,cc204a4462997541609f7fb3e5f243ed2207e28efd71b6a3ee34db34302f4067,True,True,61,161,16.530212209094316,f6f708d01fa90fa88bcfda83b64cf2b805aa8b68b3f1900b76bbdb04a7f8d03b
4601,candidate,826e9f40c328ce2478ec,42,46010042,23,8,cc204a4462997541609f7fb3e5f243ed2207e28efd71b6a3ee34db34302f4067,True,True,81,181,10.813106833025813,2fb99b0c91ff62b35de8b12e27cffaabe095f770c88d0f8efa960ef2ad8e4138
4601,candidate,826e9f40c328ce2478ec,525,46010525,23,8,cc204a4462997541609f7fb3e5f243ed2207e28efd71b6a3ee34db34302f4067,True,True,92,192,12.438073958037421,ec734a869235bdfef59042ff87b71c9170328ff40b4e601ee3031e17ad3b262c
4601,candidate,826e9f40c328ce2478ec,1101,46011101,23,8,cc204a4462997541609f7fb3e5f243ed2207e28efd71b6a3ee34db34302f4067,True,True,86,186,11.759332541842014,f411c1da8ffe314c4cf3c7d05ae24cfbd04b88b4ff374758c431c3a8f94f357a
4601,candidate,135ac7deca522d1e7929,42,46010042,23,8,cc204a4462997541609f7fb3e5f243ed2207e28efd71b6a3ee34db34302f4067,True,True,79,179,10.3105299170129,daed880eda83176364eaefab084b4394d2f92c43134f4ea1f056afdd9936c0c7
4601,candidate,135ac7deca522d1e7929,525,46010525,23,8,cc204a4462997541609f7fb3e5f243ed2207e28efd71b6a3ee34db34302f4067,True,True,42,142,8.667243957985193,2edf3dc736efa13b2550c8c35e71f2d65d8ae13566de67e3e901032efa92529e
4601,candidate,135ac7deca522d1e7929,1101,46011101,23,8,cc204a4462997541609f7fb3e5f243ed2207e28efd71b6a3ee34db34302f4067,True,True,110,210,13.65901487506926,98587088b7280e53cdaf7f3a3d2a9f9e5352439577b4ce9cec2fe344d8242d69
4601,candidate,474238f822b0c38795c6,42,46010042,23,8,cc204a4462997541609f7fb3e5f243ed2207e28efd71b6a3ee34db34302f4067,True,True,81,181,10.820819624932483,53af04d0a4cd1c2294a0ec8e14ad06740dbd0bc3b6af0fbd8f046be77672cafd
4601,candidate,474238f822b0c38795c6,525,46010525,23,8,cc204a4462997541609f7fb3e5f243ed2207e28efd71b6a3ee34db34302f4067,True,True,47,147,8.791246250038967,8342da03301e88e9f66cb6271920a555a792b38599d788f3a75c967f8358a1d9
4601,candidate,474238f822b0c38795c6,1101,46011101,23,8,cc204a4462997541609f7fb3e5f243ed2207e28efd71b6a3ee34db34302f4067,True,True,77,177,11.350239124847576,cbf6d83de564294e7c1fd512e20ec12f5f1149a2e2141b9cda4518c7c864c0fc
4601,candidate,c883df6ea04f89f45f03,42,46010042,23,8,cc204a4462997541609f7fb3e5f243ed2207e28efd71b6a3ee34db34302f4067,True,True,72,172,10.12144654081203,85204015171739d3d6e1a3ece000a8219d0b5bb242f26f89156a4937ef408818
4601,candidate,c883df6ea04f89f45f03,525,46010525,23,8,cc204a4462997541609f7fb3e5f243ed2207e28efd71b6a3ee34db34302f4067,True,True,48,148,9.184364625019953,4be028b1627cf61c965a20a8c1719848175cb9aa1717c0ed2113d892d09664e9
4601,candidate,c883df6ea04f89f45f03,1101,46011101,23,8,cc204a4462997541609f7fb3e5f243ed2207e28efd71b6a3ee34db34302f4067,True,True,76,176,10.982954707928002,cecdf9f3b9a7ccd84f75e137cfdaad2997d13d140a4104c2f5da4e6a4537bbb6
4601,candidate,d67e364fd6830aa2bf6f,42,46010042,23,8,cc204a4462997541609f7fb3e5f243ed2207e28efd71b6a3ee34db34302f4067,True,True,73,173,9.669712624978274,4d11c6f57abf1ffc6158eb367a55dda087cfebc253168e38b12b0f22a7282321
4601,candidate,d67e364fd6830aa2bf6f,525,46010525,23,8,cc204a4462997541609f7fb3e5f243ed2207e28efd71b6a3ee34db34302f4067,True,True,50,150,8.930680125020444,36b8fc485ca18a574bbaeec557ac2449b51b70f84b22f176b2e83cdc412f07a4
4601,candidate,d67e364fd6830aa2bf6f,1101,46011101,23,8,cc204a4462997541609f7fb3e5f243ed2207e28efd71b6a3ee34db34302f4067,True,True,74,174,11.255182374967262,6d1e84ad9f5691c015266b2d99595fcd3840dc6d8b43bfd712cf4c51b2a2bf99
4601,candidate,3a02b99399bb0c3e9ff9,42,46010042,23,8,cc204a4462997541609f7fb3e5f243ed2207e28efd71b6a3ee34db34302f4067,True,True,72,172,9.831075167050585,8aa515dcedd95f5afbe2045cdf017d24ed628afaf751fb1475efe93f85dbb78f
4601,candidate,3a02b99399bb0c3e9ff9,525,46010525,23,8,cc204a4462997541609f7fb3e5f243ed2207e28efd71b6a3ee34db34302f4067,True,True,49,149,9.344425041927025,de9439cd3c9362ef933cb66df1514462115bc1e4aba58cdfeb165b9cf47b764c
4601,candidate,3a02b99399bb0c3e9ff9,1101,46011101,23,8,cc204a4462997541609f7fb3e5f243ed2207e28efd71b6a3ee34db34302f4067,True,True,76,176,11.254343958105892,868ef75ca7303167ad94a584034f4727a5c6e04ec87abdd48d1ff5f6120a21d4
4601,candidate,d31d42caff135d7154c4,42,46010042,23,8,cc204a4462997541609f7fb3e5f243ed2207e28efd71b6a3ee34db34302f4067,True,True,99,199,12.731098500080407,df0657ec3c8e2683e6b75472bfdd96b338f77a93e430ec83e9b113a9177fcb67
4601,candidate,d31d42caff135d7154c4,525,46010525,23,8,cc204a4462997541609f7fb3e5f243ed2207e28efd71b6a3ee34db34302f4067,True,True,70,170,10.4320751670748,3979e621dfef518175e85c850286108963a0244fd81de1545192803f8ff929f4
4601,candidate,d31d42caff135d7154c4,1101,46011101,23,8,cc204a4462997541609f7fb3e5f243ed2207e28efd71b6a3ee34db34302f4067,True,True,116,216,14.56728283292614,8a01707f29e2fbe693d3f74e3822d5c78abb71f39cecbd6d2643ccb9842b2d80
4601,candidate,c7bc53c45a1962a88ec3,42,46010042,23,8,cc204a4462997541609f7fb3e5f243ed2207e28efd71b6a3ee34db34302f4067,True,True,83,183,11.103089458076283,35e99c955174172830e6c6dc56dad55f05c80862ebedc9a54183f0aab93bc075
4601,candidate,c7bc53c45a1962a88ec3,525,46010525,23,8,cc204a4462997541609f7fb3e5f243ed2207e28efd71b6a3ee34db34302f4067,True,True,47,147,9.393507458968088,251a7f83a6a5651800b7eb61d4ebbf1239bfc1ab90cbc7461a6cec7b2a8357d6
4601,candidate,c7bc53c45a1962a88ec3,1101,46011101,23,8,cc204a4462997541609f7fb3e5f243ed2207e28efd71b6a3ee34db34302f4067,True,True,113,213,14.732205250067636,4789a8255cb5825cf698b427ba0c84c9b333d2aed65963096fc19641d5657ed7
4601,candidate,41a468134f078d2de17d,42,46010042,23,8,cc204a4462997541609f7fb3e5f243ed2207e28efd71b6a3ee34db34302f4067,True,True,309,409,24.969543125014752,a35daec4f510fe04d467bb5a10845ab11aea13d44357d62ff0cfaf8d3b1ce1ae
4601,candidate,41a468134f078d2de17d,525,46010525,23,8,cc204a4462997541609f7fb3e5f243ed2207e28efd71b6a3ee34db34302f4067,True,True,46,146,8.9763199579902,6104708d5fcb747c037f699720ce24fca212285a46c23e87d562b91bf72ada1e
4601,candidate,41a468134f078d2de17d,1101,46011101,23,8,cc204a4462997541609f7fb3e5f243ed2207e28efd71b6a3ee34db34302f4067,True,True,110,210,13.547204458154738,e38d2dbee640507830d9713bdf301333ac686761365cd472da648acec195f7f3
4601,candidate,31d92ca6486b229184cf,42,46010042,23,8,cc204a4462997541609f7fb3e5f243ed2207e28efd71b6a3ee34db34302f4067,True,True,73,173,10.823432334000245,7c0eee8932c5696c68d3b094d700e7a0770dadee2bb4ca2a6deff553bfcb3143
4601,candidate,31d92ca6486b229184cf,525,46010525,23,8,cc204a4462997541609f7fb3e5f243ed2207e28efd71b6a3ee34db34302f4067,True,True,48,148,9.385715707903728,b0980c10feb32109b8f17f0a48064cb59dabc2a9eeabe50e6b5aeb89b8b4b40a
4601,candidate,31d92ca6486b229184cf,1101,46011101,23,8,cc204a4462997541609f7fb3e5f243ed2207e28efd71b6a3ee34db34302f4067,True,True,72,172,11.272133167134598,8a9de0bdfca33d3dfe28522ac87fef4fc21077404ed24218c5e286e1ccb1078f
4601,candidate,640353c89b3ce64ee98b,42,46010042,23,8,cc204a4462997541609f7fb3e5f243ed2207e28efd71b6a3ee34db34302f4067,True,True,83,183,11.50473599997349,ee14b75b90eb2be2bd02e035838c4f5bacc9633eb8acf7713570b97da789e523
4601,candidate,640353c89b3ce64ee98b,525,46010525,23,8,cc204a4462997541609f7fb3e5f243ed2207e28efd71b6a3ee34db34302f4067,True,True,50,150,9.062721417052671,2a1d5802c67b47bade58b41dc8e1b1e1853a7083211f70859f31e21bf7069a4d
4601,candidate,640353c89b3ce64ee98b,1101,46011101,23,8,cc204a4462997541609f7fb3e5f243ed2207e28efd71b6a3ee34db34302f4067,True,True,75,175,11.468963667051867,5a2f7c80cc4fe04d274d829ed4075736928940ca95ca2de64bd8213d25838c92
4601,candidate,194278dd9ee3d2407ed5,42,46010042,23,8,cc204a4462997541609f7fb3e5f243ed2207e28efd71b6a3ee34db34302f4067,True,True,109,209,13.967816208023578,12cedbe0d947de2c8994a5a40eef29bb919b9cc79133af25d3c12e28f79a69ee
4601,candidate,194278dd9ee3d2407ed5,525,46010525,23,8,cc204a4462997541609f7fb3e5f243ed2207e28efd71b6a3ee34db34302f4067,True,True,47,147,9.628483125008643,a1e634294d7fa0389afb881870e43cf4f12fd4835ae290ba6fbc4b4b911b71ad
4601,candidate,194278dd9ee3d2407ed5,1101,46011101,23,8,cc204a4462997541609f7fb3e5f243ed2207e28efd71b6a3ee34db34302f4067,True,True,113,213,14.132701375056058,03a890e320a762f031773fea85b905e2275a68a1357a517d3ede12d6f197f6f4
4601,candidate,88f58ab7b7cf02f8f134,42,46010042,23,8,cc204a4462997541609f7fb3e5f243ed2207e28efd71b6a3ee34db34302f4067,True,True,246,346,20.70382187492214,a9bc478215b7d39165456c17f35c35e1884b26c4c1f2909bacd79044ace621ff
4601,candidate,88f58ab7b7cf02f8f134,525,46010525,23,8,cc204a4462997541609f7fb3e5f243ed2207e28efd71b6a3ee34db34302f4067,True,True,51,151,9.526927500031888,11ff88da689e49586d14f03b23801904b01f0dc2ea27e40431915586b14086bc
4601,candidate,88f58ab7b7cf02f8f134,1101,46011101,23,8,cc204a4462997541609f7fb3e5f243ed2207e28efd71b6a3ee34db34302f4067,True,True,79,179,11.700626499950886,e4aed3dfb99fac6f93a039b93a1df194a806c9bf4750ab1d794e19ebedde937c
4601,candidate,08820514e662ce6ea8f0,42,46010042,23,8,cc204a4462997541609f7fb3e5f243ed2207e28efd71b6a3ee34db34302f4067,True,True,85,185,12.087859792169183,de4b153e0f5a9c2f0adbf9d7e97d7e815d1dcd19f866d9fc0f54137493066f13
4601,candidate,08820514e662ce6ea8f0,525,46010525,23,8,cc204a4462997541609f7fb3e5f243ed2207e28efd71b6a3ee34db34302f4067,True,True,49,149,9.535496459109709,16149e1d2e79f64a7627272975e53406401da25e022540697ce1edb1ed8ae3cd
4601,candidate,08820514e662ce6ea8f0,1101,46011101,23,8,cc204a4462997541609f7fb3e5f243ed2207e28efd71b6a3ee34db34302f4067,True,True,94,194,12.711903041927144,b78a9a124cc28cf1ac34b56b499c45b994ed262ecc066897dbd2efe1667c106d
4601,candidate,0c0f89307cc4aff87ab6,42,46010042,23,8,cc204a4462997541609f7fb3e5f243ed2207e28efd71b6a3ee34db34302f4067,True,True,84,184,12.004218624904752,5991fd583645f24bf25b129650cf05965f37077988cea04841d20639e7dca7bd
4601,candidate,0c0f89307cc4aff87ab6,525,46010525,23,8,cc204a4462997541609f7fb3e5f243ed2207e28efd71b6a3ee34db34302f4067,True,True,47,147,9.550649457843974,a2bbf13ccb0189839d9d55a1d70dc848ba30bcfa4f9ec4b8d5751c6fc741ffed
4601,candidate,0c0f89307cc4aff87ab6,1101,46011101,23,8,cc204a4462997541609f7fb3e5f243ed2207e28efd71b6a3ee34db34302f4067,True,True,118,218,14.501315500121564,5ae0dd6ec289baa9455f2c9f81ff33cd98776fe16f51e89462ea368bce6bc013
4601,candidate,10d51839b15b94f0ae56,42,46010042,23,8,cc204a4462997541609f7fb3e5f243ed2207e28efd71b6a3ee34db34302f4067,True,True,89,189,12.043398499954492,3e81e17a82f294292aff64658098a9846c1104eebd9d792e9ba5e521181c49e7
4601,candidate,10d51839b15b94f0ae56,525,46010525,23,8,cc204a4462997541609f7fb3e5f243ed2207e28efd71b6a3ee34db34302f4067,True,True,60,160,9.938776792027056,71e70d1b41973ee087302b6b33e0c564e062a56454e26d1f516c253400e489a4
4601,candidate,10d51839b15b94f0ae56,1101,46011101,23,8,cc204a4462997541609f7fb3e5f243ed2207e28efd71b6a3ee34db34302f4067,True,True,90,190,12.080178499920294,86e585391e53708b659985d0133f5a8d91ab6a341770ac0f269fb690b29c617e
4601,candidate,5ac5df671efee45d3ddf,42,46010042,23,8,cc204a4462997541609f7fb3e5f243ed2207e28efd71b6a3ee34db34302f4067,True,True,73,173,10.350064042024314,f3c36ead4e115d2241d8ebd7fa00d273659102430eafdc08396286863c9fcc95
4601,candidate,5ac5df671efee45d3ddf,525,46010525,23,8,cc204a4462997541609f7fb3e5f243ed2207e28efd71b6a3ee34db34302f4067,True,True,48,148,9.094306000042707,529b71ac33999210565f26bacada3b2ffb55bc3c765d13f1160d48fdf21fe009
4601,candidate,5ac5df671efee45d3ddf,1101,46011101,23,8,cc204a4462997541609f7fb3e5f243ed2207e28efd71b6a3ee34db34302f4067,True,True,87,187,12.349251500098035,c0f3d90cd09503050a6d440ef9a9219f2b65c4be50b373f714b13f220940a25f
4602,baseline,__baseline__,42,46020042,22,8,cc204a4462997541609f7fb3e5f243ed2207e28efd71b6a3ee34db34302f4067,True,True,80,180,10.93424666696228,16953ce4a785d1db09b443bf4b9320250c646a41cba44e91a1da7c7ba34db235
4602,baseline,__baseline__,525,46020525,22,8,cc204a4462997541609f7fb3e5f243ed2207e28efd71b6a3ee34db34302f4067,True,True,48,148,8.801390249980614,97fa4aead73f76b046ab5638ee4a99804e4673a4a450d68807c4ddbfeba7f454
4602,baseline,__baseline__,1101,46021101,22,8,cc204a4462997541609f7fb3e5f243ed2207e28efd71b6a3ee34db34302f4067,True,True,78,178,11.338056833017617,446f1a1aaccbe13af29ec94119f86e0adc78e2f7668e4ab8e3ced04d98295272
4602,candidate,c2bd8e8f13a96726e7fc,42,46020042,23,8,cc204a4462997541609f7fb3e5f243ed2207e28efd71b6a3ee34db34302f4067,True,True,72,172,9.919138708850369,7eb72ddddce868c93c99bc53923b42e02c3c13c5873860f5111659d4e4d5f057
4602,candidate,c2bd8e8f13a96726e7fc,525,46020525,23,8,cc204a4462997541609f7fb3e5f243ed2207e28efd71b6a3ee34db34302f4067,True,True,51,151,9.297265625093132,b2c27f8dcbe7f9663a01f058de0bd1124918a56117e0293255b3b210af9cd6ca
4602,candidate,c2bd8e8f13a96726e7fc,1101,46021101,23,8,cc204a4462997541609f7fb3e5f243ed2207e28efd71b6a3ee34db34302f4067,True,True,61,161,9.965209000045434,caa02c6b133ab7caac7d05d6935bb7387abb900ec16694ed3a33ae3237285cea
4602,candidate,826e9f40c328ce2478ec,42,46020042,23,8,cc204a4462997541609f7fb3e5f243ed2207e28efd71b6a3ee34db34302f4067,True,True,81,181,10.916612666100264,dcd802435b1c3003b5067bb95aed1195892b9b2df5eaa531e28a4a134aad8e2f
4602,candidate,826e9f40c328ce2478ec,525,46020525,23,8,cc204a4462997541609f7fb3e5f243ed2207e28efd71b6a3ee34db34302f4067,True,True,92,192,11.898894582875073,223f5ad198eb47ad19d81ba82b6ee6fccf247c4e22ecd5938c12f197376b05ff
4602,candidate,826e9f40c328ce2478ec,1101,46021101,23,8,cc204a4462997541609f7fb3e5f243ed2207e28efd71b6a3ee34db34302f4067,True,True,86,186,11.686168999876827,937cf52865b948e0754bab10e58520e7d6b3b2422e31433a600643f5ef01c52d
4602,candidate,135ac7deca522d1e7929,42,46020042,23,8,cc204a4462997541609f7fb3e5f243ed2207e28efd71b6a3ee34db34302f4067,True,True,79,179,10.247749082976952,4a373ffb2a17e639bf9867bee7d40fbc156ccae8447cc2c2a9a6a27a1f193163
4602,candidate,135ac7deca522d1e7929,525,46020525,23,8,cc204a4462997541609f7fb3e5f243ed2207e28efd71b6a3ee34db34302f4067,True,True,42,142,9.071803249884397,fd20ca2b5ef2b7e53a4fd6eaabf877577e6608f9f85b38cf75df5fe3973c2dab
4602,candidate,135ac7deca522d1e7929,1101,46021101,23,8,cc204a4462997541609f7fb3e5f243ed2207e28efd71b6a3ee34db34302f4067,True,True,110,210,14.305536458967254,ae7a57e40cd9c18f2b5261073adb6738561212bf6128246bcd1bea9e9f9ea59e
4602,candidate,474238f822b0c38795c6,42,46020042,23,8,cc204a4462997541609f7fb3e5f243ed2207e28efd71b6a3ee34db34302f4067,True,True,81,181,11.380375625099987,9427a45c223ad22bb759922ace3e2d8fa8dda34b0044f0f4c8a82119712520f2
4602,candidate,474238f822b0c38795c6,525,46020525,23,8,cc204a4462997541609f7fb3e5f243ed2207e28efd71b6a3ee34db34302f4067,True,True,47,147,8.87150187510997,e52b548fa257c50c76cc375cba0f847efc723c3ce3846eedaa24a92a14184ded
4602,candidate,474238f822b0c38795c6,1101,46021101,23,8,cc204a4462997541609f7fb3e5f243ed2207e28efd71b6a3ee34db34302f4067,True,True,77,177,11.571917583001778,150e98982611d52a2c2423b1501bd595cb90fdbfd4953264bb71255f58cde29a
4602,candidate,c883df6ea04f89f45f03,42,46020042,23,8,cc204a4462997541609f7fb3e5f243ed2207e28efd71b6a3ee34db34302f4067,True,True,72,172,10.323862958000973,aa3052cd76f122f8d0ba06894e81270ef6e94aee350ce5dacf4361a76404f7e0
4602,candidate,c883df6ea04f89f45f03,525,46020525,23,8,cc204a4462997541609f7fb3e5f243ed2207e28efd71b6a3ee34db34302f4067,True,True,48,148,9.477162583963946,e9318659daa16e14fb8fdb8acb72b7dc4cee69d9dcd80bae6602f669b0b735f4
4602,candidate,c883df6ea04f89f45f03,1101,46021101,23,8,cc204a4462997541609f7fb3e5f243ed2207e28efd71b6a3ee34db34302f4067,True,True,76,176,11.602946375031024,1dd18e1bc3cf0faf1ed3c44ff2812e5a2a2e5e2f01a7d114af6633404733a942
4602,candidate,d67e364fd6830aa2bf6f,42,46020042,23,8,cc204a4462997541609f7fb3e5f243ed2207e28efd71b6a3ee34db34302f4067,True,True,73,173,10.314224374946207,647be7c6a49577f6984d9208abfaa084d70562e860e4d57062428fa2a29c1644
4602,candidate,d67e364fd6830aa2bf6f,525,46020525,23,8,cc204a4462997541609f7fb3e5f243ed2207e28efd71b6a3ee34db34302f4067,True,True,50,150,9.64674466685392,ad5fefd64e713f97c3e9ade8a3fd49bc7e7ace6e18ef46b71b61910ff3351607
4602,candidate,d67e364fd6830aa2bf6f,1101,46021101,23,8,cc204a4462997541609f7fb3e5f243ed2207e28efd71b6a3ee34db34302f4067,True,True,74,174,11.797982084099203,bb7062eff511bf3e85251ffcc079fe2218ca23a8f263b59374194daf68413f72
4602,candidate,3a02b99399bb0c3e9ff9,42,46020042,23,8,cc204a4462997541609f7fb3e5f243ed2207e28efd71b6a3ee34db34302f4067,True,True,72,172,9.975216542137787,0794c10f922c4bcdb2ec7fc45a5902402f733cb4a76e60d9f9db54b0fc66ba02
4602,candidate,3a02b99399bb0c3e9ff9,525,46020525,23,8,cc204a4462997541609f7fb3e5f243ed2207e28efd71b6a3ee34db34302f4067,True,True,49,149,9.38471454102546,b10e0139a594cf44b42c3380b86a9071c2da591e2f61b3b7aefa53036b8e2c85
4602,candidate,3a02b99399bb0c3e9ff9,1101,46021101,23,8,cc204a4462997541609f7fb3e5f243ed2207e28efd71b6a3ee34db34302f4067,True,True,76,176,11.91725583304651,2d57ed2a98ea48d6130ff8361d10fcde067428b379818a1aab22a91acccac7f3
4602,candidate,d31d42caff135d7154c4,42,46020042,23,8,cc204a4462997541609f7fb3e5f243ed2207e28efd71b6a3ee34db34302f4067,True,True,99,199,13.083964708028361,4fc8359eb773ae32b9534a1b9c0b1632e81aa7c18e17190995aca7a907ab7155
4602,candidate,d31d42caff135d7154c4,525,46020525,23,8,cc204a4462997541609f7fb3e5f243ed2207e28efd71b6a3ee34db34302f4067,True,True,70,170,11.326163666089997,b044f0dc8569b7a3ef52754dd746866f5e63a2d3f5573ec75943d3a57681081d
4602,candidate,d31d42caff135d7154c4,1101,46021101,23,8,cc204a4462997541609f7fb3e5f243ed2207e28efd71b6a3ee34db34302f4067,True,True,116,216,14.94066287507303,34e57208abb57af49eeb6c3878c4fef241552b28846a13c4ed544669c1f04ec2
4602,candidate,c7bc53c45a1962a88ec3,42,46020042,23,8,cc204a4462997541609f7fb3e5f243ed2207e28efd71b6a3ee34db34302f4067,True,True,83,183,11.507307040970773,4174856163005b93fb5c0ea2e5bebb3364a96c43bcb7ae53b34b94a8d678cf63
4602,candidate,c7bc53c45a1962a88ec3,525,46020525,23,8,cc204a4462997541609f7fb3e5f243ed2207e28efd71b6a3ee34db34302f4067,True,True,47,147,9.477029792033136,469b56ee6d5248c86b58a735602c83934eb2b04c781e986e72947c22a97014af
4602,candidate,c7bc53c45a1962a88ec3,1101,46021101,23,8,cc204a4462997541609f7fb3e5f243ed2207e28efd71b6a3ee34db34302f4067,True,True,113,213,14.55959479114972,554fe05e86ce4ba3a75d840d4e5c10a086b1db380fb1b9358e0e80573e061944
4602,candidate,41a468134f078d2de17d,42,46020042,23,8,cc204a4462997541609f7fb3e5f243ed2207e28efd71b6a3ee34db34302f4067,True,True,309,409,24.768217208096758,6ea81eabc36e8d40fdd844229338bd1d5f8987283d168ead8d5d402f9ebb2fe0
4602,candidate,41a468134f078d2de17d,525,46020525,23,8,cc204a4462997541609f7fb3e5f243ed2207e28efd71b6a3ee34db34302f4067,True,True,46,146,9.249110416974872,60e92835685e403d64eaf818434456544574bb5fdbfc741208c77db1511caa2d
4602,candidate,41a468134f078d2de17d,1101,46021101,23,8,cc204a4462997541609f7fb3e5f243ed2207e28efd71b6a3ee34db34302f4067,True,True,110,210,13.621270999778062,0292d14348856a971903becbcca255bdda500576738d0dae589d080286cab663
4602,candidate,31d92ca6486b229184cf,42,46020042,23,8,cc204a4462997541609f7fb3e5f243ed2207e28efd71b6a3ee34db34302f4067,True,True,73,173,10.136565542081371,c14b2532f516ca579421574119bf92e8ae98e1ee98e5a28d1cc8bad891e544b0
4602,candidate,31d92ca6486b229184cf,525,46020525,23,8,cc204a4462997541609f7fb3e5f243ed2207e28efd71b6a3ee34db34302f4067,True,True,48,148,9.123252165969461,f3a937e47a5b59cee6985ea1b461cccec85508f5b65a729c0a3754552dfd6266
4602,candidate,31d92ca6486b229184cf,1101,46021101,23,8,cc204a4462997541609f7fb3e5f243ed2207e28efd71b6a3ee34db34302f4067,True,True,72,172,11.067286999896169,c1808ce494eaccc35f173f8bc458ba5a4faa24b317a10d07acda102929bb0a25
4602,candidate,640353c89b3ce64ee98b,42,46020042,23,8,cc204a4462997541609f7fb3e5f243ed2207e28efd71b6a3ee34db34302f4067,True,True,83,183,11.108401542063802,ea56eeb268a114f39204cbe7316c7ca1067ecac546248fb871d5627abbc4afe1
4602,candidate,640353c89b3ce64ee98b,525,46020525,23,8,cc204a4462997541609f7fb3e5f243ed2207e28efd71b6a3ee34db34302f4067,True,True,50,150,9.482925083953887,318ab471062f53301a5cc5c9dcb9098916e1ef28cf547a9614edb98d692bd58a
4602,candidate,640353c89b3ce64ee98b,1101,46021101,23,8,cc204a4462997541609f7fb3e5f243ed2207e28efd71b6a3ee34db34302f4067,True,True,75,175,10.941301750019193,7377226cc2b2c4f6966663016639cb4d9a176fdaa85a506293283b3e7194d2b0
4602,candidate,194278dd9ee3d2407ed5,42,46020042,23,8,cc204a4462997541609f7fb3e5f243ed2207e28efd71b6a3ee34db34302f4067,True,True,109,209,13.780786915915087,feca374dd7e9831e6be37c4ffd810b13a435e95a5e07289a635eaece408f99cf
4602,candidate,194278dd9ee3d2407ed5,525,46020525,23,8,cc204a4462997541609f7fb3e5f243ed2207e28efd71b6a3ee34db34302f4067,True,True,47,147,8.728527500061318,0d46030dfdca2851d8cfdaf776b6fb235d9a42d6f7983043a9f31b13bd825d1e
4602,candidate,194278dd9ee3d2407ed5,1101,46021101,23,8,cc204a4462997541609f7fb3e5f243ed2207e28efd71b6a3ee34db34302f4067,True,True,113,213,13.593293166020885,cb532ea49ce4c7db3dbb080b0209b9f245052a90cc751a0f7822819e11ac9422
4602,candidate,88f58ab7b7cf02f8f134,42,46020042,23,8,cc204a4462997541609f7fb3e5f243ed2207e28efd71b6a3ee34db34302f4067,True,True,246,346,19.887994916178286,0e9bcf41269307ac261cf653b75fb23020c16ea2da863ca0a6cad2a0c8c04e91
4602,candidate,88f58ab7b7cf02f8f134,525,46020525,23,8,cc204a4462997541609f7fb3e5f243ed2207e28efd71b6a3ee34db34302f4067,True,True,51,151,9.572068250039592,f54ca205c56fce25776f6e623258378c3d03f0526480799de946c5905ab1ec48
4602,candidate,88f58ab7b7cf02f8f134,1101,46021101,23,8,cc204a4462997541609f7fb3e5f243ed2207e28efd71b6a3ee34db34302f4067,True,True,79,179,11.24190904200077,b60161a9a5014b18a9e95d46c5c0b287c6d390811b12815bd55b724e9bae8568
4602,candidate,08820514e662ce6ea8f0,42,46020042,23,8,cc204a4462997541609f7fb3e5f243ed2207e28efd71b6a3ee34db34302f4067,True,True,85,185,11.484885584097356,3059f2af64dd0c8fc9debe5424620f37ee83baecbe7049b965fa4698746cd88f
4602,candidate,08820514e662ce6ea8f0,525,46020525,23,8,cc204a4462997541609f7fb3e5f243ed2207e28efd71b6a3ee34db34302f4067,True,True,49,149,9.224975457880646,1b374365b89b7d5eb62e646a47a6d6d83bff077229d7ddbcf028e30a472c4635
4602,candidate,08820514e662ce6ea8f0,1101,46021101,23,8,cc204a4462997541609f7fb3e5f243ed2207e28efd71b6a3ee34db34302f4067,True,True,94,194,12.523160457843915,8dbe9443185661e11a5f4342294720f41dd9ef1fef298ca9e4952df5e57ecd80
4602,candidate,0c0f89307cc4aff87ab6,42,46020042,23,8,cc204a4462997541609f7fb3e5f243ed2207e28efd71b6a3ee34db34302f4067,True,True,84,184,11.994799999985844,11034dc7e4883aee9dac0682b0dbafbec8003bd2cc230d4257b919c907a0c457
4602,candidate,0c0f89307cc4aff87ab6,525,46020525,23,8,cc204a4462997541609f7fb3e5f243ed2207e28efd71b6a3ee34db34302f4067,True,True,47,147,9.141705499961972,a27d86e5abe268297f7e2f798c19b60757f803b3c292745ea73af42f3f5c4ff6
4602,candidate,0c0f89307cc4aff87ab6,1101,46021101,23,8,cc204a4462997541609f7fb3e5f243ed2207e28efd71b6a3ee34db34302f4067,True,True,118,218,14.659437166992575,eb38ff12bf1841277a4799f79d966a0816c333121ac31d5bae38c38ec4eb32e3
4602,candidate,10d51839b15b94f0ae56,42,46020042,23,8,cc204a4462997541609f7fb3e5f243ed2207e28efd71b6a3ee34db34302f4067,True,True,89,189,12.0730179999955,2a04b3f8cb9477dbbf5b2fc6de7eaec5647a77301593a29fb57cef2087261643
4602,candidate,10d51839b15b94f0ae56,525,46020525,23,8,cc204a4462997541609f7fb3e5f243ed2207e28efd71b6a3ee34db34302f4067,True,True,60,160,9.778445874806494,2220722a463b785d52d7f2507951ba05be442e23cb3ff5d6d11cae57affe1bc6
4602,candidate,10d51839b15b94f0ae56,1101,46021101,23,8,cc204a4462997541609f7fb3e5f243ed2207e28efd71b6a3ee34db34302f4067,True,True,90,190,12.555651874979958,b8cf7bc97878d07b1c3786be1960ce45aa0b54320f5a490a71f4d08ed475fee6
4602,candidate,5ac5df671efee45d3ddf,42,46020042,23,8,cc204a4462997541609f7fb3e5f243ed2207e28efd71b6a3ee34db34302f4067,True,True,73,173,10.689852542011067,9974c2ee4c99e9972f52220c4376979ef60f8532f5156273e731c587991dd28a
4602,candidate,5ac5df671efee45d3ddf,525,46020525,23,8,cc204a4462997541609f7fb3e5f243ed2207e28efd71b6a3ee34db34302f4067,True,True,48,148,9.161120041040704,1c633a5d414e5e412013ad5da926b22bd46be25593c44a8812a97317c44f7660
4602,candidate,5ac5df671efee45d3ddf,1101,46021101,23,8,cc204a4462997541609f7fb3e5f243ed2207e28efd71b6a3ee34db34302f4067,True,True,87,187,12.719921291107312,824062f98dc9f87dd46a438fe120ccbd22f0d71cc44d3119702f63805780879c
4603,baseline,__baseline__,42,46030042,22,8,cc204a4462997541609f7fb3e5f243ed2207e28efd71b6a3ee34db34302f4067,True,True,80,180,11.534296416910365,4658db1841805a7c0cbfc3ffad70a312f38e50e3dfe99f43be587b28a709bac6
4603,baseline,__baseline__,525,46030525,22,8,cc204a4462997541609f7fb3e5f243ed2207e28efd71b6a3ee34db34302f4067,True,True,48,148,8.945401416858658,3d897f296b255f8e77222d755af0b973d3dea63ef420779212c1f6a1dce2577e
4603,baseline,__baseline__,1101,46031101,22,8,cc204a4462997541609f7fb3e5f243ed2207e28efd71b6a3ee34db34302f4067,True,True,78,178,11.807241624919698,818f8422384b76b9e0c490789ad0a5aba118327eca2ae0cf49e8c788e5249334
4603,candidate,c2bd8e8f13a96726e7fc,42,46030042,23,8,cc204a4462997541609f7fb3e5f243ed2207e28efd71b6a3ee34db34302f4067,True,True,72,172,10.585093958070502,910c6a2df11d956fd317f5ef0e93b2fd015debb88aae89bfd76939b7c7d437b2
4603,candidate,c2bd8e8f13a96726e7fc,525,46030525,23,8,cc204a4462997541609f7fb3e5f243ed2207e28efd71b6a3ee34db34302f4067,True,True,51,151,9.335291584022343,ed1120e5c9de181c67b7300918de4d7df961c3ddca72b408875723d0adb8ea31
4603,candidate,c2bd8e8f13a96726e7fc,1101,46031101,23,8,cc204a4462997541609f7fb3e5f243ed2207e28efd71b6a3ee34db34302f4067,True,True,61,161,10.770668416982517,14883b43fb0cd4496f6f82801c7adc04429584e9542421c921faef726207f185
4603,candidate,826e9f40c328ce2478ec,42,46030042,23,8,cc204a4462997541609f7fb3e5f243ed2207e28efd71b6a3ee34db34302f4067,True,True,81,181,21.740360791096464,16e44807b2307d879514ff271c4b1626c49c52504f4ca3d5c2e2e6fb60045876
4603,candidate,826e9f40c328ce2478ec,525,46030525,23,8,cc204a4462997541609f7fb3e5f243ed2207e28efd71b6a3ee34db34302f4067,True,True,92,192,25.22754920902662,a158e4f7c263f3948ddca739280bcccb15318b9c1de0fd51bfb9e6322753e752
4603,candidate,826e9f40c328ce2478ec,1101,46031101,23,8,cc204a4462997541609f7fb3e5f243ed2207e28efd71b6a3ee34db34302f4067,True,True,86,186,25.151107749901712,aacabc2d09e03416eb0e726a78747df3990b6b12b91884eefd0178d20d32b10b
4603,candidate,135ac7deca522d1e7929,42,46030042,23,8,cc204a4462997541609f7fb3e5f243ed2207e28efd71b6a3ee34db34302f4067,True,True,79,179,20.985461083007976,1ccdb758a43baa3c716d858dda9156f962f8634a4d19b373a1e48d789a6ca1f3
4603,candidate,135ac7deca522d1e7929,525,46030525,23,8,cc204a4462997541609f7fb3e5f243ed2207e28efd71b6a3ee34db34302f4067,True,True,42,142,18.24145354097709,c9dd31e466977f7d687e47f38ed21e766f6d376a6379fdd699d1e403cae79367
4603,candidate,135ac7deca522d1e7929,1101,46031101,23,8,cc204a4462997541609f7fb3e5f243ed2207e28efd71b6a3ee34db34302f4067,True,True,110,210,28.830701207974926,e1420b2da9f6945838ee334ec3d88cc5f20a470a6e212b84e43960d8522875d7
4603,candidate,474238f822b0c38795c6,42,46030042,23,8,cc204a4462997541609f7fb3e5f243ed2207e28efd71b6a3ee34db34302f4067,True,True,81,181,23.668845957843587,28f488f5c7ce54c467dac678c0c0d3a0f8b1465cf041b0c2ac0b259f51c8b488
4603,candidate,474238f822b0c38795c6,525,46030525,23,8,cc204a4462997541609f7fb3e5f243ed2207e28efd71b6a3ee34db34302f4067,True,True,47,147,9.473597458098084,16d3d548c7f60e8fb14184b484fc2f166df477cffee139aacf5a00bcf579b258
4603,candidate,474238f822b0c38795c6,1101,46031101,23,8,cc204a4462997541609f7fb3e5f243ed2207e28efd71b6a3ee34db34302f4067,True,True,77,177,11.713655333034694,4f347178b6104ed0d50dcb7368d3f54c444b6f19079c222b07e5ef9fbfdcd0a1
4603,candidate,c883df6ea04f89f45f03,42,46030042,23,8,cc204a4462997541609f7fb3e5f243ed2207e28efd71b6a3ee34db34302f4067,True,True,72,172,10.894221708877012,6f8b752e2e4d814eca091e12848926371ebfa1d3cc9644cbdbc50fcd05902623
4603,candidate,c883df6ea04f89f45f03,525,46030525,23,8,cc204a4462997541609f7fb3e5f243ed2207e28efd71b6a3ee34db34302f4067,True,True,48,148,11.505167124792933,40600729732d7ee724e374acd813f4bb8991eb4f807eb555afa9b73984898b78
4603,candidate,c883df6ea04f89f45f03,1101,46031101,23,8,cc204a4462997541609f7fb3e5f243ed2207e28efd71b6a3ee34db34302f4067,True,True,76,176,21.564622374949977,cf0941c6c0787fb3b50ac37637c539f631202d8c64417058340179ec7f9229cd
4603,candidate,d67e364fd6830aa2bf6f,42,46030042,23,8,cc204a4462997541609f7fb3e5f243ed2207e28efd71b6a3ee34db34302f4067,True,True,73,173,9.853962040971965,e64c04a205bc965ead4fdff9f620e3f44664be853cbd3dca73d96b5705b6fb1a
4603,candidate,d67e364fd6830aa2bf6f,525,46030525,23,8,cc204a4462997541609f7fb3e5f243ed2207e28efd71b6a3ee34db34302f4067,True,True,50,150,9.866366415983066,fd5695c7e4fce50a01421d1b9d6cab619af5b0ab14ba583c363e88d3446626ae
4603,candidate,d67e364fd6830aa2bf6f,1101,46031101,23,8,cc204a4462997541609f7fb3e5f243ed2207e28efd71b6a3ee34db34302f4067,True,True,74,174,10.5940699998755,61f1314bb2e594799bc053baaa84a33a8d04117e509fdd5ae1d20312df2c2991
4603,candidate,3a02b99399bb0c3e9ff9,42,46030042,23,8,cc204a4462997541609f7fb3e5f243ed2207e28efd71b6a3ee34db34302f4067,True,True,72,172,9.406463749939576,8aad2b88454d8dc6aed118507d6e8cc3b8d73dbe8f74f63bcb5fad8ee804cd9e
4603,candidate,3a02b99399bb0c3e9ff9,525,46030525,23,8,cc204a4462997541609f7fb3e5f243ed2207e28efd71b6a3ee34db34302f4067,True,True,49,149,9.488985874922946,bbe39caec169bd04cc6b2314464e333a0e07bc0d35aede559d598fe90d633cd6
4603,candidate,3a02b99399bb0c3e9ff9,1101,46031101,23,8,cc204a4462997541609f7fb3e5f243ed2207e28efd71b6a3ee34db34302f4067,True,True,76,176,10.9083574579563,84235fcbfd03451e2f38bf9654359880ef9f2b661876c1978bcf6836807a215b
4603,candidate,d31d42caff135d7154c4,42,46030042,23,8,cc204a4462997541609f7fb3e5f243ed2207e28efd71b6a3ee34db34302f4067,True,True,99,199,12.531151375034824,6c35c92e0ed212acaafa25259ec876bc49450d77d6863961cbc1a4aadf39dee3
4603,candidate,d31d42caff135d7154c4,525,46030525,23,8,cc204a4462997541609f7fb3e5f243ed2207e28efd71b6a3ee34db34302f4067,True,True,70,170,10.85286262491718,3a01296138c18ce9d5cd4b39963ba45fd8664f4db44a149fa2f18a45efc67a47
4603,candidate,d31d42caff135d7154c4,1101,46031101,23,8,cc204a4462997541609f7fb3e5f243ed2207e28efd71b6a3ee34db34302f4067,True,True,116,216,14.112347333924845,ed8e0ec58360dff9555651ddc4cfd855cb0f09208bf7240e3807a621a8235942
4603,candidate,c7bc53c45a1962a88ec3,42,46030042,23,8,cc204a4462997541609f7fb3e5f243ed2207e28efd71b6a3ee34db34302f4067,True,True,83,183,12.037427041912451,a684cd94ba77f80831f6d45454645cffa597f33e4dccaf5e58ab95d2107d644e
4603,candidate,c7bc53c45a1962a88ec3,525,46030525,23,8,cc204a4462997541609f7fb3e5f243ed2207e28efd71b6a3ee34db34302f4067,True,True,47,147,31.019948791945353,79f87c53b0e5c979b0a61aa186cd6b6988c0dea579829aa8aad252d0b1bd10d4
4603,candidate,c7bc53c45a1962a88ec3,1101,46031101,23,8,cc204a4462997541609f7fb3e5f243ed2207e28efd71b6a3ee34db34302f4067,True,True,113,213,14.94805158302188,86bb2d491b32066457a81ae72f974faa20572008d1ee7a720b2d1739e1e79048
4603,candidate,41a468134f078d2de17d,42,46030042,23,8,cc204a4462997541609f7fb3e5f243ed2207e28efd71b6a3ee34db34302f4067,True,True,309,409,24.925490082940087,eb7eea118e8e19ff5028c6b595bba38c7407d23ad49e9bd196b708959b41bdc0
4603,candidate,41a468134f078d2de17d,525,46030525,23,8,cc204a4462997541609f7fb3e5f243ed2207e28efd71b6a3ee34db34302f4067,True,True,46,146,9.402907624840736,c05778460f7ef146d32827e64d3e4de14130abe4eef452ad3fcc681bcb53fa9a
4603,candidate,41a468134f078d2de17d,1101,46031101,23,8,cc204a4462997541609f7fb3e5f243ed2207e28efd71b6a3ee34db34302f4067,True,True,110,210,13.850044207880273,5774d289e9c490086df8748683a322ea55b2ef6fbaa4573a2cc08b3188c0fe0a
4603,candidate,31d92ca6486b229184cf,42,46030042,23,8,cc204a4462997541609f7fb3e5f243ed2207e28efd71b6a3ee34db34302f4067,True,True,73,173,10.801363792037591,157960a5cb17ea5482be32e5e6a7b038daef88507e99a153b5cb2b8336a143e6
4603,candidate,31d92ca6486b229184cf,525,46030525,23,8,cc204a4462997541609f7fb3e5f243ed2207e28efd71b6a3ee34db34302f4067,True,True,48,148,9.465848833089694,b0d0ec0eceed4bfef7114842f84b612e38218f6ce95b111ae720e97001658a1e
4603,candidate,31d92ca6486b229184cf,1101,46031101,23,8,cc204a4462997541609f7fb3e5f243ed2207e28efd71b6a3ee34db34302f4067,True,True,72,172,12.217400291003287,8d5f8b3aaf6a704a4b4f415e559ceb85dbd5555d8013b1a862e0c08f15eb33f3
4603,candidate,640353c89b3ce64ee98b,42,46030042,23,8,cc204a4462997541609f7fb3e5f243ed2207e28efd71b6a3ee34db34302f4067,True,True,83,183,11.460375166032463,3e13251474b5e8b63800c4cfab5d40fbca304c7df38e0d441402522ba0f1634a
4603,candidate,640353c89b3ce64ee98b,525,46030525,23,8,cc204a4462997541609f7fb3e5f243ed2207e28efd71b6a3ee34db34302f4067,True,True,50,150,9.794112500036135,971abd13be4a5940fda0283ba1c4d341495568477205e0655871a3593bd3a868
4603,candidate,640353c89b3ce64ee98b,1101,46031101,23,8,cc204a4462997541609f7fb3e5f243ed2207e28efd71b6a3ee34db34302f4067,True,True,75,175,11.628180415835232,943f38f4c71500ef51bdb500f4354da325dd65c2dfdb0a1975729b15dfc6c49f
4603,candidate,194278dd9ee3d2407ed5,42,46030042,23,8,cc204a4462997541609f7fb3e5f243ed2207e28efd71b6a3ee34db34302f4067,True,True,109,209,14.454416749998927,07ee3196e53e81030bceaa21972ab22d5e104c318b2a6ad22191542042627970
4603,candidate,194278dd9ee3d2407ed5,525,46030525,23,8,cc204a4462997541609f7fb3e5f243ed2207e28efd71b6a3ee34db34302f4067,True,True,47,147,9.137743667000905,55d646974c6a9774cbd23f00616aa6bbf5fa9b6703f8587a05e2dda8746830b7
4603,candidate,194278dd9ee3d2407ed5,1101,46031101,23,8,cc204a4462997541609f7fb3e5f243ed2207e28efd71b6a3ee34db34302f4067,True,True,113,213,14.198081749957055,8c441a3d8fa28677bc94ac85363ca150f02a820f5b2cd2a7a67f0f1e77fb38b3
4603,candidate,88f58ab7b7cf02f8f134,42,46030042,23,8,cc204a4462997541609f7fb3e5f243ed2207e28efd71b6a3ee34db34302f4067,True,True,246,346,20.84155658306554,b00eb64c7f4a1ac0ae98ac42201ca97126270bca3c24ccc0778783afa17a9e59
4603,candidate,88f58ab7b7cf02f8f134,525,46030525,23,8,cc204a4462997541609f7fb3e5f243ed2207e28efd71b6a3ee34db34302f4067,True,True,51,151,10.14844537503086,69ce2d79937f24df2706f922c16061ea4d750cd057a3ea140dd034608884366c
4603,candidate,88f58ab7b7cf02f8f134,1101,46031101,23,8,cc204a4462997541609f7fb3e5f243ed2207e28efd71b6a3ee34db34302f4067,True,True,79,179,12.072688832879066,acc41d3e62b1fb48e9b00e7d75a6d41d98cc712cd729b11b6b0f2915a5eedbee
4603,candidate,08820514e662ce6ea8f0,42,46030042,23,8,cc204a4462997541609f7fb3e5f243ed2207e28efd71b6a3ee34db34302f4067,True,True,85,185,12.0356321670115,0cf5e40874bd29d889f65681cd1b4cfa5b871e8cc9dcc8c5ae647c77f6b29a86
4603,candidate,08820514e662ce6ea8f0,525,46030525,23,8,cc204a4462997541609f7fb3e5f243ed2207e28efd71b6a3ee34db34302f4067,True,True,49,149,9.56656724982895,5d3d66d15645ee53881db720a3745ac3dc882adef60e135e08adb2b7d66376f8
4603,candidate,08820514e662ce6ea8f0,1101,46031101,23,8,cc204a4462997541609f7fb3e5f243ed2207e28efd71b6a3ee34db34302f4067,True,True,94,194,12.7585617499426,a913bec27e0e141471abd27d72696a30275e83a4841ade0ba515cdcc06e186d9
4603,candidate,0c0f89307cc4aff87ab6,42,46030042,23,8,cc204a4462997541609f7fb3e5f243ed2207e28efd71b6a3ee34db34302f4067,True,True,84,184,12.325958916917443,27a87c50beb7469ca0dd1603d7fb457dfdc9f4eaba9dc202ecf0aec5ea222f94
4603,candidate,0c0f89307cc4aff87ab6,525,46030525,23,8,cc204a4462997541609f7fb3e5f243ed2207e28efd71b6a3ee34db34302f4067,True,True,47,147,9.439904500031844,0f7baa3cf30227a05032326e8ba7fb89960025838124942dc2660d341f5fe643
4603,candidate,0c0f89307cc4aff87ab6,1101,46031101,23,8,cc204a4462997541609f7fb3e5f243ed2207e28efd71b6a3ee34db34302f4067,True,True,118,218,14.706964957993478,0da4e24ce7b24b95c4f58be58583826dfbd92dd266402847972828e1d7c4c37b
4603,candidate,10d51839b15b94f0ae56,42,46030042,23,8,cc204a4462997541609f7fb3e5f243ed2207e28efd71b6a3ee34db34302f4067,True,True,89,189,12.303859291831031,b202b4084e9dfbc76a4ec40ee0582857ae89cf313c3efd0771f056afa353bc78
4603,candidate,10d51839b15b94f0ae56,525,46030525,23,8,cc204a4462997541609f7fb3e5f243ed2207e28efd71b6a3ee34db34302f4067,True,True,60,160,10.490886500105262,7c670f1c1d09f43a679b1715b7e71206dcd7d26e2cd313fdf29ce3eab69eace0
4603,candidate,10d51839b15b94f0ae56,1101,46031101,23,8,cc204a4462997541609f7fb3e5f243ed2207e28efd71b6a3ee34db34302f4067,True,True,90,190,12.779344875132665,4a213ac8062213f23484da004292b1a7e5f13a022b02e798da73549723c5e628
4603,candidate,5ac5df671efee45d3ddf,42,46030042,23,8,cc204a4462997541609f7fb3e5f243ed2207e28efd71b6a3ee34db34302f4067,True,True,73,173,10.258379916893318,16001ecad51ff8fb844bb35f71c9539e51579e4887a59aaaf545e2fdd5c006df
4603,candidate,5ac5df671efee45d3ddf,525,46030525,23,8,cc204a4462997541609f7fb3e5f243ed2207e28efd71b6a3ee34db34302f4067,True,True,48,148,9.381736499955878,b2d85c4f137d26c034d20b9da073b9935a54c26080d6ed532b6bc66c51d4681b
4603,candidate,5ac5df671efee45d3ddf,1101,46031101,23,8,cc204a4462997541609f7fb3e5f243ed2207e28efd71b6a3ee34db34302f4067,True,True,87,187,12.666407624958083,9cbbf9f80de5bd5e580abacec37b22cb92d46b883c18fba6d489e622dc71c5f6
