sample_id,canonical_index,source_canonical_index,V1_q50,V2_q50,V1_q10,V1_q90,V2_q10,V2_q90,checkpoint_sha256,ensemble_pred_V1,ensemble_pred_V2,ensemble_variance_V1,ensemble_variance_V2,ensemble_covariance_V1_V2,ensemble_score,V1_quantile_width,V2_quantile_width,quantile_width,member_0_seed,member_0_V1_q50,member_0_V2_q50,member_1_seed,member_1_V1_q50,member_1_V2_q50,member_2_seed,member_2_V1_q50,member_2_V2_q50,latent_distance,random_score,true_V1,true_V2,standardized_abs_error,ensemble_mean_standardized_abs_error,tail_flag,compound_id,outer_seed,split_mode,slice,round,strategy,seed
70cba7a21b5a01fb8e73,1499,1499,105.02337,169.41147,80.11508,105.02357,14.2034,169.41147,f2f7518e73ff3ff87d9a032d79c7f0790fb6471986c79751811f2b6df32a3388,78.47549947102864,130.73185221354166,8.55171795962434,3.8917132503097265,5.562817212449597,12.443431209934065,24.908485,155.20807,6.10223,4200,105.02336883544922,169.41146850585938,4201,71.23234558105469,111.00342559814453,4202,59.17078399658203,111.7806625366211,44.81666307771914,0.7226864645919183,46.675,78.06666666666666,6.278914998008464,3.506913776436562,False,c1ccc(CNCc2ccccc2)cc1,42,compound,u0_full,1,hybrid,42
b7cf293311f83700cd9a,2566,2566,75.54784,144.48079,60.246033,83.896126,10.832748,144.48079,f2f7518e73ff3ff87d9a032d79c7f0790fb6471986c79751811f2b6df32a3388,62.55441665649414,120.5994160970052,2.180063093837435,1.725452959835792,1.9386707803302916,3.9055160536732267,23.650093,133.64804,5.3900027,4200,75.54783630371094,144.4807891845703,4201,60.22932434082031,117.0146255493164,4202,51.88608932495117,100.3028335571289,25.790586232016306,0.2547078754135542,55.81666666666667,113.20833333333331,2.134568996701039,0.6321021727993305,False,OCc1ccc2ccccc2c1,42,compound,u0_full,1,hybrid,42
d5234e966aa231be05e5,1496,1496,71.11781,118.97441,58.036854,71.19556,12.00251,118.97441,f2f7518e73ff3ff87d9a032d79c7f0790fb6471986c79751811f2b6df32a3388,50.00628153483073,87.43235524495442,5.525852240288531,2.5912745321366386,3.5770468230146375,8.11712677242517,13.158703,106.9719,3.959161,4200,71.11781311035156,118.97441101074219,4201,44.999244689941406,70.63272094726562,4202,33.90178680419922,72.68993377685547,22.963984981247155,0.5828212737647007,7.241666666666666,13.666666666666666,7.030087257296988,4.802666011324089,False,c1ccc(CNCc2ccccc2)cc1,42,compound,u0_full,1,hybrid,42
35f2be5f5aa14265e8a4,983,983,63.403023,105.88876,47.843777,63.403286,6.722168,105.88876,f2f7518e73ff3ff87d9a032d79c7f0790fb6471986c79751811f2b6df32a3388,60.550549825032554,116.03047943115234,0.11560485811627103,0.3466222248702734,-0.11432310453437756,0.4622270829865444,15.559509,99.166595,3.8770285,4200,63.40302276611328,105.88876342773438,4201,60.36322021484375,125.87763977050781,4202,57.885406494140625,116.32503509521484,17.78334831732415,0.2150973170378443,26.266666666666666,81.775,2.9944822965955877,3.117623820862059,False,c1ccc(-c2ccccn2)cc1,42,compound,u0_full,1,hybrid,42
efd84dffe823b6298db6,3935,3935,66.533875,124.08617,52.091663,66.948906,9.555717,124.08617,f2f7518e73ff3ff87d9a032d79c7f0790fb6471986c79751811f2b6df32a3388,48.15057118733724,94.90549723307292,4.001905179963713,2.3149573341636738,3.0436835687727046,6.316862514127386,14.857243,114.53045,4.286203,4200,66.53387451171875,124.08616638183594,4201,35.65388488769531,74.93742370605469,4202,42.263954162597656,85.69290161132812,18.175509284484768,0.731040394161748,37.56666666666667,118.0,1.9611437820669066,1.331074788848678,False,C/C(=N\O)c1ccccc1,42,compound,u0_full,1,hybrid,42
b514312eda7950cdcf1c,2070,2070,44.392094,87.07885,35.348076,44.397022,6.495163,87.07885,f2f7518e73ff3ff87d9a032d79c7f0790fb6471986c79751811f2b6df32a3388,43.986227671305336,91.72208658854167,1.9154344961412353,1.078332503656621,1.3883869240020716,2.993766999797856,9.048946,80.58369,2.9293685,4200,44.392093658447266,87.07884979248047,4201,55.02687454223633,111.21298217773438,4202,32.53971481323242,76.87442779541016,15.015982410530649,0.19258632344682958,4.491666666666666,81.3,2.6246612473050277,2.7364100287728363,False,O=C(c1ccccc1)c1ccc([N+](=O)[O-])cc1,42,compound,u0_full,1,hybrid,42
0c5c35afb3a24375c153,4121,4121,22.860493,49.244854,22.143131,22.925917,4.482792,49.244854,f2f7518e73ff3ff87d9a032d79c7f0790fb6471986c79751811f2b6df32a3388,19.216539065043133,51.39813995361328,0.20013319190632334,0.022811784528360232,-0.019591843490619737,0.22294497643468358,0.7827854,44.762062,1.3661329,4200,22.860492706298828,49.24485397338867,4201,15.588229179382324,50.71391677856445,4202,19.200895309448242,54.23564910888672,14.778855806543339,0.7547246460346282,44.90833333333333,98.73333333333332,2.8134355222901326,2.9741947951896535,False,O=C(c1ccccc1)c1cccc(C(=O)c2ccccc2)c1,42,compound,u0_full,1,hybrid,42
5e276c1730fc0a9deba7,2067,2067,27.443499,55.95517,23.887758,27.526217,5.7250175,55.95517,f2f7518e73ff3ff87d9a032d79c7f0790fb6471986c79751811f2b6df32a3388,26.035369237263996,56.41641743977865,0.7713647165643993,0.2635244944044137,0.44023546519534074,1.034889210968813,3.6384583,50.230152,1.7028049,4200,27.443498611450195,55.955169677734375,4201,32.36497116088867,65.35518646240234,4202,18.297637939453125,47.93889617919922,13.22748956830884,0.7367401221034238,4.783333333333333,57.016666666666666,1.4252138686835354,1.325010582368355,False,O=C(c1ccccc1)c1ccc([N+](=O)[O-])cc1,42,compound,u0_full,1,hybrid,42
832eaa9c6b2f7a68f2a5,1919,1919,33.09525,71.928635,26.563189,39.471203,2.5962753,71.928635,f2f7518e73ff3ff87d9a032d79c7f0790fb6471986c79751811f2b6df32a3388,27.648956298828125,65.39871724446614,0.3648813805733759,0.3451465899154011,0.274436614490262,0.710027970488777,12.908014,69.33236,2.8354769,4200,33.09524917602539,71.92863464355469,4201,26.28926658630371,70.35254669189453,4202,23.562353134155273,53.91497039794922,11.405577884745874,0.7550255327505303,16.475,23.158333333333335,2.4584065783225064,1.9311057172297486,False,COc1ccc(OC)cc1,42,compound,u0_full,1,hybrid,42
1395836aef00d6a880b0,2153,2153,55.51625,108.17142,41.533382,55.536327,2.4592743,108.17142,f2f7518e73ff3ff87d9a032d79c7f0790fb6471986c79751811f2b6df32a3388,43.67637252807617,86.25492858886719,2.0205933662645097,1.3887730289198714,1.6546896153444388,3.409366395184381,14.002945,105.71214,3.9740028,4200,55.51625061035156,108.17141723632812,4201,43.081077575683594,81.63898468017578,4202,32.43178939819336,68.95438385009766,14.81971669714568,0.053571744596447646,56.46666666666667,117.4,0.33019303033614195,1.7038445088259757,False,N#Cc1ccc(C(=O)c2ccccc2)cc1,42,compound,u0_full,1,hybrid,42
d119d77f545c029deace,978,978,38.814102,72.38551,32.543087,39.73897,4.62455,72.38551,f2f7518e73ff3ff87d9a032d79c7f0790fb6471986c79751811f2b6df32a3388,34.20707321166992,66.97161102294922,0.26418268740086126,0.10279116586795163,0.16036797017225038,0.3669738532688129,7.1958847,67.76096,2.437822,4200,38.81410217285156,72.38551330566406,4201,30.664817810058594,61.497230529785156,4202,33.14229965209961,67.03208923339844,12.357344825973952,0.8042343626838955,18.125,30.875,2.4949474917596355,2.0521347230554,False,c1ccc(-c2ccccn2)cc1,42,compound,u0_full,1,hybrid,42
fe1a34b5975943e8f292,3996,3996,29.46234,75.518776,24.11834,39.069244,3.5982819,75.518776,f2f7518e73ff3ff87d9a032d79c7f0790fb6471986c79751811f2b6df32a3388,24.777001698811848,72.4722162882487,0.3156945827814314,0.027400736394490532,0.09228645756097441,0.34309531917592195,14.950905,71.920494,3.0373526,4200,29.462339401245117,75.5187759399414,4201,20.338666915893555,69.97925567626953,4202,24.529998779296875,71.91861724853516,11.902932161535187,0.9142839512284797,22.866666666666667,57.46666666666667,0.9372665914226574,0.5593408879303627,False,COc1ccc(C=O)c(O)c1,42,compound,u0_full,1,hybrid,42
68c511d842fc030aa84b,1723,1723,0.0769642,0.5906554,0.076608256,8.167561,0.17127833,14.979586,f2f7518e73ff3ff87d9a032d79c7f0790fb6471986c79751811f2b6df32a3388,4.108404576778412,7.119296570618947,0.21890699373271277,0.20459049274011512,0.19980071746181444,0.4234974864728279,8.090952,14.808308,0.9337391,4200,0.07696419954299927,0.5906553864479065,4201,7.631616115570068,15.582603454589844,4202,4.616633415222168,5.184630870819092,11.300453645005401,0.4635708394650526,4.35,5.85,0.4177160870700507,0.052235250485909254,False,C=CC(=O)OCCCCCCCCCCCC,42,compound,u0_full,1,hybrid,42
79cb1738d945317e5bfa,3931,3931,55.897495,103.057304,44.204773,56.32328,8.554451,103.057304,f2f7518e73ff3ff87d9a032d79c7f0790fb6471986c79751811f2b6df32a3388,37.632994969685875,75.28930536905925,3.8045290014289903,2.0137721179717407,2.7679185603269856,5.818301119400731,12.118507,94.50285,3.5280328,4200,55.89749526977539,103.05730438232422,4201,27.428756713867188,59.85419845581055,4202,29.57273292541504,62.95641326904297,13.141987433021033,0.6039234175409474,20.683333333333337,45.583333333333336,3.8584984820994284,1.917338484361176,False,C/C(=N\O)c1ccccc1,42,compound,u0_full,1,hybrid,42
855456da9ea892f7216b,4120,4120,14.17285,32.86785,13.944626,14.599813,3.9936848,32.86785,f2f7518e73ff3ff87d9a032d79c7f0790fb6471986c79751811f2b6df32a3388,10.329517205556234,32.629651387532554,0.20283607475494103,0.01193945147408688,0.025331901041921605,0.2147755262290279,0.6551876,28.874166,0.89047855,4200,14.172849655151367,32.86785125732422,4201,6.884106159210205,30.666542053222656,4202,9.931595802307129,34.35456085205078,10.67333864687797,0.37952160659187806,18.758333333333333,48.891666666666666,0.7538868245122721,0.9973262202504651,False,O=C(c1ccccc1)c1cccc(C(=O)c2ccccc2)c1,42,compound,u0_full,1,hybrid,42
80f546c47198fa7c6dbf,1381,1381,26.109114,59.588974,20.237144,31.467443,4.255783,59.588974,f2f7518e73ff3ff87d9a032d79c7f0790fb6471986c79751811f2b6df32a3388,21.89108149210612,48.273886362711586,0.3846067242981158,0.4369458571270084,0.39712689161145764,0.8215525814251242,11.230299,55.33319,2.320078,4200,26.109113693237305,59.58897399902344,4201,23.25551986694336,48.09143829345703,4202,16.308610916137695,37.1412467956543,10.629091501041298,0.15559969041149457,30.591666666666665,85.64166666666667,1.0428463048964494,1.6354847533501933,False,Oc1ccc(OC(F)(F)F)cc1,42,compound,u0_full,1,hybrid,42
1e775e7d8dcbf48fd6f8,4158,4158,11.1152525,31.427013,9.084497,17.701496,4.3252563,31.427013,f2f7518e73ff3ff87d9a032d79c7f0790fb6471986c79751811f2b6df32a3388,12.173120816548666,38.52308781941732,0.03521716093769667,0.186926618912582,0.0762846090758903,0.22214377985027867,8.616999,27.101757,1.328069,4200,11.115252494812012,31.427013397216797,4201,13.921595573425293,46.08827209472656,4202,11.482514381408691,38.053977966308594,10.805193435158968,0.33918712059245015,12.916666666666666,60.916666666666664,0.9791120475224685,0.7050988078411897,False,O=C(O)/C=C/c1ccccc1,42,compound,u0_full,1,hybrid,42
c76d0420b34df595c0c9,2449,2449,43.925198,82.29782,36.22504,44.163128,2.5718842,82.29782,f2f7518e73ff3ff87d9a032d79c7f0790fb6471986c79751811f2b6df32a3388,45.31430435180664,87.66540781656902,0.052393324818975226,0.13906582916276317,0.08473328176123089,0.1914591539817384,7.9380875,79.72594,2.8357775,4200,43.92519760131836,82.29782104492188,4201,44.589664459228516,86.04878997802734,4202,47.42805099487305,94.64961242675781,11.94482011496482,0.9347871784005158,41.708333333333336,106.05833333333334,0.8359793600370321,0.7633876180334325,False,CCOC(=O)c1cccnc1,42,compound,u0_full,1,hybrid,42
d1e922c04dbd0c9f6c06,3296,3296,21.46016,46.956028,18.633247,25.013811,0.95757675,46.956028,f2f7518e73ff3ff87d9a032d79c7f0790fb6471986c79751811f2b6df32a3388,16.37772019704183,36.52792167663574,0.2958172884390467,0.2841603905471823,0.2898406918902098,0.579977678986229,6.3805637,45.99845,1.7468892,4200,21.460159301757812,46.95602798461914,4201,13.424748420715332,30.69501304626465,4202,14.248252868652344,31.932723999023438,10.384401664894899,0.013106254502921022,14.591666666666669,38.391666666666666,0.6746910569735405,0.16474688752362227,False,CC(=O)c1ccc2c(c1)Cc1ccccc1-2,42,compound,u0_full,1,hybrid,42
292e0342682192a69fce,975,975,17.295057,35.433598,14.971043,17.455473,0.91976166,35.433598,f2f7518e73ff3ff87d9a032d79c7f0790fb6471986c79751811f2b6df32a3388,19.103907267252605,37.348185221354164,0.07564923630049712,0.062293246728019974,0.06389020205488581,0.13794248302851708,2.4844303,34.513836,1.169061,4200,17.29505729675293,35.433597564697266,4201,18.41341781616211,34.40496826171875,4202,21.603246688842773,42.205989837646484,10.841435819748657,0.8949162773743637,11.608333333333333,19.375,0.822654672077872,0.9903009186851559,False,c1ccc(-c2ccccn2)cc1,42,compound,u0_full,1,hybrid,42
7c0c324643799c918828,2561,2561,14.115967,30.891161,12.114943,19.335066,1.8263874,30.891161,f2f7518e73ff3ff87d9a032d79c7f0790fb6471986c79751811f2b6df32a3388,14.711520195007324,30.74404017130534,0.08838358272470358,0.0009895121401797527,-0.009348726483031655,0.08937309486488333,7.2201233,29.064774,1.2999383,4200,14.115966796875,30.89116096496582,4201,17.370012283325195,30.151723861694336,4202,12.648581504821777,31.18923568725586,9.890594169551193,0.6097704689685151,12.958333333333334,23.608333333333334,0.285649157632064,0.31795328287388636,False,OCc1ccc2ccccc2c1,42,compound,u0_full,1,hybrid,42
30970941542856ce8eb1,1513,1513,24.967224,53.366955,21.037457,32.532646,4.802582,53.366955,f2f7518e73ff3ff87d9a032d79c7f0790fb6471986c79751811f2b6df32a3388,24.149058024088543,51.97764460245768,0.11287838866797346,0.16726193894232588,0.13686954947938437,0.28014032761029933,11.49519,48.564373,2.1370711,4200,24.96722412109375,53.3669548034668,4201,26.377241134643555,58.12294006347656,4202,21.10270881652832,44.44303894042969,9.617664107106542,0.14376914417804,10.133333333333333,20.966666666666665,1.8665168047321976,1.775279632251662,False,CC(C)=CCC/C(C)=C/C=O,42,compound,u0_full,1,hybrid,42
a1dc71bed9d8f372c9e5,2149,2149,32.018406,64.013306,24.585094,32.04989,2.9200706,64.013306,f2f7518e73ff3ff87d9a032d79c7f0790fb6471986c79751811f2b6df32a3388,23.718184153238933,48.11118698120117,0.9550870313154347,0.6827207946869113,0.783003180760385,1.637807826002346,7.464794,61.093235,2.258039,4200,32.01840591430664,64.0133056640625,4201,22.948427200317383,42.84621047973633,4202,16.187719345092773,37.47404479980469,10.501511642171918,0.7002464890818569,23.908333333333335,49.36666666666667,0.9301551298404869,0.04866366590955638,False,N#Cc1ccc(C(=O)c2ccccc2)cc1,42,compound,u0_full,1,hybrid,42
8f5452ff0e84ab2e2057,2339,2339,24.824633,51.013153,19.295692,29.67751,3.4391022,51.013153,f2f7518e73ff3ff87d9a032d79c7f0790fb6471986c79751811f2b6df32a3388,20.20283857981364,41.55962816874186,0.6157748787297541,0.4344759915684434,0.512035351439043,1.0502508702981976,10.381817,47.57405,2.0394218,4200,24.82463264465332,51.013153076171875,4201,22.857818603515625,44.465755462646484,4202,12.926064491271973,29.199975967407227,9.17116319524911,0.4373377024480056,32.791666666666664,61.141666666666666,0.7883238190227465,1.3509879617864473,False,OCc1cccc(Br)c1,42,compound,u0_full,1,hybrid,42
0054790b9c9f40026ebe,308,308,24.800684,51.669926,18.043985,30.77928,1.9635773,51.669926,f2f7518e73ff3ff87d9a032d79c7f0790fb6471986c79751811f2b6df32a3388,15.805590629577637,30.931130091349285,0.9304607335627469,1.1346649246927925,0.9998513713276364,2.0651256582555395,12.735294,49.70635,2.2469816,4200,24.800683975219727,51.669925689697266,4201,12.194812774658203,18.41117286682129,4202,10.42127513885498,22.712291717529297,9.721658313507646,0.6230635555100702,6.058333333333334,15.116666666666667,2.229229509342587,1.0652534671139064,False,C1=Cc2ccccc2C1,42,compound,u0_full,1,hybrid,42
