canonical_smiles,source_smiles,status,conformer_policy,force_field,embedded_conformers,selected_conformer_id,selected_energy,first_conformer_id,first_energy,first_is_minimum,minimum_conformer_id,minimum_energy,energy_range,selected_is_minimum,nonconverged_conformers,rdkit_seed,mean_abs_bond_length_delta,max_abs_bond_length_delta,mean_abs_bond_angle_delta,max_abs_bond_angle_delta,geometry_changed,descriptor_changed,error,seconds
CC1(C)OB(c2ccc(F)cc2)OC1(C)C,B1(OC(C(O1)(C)C)(C)C)C2=CC=C(C=C2)F,success,lowest_energy,UFF_fallback,10,5,45.41622971425314,0,45.41622973791041,False,5,45.41622971425314,6.864446078225228e-08,True,0,42,0.0013440656661987305,0.009547114372253418,0.0036400174483274803,0.03891170024871826,True,False,,0.1725
C/C(=N\O)c1ccccc1,C/C(=N\O)/C1=CC=CC=C1,success,lowest_energy,MMFF94,10,8,51.05925579477033,0,51.059255820744994,False,8,51.05925579477033,1.2431667073542485e-07,True,0,43,3.5762786865234375e-07,1.1920928955078125e-06,3.0128728775751025e-06,3.457069396972656e-05,True,False,,0.0886
Fc1cc(F)c(F)c(F)c1F,C1=C(C(=C(C(=C1F)F)F)F)F,success,lowest_energy,MMFF94,10,8,14.819991618818912,0,14.819991631740578,False,8,14.819991618818912,5.475309805547113e-08,True,0,44,2.3119377367424243e-07,8.344650268554688e-07,2.9607694976183835e-06,4.3392181396484375e-05,True,False,,0.06
FC(F)(F)c1cc(Br)cc(C(F)(F)F)c1,C1=C(C=C(C=C1C(F)(F)F)Br)C(F)(F)F,success,lowest_energy,MMFF94,10,6,60.670845948943615,0,60.680544358191334,False,6,60.670845948943615,0.009698430139302161,True,0,45,0.0002170350816514757,0.001207590103149414,0.0010781028996343198,0.014689445495605469,True,False,,0.0898
O=Cc1c(Br)cccc1Br,C1=CC(=C(C(=C1)Br)C=O)Br,success,lowest_energy,MMFF94,10,1,29.06986050426317,0,29.910580798631514,False,1,29.06986050426317,0.8407202943683458,True,0,46,0.0028664747873942058,0.013076424598693848,0.0046248907266661175,0.03998452425003052,True,False,,0.0673
O=Cc1c(F)cccc1F,C1=CC(=C(C(=C1)F)C=O)F,success,lowest_energy,MMFF94,10,8,13.196414068014686,0,13.196414081712476,False,8,13.196414068014686,2.3519508118852173e-08,True,0,47,0.0006044546763102214,0.0015571117401123047,0.005007325216781261,0.06585299968719482,True,False,,0.0644
O=Cc1cc(Br)ccc1O,C1=CC(=C(C=C1Br)C=O)O,success,lowest_energy,MMFF94,10,5,17.932853067945878,0,17.9328530686866,False,5,17.932853067945878,7.950496157277655,True,0,48,1.351038614908854e-07,5.960464477539062e-07,4.2305436245230744e-06,5.5789947509765625e-05,True,False,,0.1452
O=Cc1ccc(Br)cc1O,C1=CC(=C(C=C1Br)O)C=O,success,lowest_energy,MMFF94,10,4,23.24160128386676,0,23.241601284435962,False,4,23.24160128386676,7.890703105220034,True,0,49,1.5099843343098958e-07,4.76837158203125e-07,4.668568455895712e-06,4.553794860839844e-05,True,False,,0.0679
O=Cc1cc(C(F)(F)F)ccc1Br,C1=CC(=C(C=C1C(F)(F)F)C=O)Br,success,lowest_energy,MMFF94,10,1,53.26015758277226,0,53.2601575889903,False,1,53.26015758277226,5.416162711319615,True,0,50,0.00017944971720377603,0.0017483234405517578,0.0007091668145409946,0.014501690864562988,True,False,,0.0814
O=Cc1ccc(Cl)cc1Br,C1=CC(=C(C=C1Cl)Br)C=O,success,lowest_energy,MMFF94,10,9,22.728774120601567,0,27.855989773497996,False,9,22.728774120601567,5.127215778790891,True,0,51,0.0013165712356567384,0.005584120750427246,0.004509209200393322,0.06342893838882446,True,False,,0.0619
Clc1ccc(I)c(Br)c1,C1=CC(=C(C=C1Cl)Br)I,success,lowest_energy,MMFF94,10,2,17.00038032396864,0,17.000380366877685,False,2,17.00038032396864,8.774685866796972e-08,True,0,52,8.830317744502314e-08,2.384185791015625e-07,5.7373291406876005e-06,6.461143493652344e-05,True,False,,0.0562
O=Cc1cc(Cl)ccc1Br,C1=CC(=C(C=C1Cl)C=O)Br,success,lowest_energy,MMFF94,10,3,19.90823378994048,0,24.925176403934536,False,3,19.90823378994048,5.0169428897008,True,0,53,0.0013849576314290365,0.005781054496765137,0.004723213439763978,0.06295764446258545,True,False,,0.0647
FC(F)(F)Oc1ccc(I)c(Br)c1,C1=CC(=C(C=C1OC(F)(F)F)Br)I,success,lowest_energy,MMFF94,10,4,26.82485621938504,0,26.824856222619893,False,4,26.82485621938504,4.263934627601884e-08,True,0,54,2.8121165740184296e-07,1.0728836059570312e-06,4.873193543532799e-06,6.818771362304688e-05,True,False,,0.0815
OCc1cccc(Br)c1,C1=CC(=CC(=C1)Br)CO,success,lowest_energy,MMFF94,10,2,16.806134305701917,0,16.80613430767156,False,2,16.806134305701917,0.9190247551270545,True,0,55,1.7660635489004629e-07,1.0728836059570312e-06,4.5707351283023235e-06,4.458427429199219e-05,True,False,,0.0719
Clc1cccc(Br)c1,C1=CC(=CC(=C1)Br)Cl,success,lowest_energy,MMFF94,10,1,9.227632726923192,0,9.227632730218133,False,1,9.227632726923192,3.525251024427689e-08,True,0,56,3.9736429850260414e-08,1.1920928955078125e-07,4.0531158447265625e-06,3.337860107421875e-05,True,False,,0.0546
O=[N+]([O-])c1cccc(Br)c1,C1=CC(=CC(=C1)Br)[N+](=O)[O-],success,lowest_energy,MMFF94,10,2,39.85109442554577,0,39.85109480778162,False,2,39.85109442554577,3.8223585363539314e-07,True,0,57,2.463658650716146e-07,1.430511474609375e-06,3.1992446544558505e-06,3.147125244140625e-05,True,False,,0.1298
N#Cc1cccc(N)c1,C1=CC(=CC(=C1)N)C#N,success,lowest_energy,MMFF94,10,1,16.692950928548676,0,16.692950928956378,False,1,16.692950928548676,3.2935751903551136e-09,True,0,58,1.7660635489004629e-07,4.76837158203125e-07,3.5449078208521792e-06,3.3855438232421875e-05,True,False,,0.1237
N#Cc1ccc(N)cc1,C1=CC(=CC=C1C#N)N,success,lowest_energy,MMFF94,10,4,18.98233779973361,0,18.982337800726704,False,4,18.98233779973361,5.536538338901664e-09,True,0,59,4.415158872251157e-08,2.384185791015625e-07,6.288167481359683e-06,5.078315734863281e-05,True,False,,0.0658
O=C(CCCCl)c1ccc(F)cc1,C1=CC(=CC=C1C(=O)CCCCl)F,success,lowest_energy,MMFF94,10,6,27.672470001885387,0,29.41903127153261,False,6,27.672470001885387,3.8295171803434407,True,0,60,0.0004491622631366436,0.003695368766784668,0.0009986357255415484,0.02156960964202881,True,False,,0.1082
O=Cc1ccc(C=O)cc1,C1=CC(=CC=C1C=O)C=O,success,lowest_energy,MMFF94,10,0,46.41723582385509,0,46.41723582385509,True,0,46.41723582385509,0.766648106132692,True,0,61,0.0,0.0,0.0,0.0,False,False,,0.0686
O=Cc1ccc([N+](=O)[O-])cc1,C1=CC(=CC=C1C=O)[N+](=O)[O-],success,lowest_energy,MMFF94,10,4,65.9484993592803,0,65.94849986813867,False,4,65.9484993592803,1.29695769146565e-06,True,0,62,0.0004774512666644472,0.0016317367553710938,0.0009876172593299378,0.01207268238067627,True,False,,0.0715
O=[N+]([O-])c1ccc(CCO)cc1,C1=CC(=CC=C1CCO)[N+](=O)[O-],success,lowest_energy,MMFF94,10,7,62.039168668919594,0,63.21950946225545,False,7,62.039168668919594,1.188443473014594,True,0,63,0.0002234445677863227,0.0013568401336669922,0.0008415018810945399,0.016569018363952637,True,False,,0.0939
Ic1ccc(I)cc1,C1=CC(=CC=C1I)I,success,lowest_energy,MMFF94,10,5,16.293733838857694,0,16.293733852312677,False,5,16.293733838857694,5.2026564389962004e-08,True,0,64,2.88089116414388e-07,7.152557373046875e-07,4.0040296666762406e-06,4.076957702636719e-05,True,False,,0.0531
Oc1ccc(I)cc1,C1=CC(=CC=C1O)I,success,lowest_energy,MMFF94,10,6,5.054740925870242,0,5.054740927508096,False,6,5.054740925870242,3.3888163386563974e-09,True,0,65,0.0006040235360463461,0.0013401508331298828,0.004354273571687586,0.06449949741363525,True,False,,0.0577
Oc1ccc(OC(F)(F)F)cc1,C1=CC(=CC=C1O)OC(F)(F)F,success,lowest_energy,MMFF94,10,6,9.979178381698244,0,9.979178382211508,False,6,9.979178381698244,0.10702341061906218,True,0,66,0.0007139709260728625,0.0043294429779052734,0.011553109816785128,0.21276992559432983,True,False,,0.0832
FC(F)(F)Oc1ccc(I)cc1,C1=CC(=CC=C1OC(F)(F)F)I,success,lowest_energy,MMFF94,10,2,21.318934663373398,0,21.318934665249344,False,2,21.318934663373398,1.9626440916908905e-08,True,0,67,0.0010420680046081543,0.0032988786697387695,0.011355006469870513,0.2128070592880249,True,False,,0.0808
Brc1ccc2occc2c1,C1=CC2=C(C=CO2)C=C1Br,success,lowest_energy,MMFF94,10,3,12.53107367639912,0,12.531073691676927,False,3,12.53107367639912,6.599268331797248e-08,True,0,68,1.4156103134155273e-07,4.76837158203125e-07,3.7401914596557617e-06,3.886222839355469e-05,True,False,,0.0677
N#Cc1ccccc1Br,C1=CC=C(C(=C1)C#N)Br,success,lowest_energy,MMFF94,10,3,26.52990764754148,0,26.529907764350714,False,3,26.52990764754148,2.766684659150087e-07,True,0,69,2.0309730812355324e-07,5.960464477539062e-07,3.473833203315735e-06,3.337860107421875e-05,True,False,,0.0557
N#Cc1ccccc1F,C1=CC=C(C(=C1)C#N)F,success,lowest_energy,MMFF94,10,3,21.950338747033634,0,21.950338747936186,False,3,21.950338747033634,8.612317259348856e-08,True,0,70,5.2981906467013886e-08,2.384185791015625e-07,2.3905579981050993e-06,2.2172927856445312e-05,True,False,,0.0582
O=Cc1ccccc1O,C1=CC=C(C(=C1)C=O)O,success,lowest_energy,MMFF94,10,8,25.673242978589013,0,33.54600455066525,False,8,25.673242978589013,7.872761572076239,True,0,71,0.0010212792290581597,0.002330183982849121,0.0018418588136371813,0.0225602388381958,True,False,,0.0647
O=Cc1ccccc1[N+](=O)[O-],C1=CC=C(C(=C1)C=O)[N+](=O)[O-],success,lowest_energy,MMFF94,10,7,38.16203179617027,0,38.1620318051376,False,7,38.16203179617027,2.060938081300641,True,0,72,1.8784494111032196e-07,1.1920928955078125e-06,3.148900701644573e-06,3.147125244140625e-05,True,False,,0.072
BrCc1ccccc1CBr,C1=CC=C(C(=C1)CBr)CBr,success,lowest_energy,MMFF94,10,7,33.869216501553105,0,33.86921664496624,False,7,33.869216501553105,1.562650320490114,True,0,73,4.847844441731771e-07,1.6689300537109375e-06,5.3360348656063985e-06,4.6253204345703125e-05,True,False,,0.0774
Clc1ccccc1I,C1=CC=C(C(=C1)Cl)I,success,lowest_energy,MMFF94,10,1,24.72228413546933,0,24.72228420681456,False,1,24.72228413546933,2.05959484134155e-07,True,0,74,6.953875223795573e-08,2.384185791015625e-07,3.6797102759866153e-06,5.459785461425781e-05,True,False,,0.0529
FC(F)(F)Oc1ccccc1I,C1=CC=C(C(=C1)OC(F)(F)F)I,success,lowest_energy,MMFF94,10,8,29.105582053269284,0,29.34196597450113,False,8,29.105582053269284,0.23638392621915827,True,0,75,0.002309189902411567,0.010498523712158203,0.009343051685477203,0.1231536865234375,True,False,,0.075
O=C(/C=C/c1ccccc1)/C=C/c1ccccc1,C1=CC=C(C=C1)/C=C/C(=O)/C=C/C2=CC=CC=C2,success,lowest_energy,MMFF94,10,5,46.29166615571446,0,48.33854454241449,False,5,46.29166615571446,5.3874778503235845,True,0,76,0.001323333808353969,0.006389021873474121,0.009739755094051361,0.1282913088798523,True,False,,0.1938
O=C(/C=C/c1ccccc1)c1ccccc1,C1=CC=C(C=C1)/C=C/C(=O)C2=CC=CC=C2,success,lowest_energy,MMFF94,10,8,60.60733433505286,0,61.85255440528435,False,8,60.60733433505286,2.986181253989024,True,0,77,0.0018488121032714843,0.009172439575195312,0.007928575906488631,0.11023867130279541,True,False,,0.1581
O=C(O)/C=C/c1ccccc1,C1=CC=C(C=C1)/C=C/C(=O)O,success,lowest_energy,MMFF94,10,3,-11.63221878876865,0,-11.092570323302809,False,3,-11.63221878876865,0.5396484654658416,True,0,78,0.0004233157995975379,0.0025597810745239258,0.007603035024974657,0.07084834575653076,True,False,,0.091
C(=C/c1ccccc1)\c1ccccc1,C1=CC=C(C=C1)/C=C/C2=CC=CC=C2,success,lowest_energy,MMFF94,10,7,38.74096295860364,0,38.740962961273326,False,7,38.74096295860364,1.1890299867157879,True,0,79,1.7881393432617188e-07,5.960464477539062e-07,3.7134639800540986e-06,4.4345855712890625e-05,True,False,,0.1288
BrC(=C(c1ccccc1)c1ccccc1)c1ccccc1,C1=CC=C(C=C1)C(=C(C2=CC=CC=C2)Br)C3=CC=CC=C3,success,lowest_energy,MMFF94,10,3,83.86586853718502,0,83.86586869985969,False,3,83.86586853718502,1.6267466662611696e-07,True,0,80,0.00029515508395522387,0.002543926239013672,0.0009072754118177625,0.017144083976745605,True,False,,0.2315
O=C(c1ccccc1)c1cccc(C(=O)c2ccccc2)c1,C1=CC=C(C=C1)C(=O)C2=CC(=CC=C2)C(=O)C3=CC=CC=C3,success,lowest_energy,MMFF94,10,7,116.17740702275918,0,116.93395705689726,False,7,116.17740702275918,2.092706580454987,True,1,81,0.0005328927721296038,0.0034542083740234375,0.004298857771433317,0.06507289409637451,True,False,,0.2336
N#Cc1ccc(C(=O)c2ccccc2)cc1,C1=CC=C(C=C1)C(=O)C2=CC=C(C=C2)C#N,success,lowest_energy,MMFF94,10,5,84.45553672023716,0,84.45553672275148,False,5,84.45553672023716,1.322360674294032e-07,True,0,82,0.00020809173583984374,0.001220107078552246,0.0018697722547062455,0.05894362926483154,True,False,,0.1295
O=C(c1ccccc1)c1ccc(Cl)cc1,C1=CC=C(C=C1)C(=O)C2=CC=C(C=C2)Cl,success,lowest_energy,MMFF94,10,4,69.06086745918202,0,69.06086746402192,False,4,69.06086745918202,1.328023500946074e-06,True,0,83,2.130549004737367e-07,7.152557373046875e-07,2.356543057206748e-06,2.2411346435546875e-05,True,False,,0.1155
O=C(c1ccccc1)c1ccc([N+](=O)[O-])cc1,C1=CC=C(C=C1)C(=O)C2=CC=C(C=C2)[N+](=O)[O-],success,lowest_energy,MMFF94,10,4,104.74462747396632,0,104.74462756718684,False,4,104.74462747396632,6.843161060032799e-07,True,0,84,0.0001879863019259471,0.0010644197463989258,0.0016594315186525003,0.05719804763793945,True,False,,0.136
O=C(CC(=O)C(F)(F)F)c1ccccc1,C1=CC=C(C=C1)C(=O)CC(=O)C(F)(F)F,success,lowest_energy,MMFF94,10,5,53.732845311077014,0,55.33329784527136,False,5,53.732845311077014,1.6004525741267273,True,0,85,0.0012477556864420572,0.007521629333496094,0.0025899961139216566,0.031050920486450195,True,False,,0.1202
O=C(CC(=O)c1ccccc1)c1ccccc1,C1=CC=C(C=C1)C(=O)CC(=O)C2=CC=CC=C2,success,lowest_energy,MMFF94,10,9,60.717321940310676,0,62.93825640697283,False,9,60.717321940310676,2.292608718216343,True,3,86,0.0009513261183252875,0.003164052963256836,0.0037132811236691163,0.08381432294845581,True,False,,0.1669
O=C(CCCl)c1ccccc1,C1=CC=C(C=C1)C(=O)CCCl,success,lowest_energy,MMFF94,10,2,26.264857706137953,0,31.67544408992693,False,2,26.264857706137953,5.410586383788978,True,0,87,0.0010193477977405894,0.003250718116760254,0.006361868070519488,0.07455277442932129,True,False,,0.0888
Brc1cc(-c2ccccc2)cc(-c2ccccc2)c1,C1=CC=C(C=C1)C2=CC(=CC(=C2)Br)C3=CC=CC=C3,success,lowest_energy,MMFF94,10,6,54.261049842583134,0,54.26104986045699,False,6,54.261049842583134,0.10563165119243934,True,0,88,4.549495509413422e-06,3.314018249511719e-05,9.138505537431318e-06,0.00012373924255371094,True,False,,0.1806
O=Cc1ccc(-c2ccccc2)cc1,C1=CC=C(C=C1)C2=CC=C(C=C2)C=O,success,lowest_energy,MMFF94,10,3,53.78765912181406,0,53.78765917815833,False,3,53.78765912181406,5.63442696943639e-08,True,0,89,0.00014970519325949928,0.0008627176284790039,0.0006260797381401062,0.014506340026855469,True,False,,0.1172
c1ccc(-c2ccccc2)cc1,C1=CC=C(C=C1)C2=CC=CC=C2,success,lowest_energy,MMFF94,10,1,39.329228091392274,0,39.32922810778448,False,1,39.329228091392274,2.121834796753319e-08,True,0,90,2.5724109850431744e-07,1.0728836059570312e-06,4.560297185724432e-06,6.699562072753906e-05,True,False,,0.1006
Brc1ccccc1-c1ccccc1,C1=CC=C(C=C1)C2=CC=CC=C2Br,success,lowest_energy,MMFF94,10,9,46.1980175085925,0,46.198017515901334,False,9,46.1980175085925,6.552654951974546e-08,True,0,91,3.430901504144436e-07,2.384185791015625e-06,3.376603126525879e-06,4.458427429199219e-05,True,False,,0.1099
c1ccc(-c2ccccn2)cc1,C1=CC=C(C=C1)C2=CC=CC=N2,success,lowest_energy,MMFF94,10,3,42.872013535930265,0,42.87201359311889,False,3,42.872013535930265,3.963187111821753e-07,True,0,92,2.509669253700658e-07,1.5497207641601562e-06,3.594701940363104e-06,3.361701965332031e-05,True,False,,0.1004
O=C(Cc1ccccc1)c1ccccc1,C1=CC=C(C=C1)CC(=O)C2=CC=CC=C2,success,lowest_energy,MMFF94,10,2,67.03486035351094,0,68.35691422142793,False,2,67.03486035351094,1.3221144572111854,True,0,93,0.0005526187572073429,0.003423929214477539,0.0019654105691348806,0.04558628797531128,True,False,,0.1396
c1ccc(Cc2ccccc2)cc1,C1=CC=C(C=C1)CC2=CC=CC=C2,success,lowest_energy,MMFF94,10,8,46.145242725335386,0,46.14524274657118,False,8,46.145242725335386,0.13183276437663238,True,0,94,0.00018543731875535918,0.0004545450210571289,0.00016392893710378873,0.0011535882949829102,True,False,,0.1402
O=CCCc1ccccc1,C1=CC=C(C=C1)CCC=O,success,lowest_energy,MMFF94,10,4,16.07664359028481,0,17.23995326892954,False,4,16.07664359028481,1.1633096814816248,True,0,95,0.000504159927368164,0.003676176071166992,0.0018965776373700398,0.0445249080657959,True,False,,0.086
BrCCCc1ccccc1,C1=CC=C(C=C1)CCCBr,success,lowest_energy,MMFF94,10,1,17.499755305470327,0,17.499755308183055,False,1,17.499755305470327,2.6689025388883536,True,0,96,1.430511474609375e-07,7.152557373046875e-07,3.2942469527081744e-06,3.4809112548828125e-05,True,False,,0.0921
ClCCCc1ccccc1,C1=CC=C(C=C1)CCCCl,success,lowest_energy,MMFF94,10,8,16.218334538578745,0,16.637957280290962,False,8,16.218334538578745,3.4526441695230545,True,0,97,0.0004054466883341471,0.002252340316772461,0.002035068302619748,0.04237067699432373,True,False,,0.0923
OCCCc1ccccc1,C1=CC=C(C=C1)CCCO,success,lowest_energy,MMFF94,10,7,18.52752602570949,0,20.44268838889887,False,7,18.52752602570949,4.2980830035372435,True,0,98,0.0003726641337076823,0.0024514198303222656,0.0025140134299673684,0.042723655700683594,True,False,,0.0983
ClCCc1ccccc1,C1=CC=C(C=C1)CCCl,success,lowest_energy,MMFF94,10,5,24.04469452142139,0,25.075141564019766,False,5,24.04469452142139,1.0304470641028693,True,0,99,0.0005739441624394169,0.0030661821365356445,0.0020635482427236195,0.04018902778625488,True,False,,0.0767
c1ccc(CNCc2ccccc2)cc1,C1=CC=C(C=C1)CNCC2=CC=CC=C2,success,lowest_energy,MMFF94,10,7,29.475067739187473,0,30.629101070173192,False,7,29.475067739187473,1.154033330985719,True,0,100,0.0006797060053399268,0.005994200706481934,0.0028017065418300346,0.05671966075897217,True,False,,0.2505
O=C(OCc1ccccc1)c1ccccc1,C1=CC=C(C=C1)COC(=O)C2=CC=CC=C2,success,lowest_energy,MMFF94,10,5,47.04014786509512,0,47.96920166009643,False,5,47.04014786509512,0.9290538262188051,True,0,101,0.00025812149047851565,0.0033077001571655273,0.0012449026107788086,0.034189462661743164,True,False,,0.1549
c1ccc(COCc2ccccc2)cc1,C1=CC=C(C=C1)COCC2=CC=CC=C2,success,lowest_energy,MMFF94,10,4,46.42597487544875,0,47.05319701220118,False,4,46.42597487544875,1.137847619939926,True,1,102,0.0006714019369571767,0.004295945167541504,0.0015852611456344376,0.06512248516082764,True,False,,0.1606
O=[P+](Oc1ccccc1)Oc1ccccc1,C1=CC=C(C=C1)O[P+](=O)OC2=CC=CC=C2,success,lowest_energy,MMFF94,10,5,40.46514526831067,0,40.74426340167825,False,5,40.46514526831067,2.9860532927676005,True,0,103,0.0005022048950195313,0.0020807981491088867,0.002255908317036099,0.03286910057067871,True,False,,0.1407
O=S(c1ccccc1)c1ccccc1,C1=CC=C(C=C1)S(=O)C2=CC=CC=C2,success,lowest_energy,MMFF94,10,4,59.0076993138381,0,59.00769932514432,False,4,59.0076993138381,7.623373221576912e-08,True,0,104,3.251162442294034e-07,1.1920928955078125e-06,4.481524229049683e-06,5.5789947509765625e-05,True,False,,0.1207
Brc1ccc(Br)c2ccccc12,C1=CC=C2C(=C1)C(=CC=C2Br)Br,success,lowest_energy,MMFF94,10,4,43.77642503327449,0,43.77642518213519,False,4,43.77642503327449,2.2761404494531234e-07,True,0,105,3.70176214920847e-07,2.2649765014648438e-06,3.0356541014554207e-06,3.361701965332031e-05,True,False,,0.0833
O=C1c2ccccc2-c2ccccc21,C1=CC=C2C(=C1)C3=CC=CC=C3C2=O,success,lowest_energy,MMFF94,10,1,69.94994067974804,0,69.9499408344277,False,1,69.94994067974804,5.65459373547128e-07,True,0,106,5.960464477539062e-07,3.2186508178710938e-06,3.250551895356514e-06,3.4332275390625e-05,True,False,,0.1104
Brc1cc2ccccc2c2ccccc12,C1=CC=C2C(=C1)C=C(C3=CC=CC=C23)Br,success,lowest_energy,MMFF94,10,4,56.92987769433881,0,56.92987778583775,False,4,56.92987769433881,1.9892748781558112e-07,True,0,107,6.811959402901786e-07,1.9073486328125e-06,5.135536193847656e-06,4.458427429199219e-05,True,False,,0.1282
O=Cc1ccc2ccccc2c1Br,C1=CC=C2C(=C1)C=CC(=C2Br)C=O,success,lowest_energy,MMFF94,10,1,48.29261251795454,0,48.292612533959954,False,1,48.29261251795454,5.531410819300106,True,0,108,5.408031184498856e-07,1.6689300537109375e-06,4.454714352967309e-06,4.172325134277344e-05,True,False,,0.0969
OCCc1cccc2ccccc12,C1=CC=C2C(=C1)C=CC=C2CCO,success,lowest_energy,MMFF94,10,4,44.66854540406674,0,46.44803851781428,False,4,44.66854540406674,3.7818891891309008,True,0,109,0.0005102797252375906,0.0057631731033325195,0.0005453328291575114,0.017194509506225586,True,False,,0.1191
c1ccc2ncccc2c1,C1=CC=C2C(=C1)C=CC=N2,success,lowest_energy,MMFF94,10,0,33.89364974948663,0,33.89364974948663,True,0,33.89364974948663,1.477866788945903e-07,True,0,110,0.0,0.0,0.0,0.0,False,False,,0.0785
Brc1ccc2ccccc2c1,C1=CC=C2C=C(C=CC2=C1)Br,success,lowest_energy,MMFF94,10,7,27.683959978103413,0,27.6839600168215,False,7,27.683959978103413,9.019622737582722e-08,True,0,111,1.7029898507254465e-07,4.76837158203125e-07,3.917859150813176e-06,4.482269287109375e-05,True,False,,0.0829
O=C(CC(=O)C(F)(F)F)c1ccc2ccccc2c1,C1=CC=C2C=C(C=CC2=C1)C(=O)CC(=O)C(F)(F)F,success,lowest_energy,MMFF94,10,4,64.66114723760779,0,64.66114727150647,False,4,64.66114723760779,1.5812790316677194,True,0,112,0.0003871190345893472,0.0057048797607421875,0.0007677473378985115,0.017003893852233887,True,False,,0.1695
O=Cc1ccc2ccccc2c1,C1=CC=C2C=C(C=CC2=C1)C=O,success,lowest_energy,MMFF94,10,4,41.93046497550477,0,41.962724610033,False,4,41.93046497550477,0.032259863844608105,True,0,113,0.0002579500800684879,0.0012443065643310547,0.0007679441145488194,0.014585614204406738,True,False,,0.0947
OCc1ccc2ccccc2c1,C1=CC=C2C=C(C=CC2=C1)CO,success,lowest_energy,MMFF94,10,1,32.39539183087538,0,32.395391841170564,False,1,32.39539183087538,1.8788206546105357e-08,True,0,114,2.4469275223581416e-07,1.0728836059570312e-06,5.805066653660365e-06,5.5789947509765625e-05,True,False,,0.1027
c1ccc2ccccc2c1,C1=CC=C2C=CC=CC2=C1,success,lowest_energy,MMFF94,10,9,31.13283612942147,0,31.1328362077345,False,9,31.13283612942147,7.831302895056069e-08,True,0,115,3.2782554626464844e-07,1.5497207641601562e-06,3.6599788259952627e-06,3.361701965332031e-05,True,False,,0.0798
Ic1cccs1,C1=CSC(=C1)I,success,lowest_energy,MMFF94,10,7,4.634640450177525,0,4.634640450418997,False,7,4.634640450177525,1.5947255960213624e-08,True,0,116,9.271833631727431e-08,3.5762786865234375e-07,1.881122589111328e-06,1.239776611328125e-05,True,False,,0.0397
C1=Cc2ccccc2C1,C1C=CC2=CC=CC=C21,success,lowest_energy,MMFF94,10,0,27.715269338914588,0,27.715269338914588,True,0,27.715269338914588,8.102044546376419e-08,True,0,117,0.0,0.0,0.0,0.0,False,False,,0.0741
O=C1CCc2ccccc2O1,C1CC(=O)OC2=CC=CC=C21,success,lowest_energy,MMFF94,10,2,16.943088936977254,0,16.943088938668986,False,2,16.943088936977254,5.940783864843979e-09,True,0,118,1.2942722865513392e-07,3.5762786865234375e-07,4.3259217188908506e-06,4.601478576660156e-05,True,False,,0.0877
O=C(Cc1ccccc1F)C1CC1,C1CC1C(=O)CC2=CC=CC=C2F,success,lowest_energy,MMFF94,10,7,50.282746995621565,0,50.287314453173934,False,7,50.282746995621565,1.6029847502784094,True,4,119,8.519684396139005e-05,0.0004349946975708008,0.0001285662416551934,0.0021562576293945312,True,False,,0.134
O=C1CCCc2ccccc21,C1CC2=CC=CC=C2C(=O)C1,success,lowest_energy,MMFF94,10,5,33.38231966109617,0,33.38231970325615,False,5,33.38231966109617,4.215998217205197e-08,True,0,120,5.790165492466517e-07,2.1457672119140625e-06,3.7550926208496094e-06,4.6253204345703125e-05,True,False,,0.0957
O=C1CCCCc2ccccc21,C1CCC(=O)C2=CC=CC=C2C1,success,lowest_energy,MMFF94,10,7,44.305334896948025,0,49.52526440571521,False,7,44.305334896948025,5.219929615452692,True,0,121,0.0022173492532027396,0.006646394729614258,0.010107599198818207,0.07568252086639404,True,False,,0.1131
OC1(c2ccccc2)CCCCC1,C1CCC(CC1)(C2=CC=CC=C2)O,success,lowest_energy,MMFF94,10,9,31.113373924093988,0,31.113373992574218,False,9,31.113373924093988,5.998945171996294,True,0,122,0.0009803306765672638,0.006090998649597168,0.002806694781193968,0.07114666700363159,True,False,,0.1522
O=C(c1ccccc1)C1CCCCC1,C1CCC(CC1)C(=O)C2=CC=CC=C2,success,lowest_energy,MMFF94,10,3,44.852322310282894,0,45.966176296035464,False,3,44.852322310282894,1.8003594653432629,True,0,123,0.002684620293703946,0.014836907386779785,0.008339920081198215,0.09236222505569458,True,False,,0.1637
O=Cc1ccc2c(c1)CCO2,C1COC2=C1C=C(C=C2)C=O,success,lowest_energy,MMFF94,10,6,37.997666707480434,0,37.99766670831555,False,6,37.997666707480434,0.37845425847807235,True,0,124,8.174351283482143e-08,4.76837158203125e-07,2.6558454220111553e-06,2.288818359375e-05,True,False,,0.0841
Brc1ccc2c(c1)OCO2,C1OC2=C(O1)C=C(C=C2)Br,success,lowest_energy,MMFF94,10,6,13.891611018517185,0,13.891611019361697,False,6,13.891611018517185,8.445120158739883e-10,True,0,125,1.1175870895385742e-07,3.5762786865234375e-07,3.3502777417500815e-06,2.2411346435546875e-05,True,False,,0.0675
C=C(c1ccccc1)c1ccccc1,C=C(C1=CC=CC=C1)C2=CC=CC=C2,success,lowest_energy,MMFF94,10,5,46.91107137133789,0,46.91107137848041,False,5,46.91107137133789,4.7218385645919625e-08,True,0,126,9.523738514293323e-05,0.0008734464645385742,0.001043524593114853,0.03279244899749756,True,False,,0.1369
C=CC(=O)OC1CCCCC1,C=CC(=O)OC1CCCCC1,success,lowest_energy,MMFF94,10,3,1.242601886475085,0,8.24318264850983,False,3,1.242601886475085,7.000580762034745,True,0,127,0.0019061637647224195,0.006903290748596191,0.008671093246211176,0.07611227035522461,True,False,,0.1198
C=CC(=O)OCC(F)(F)F,C=CC(=O)OCC(F)(F)F,success,lowest_energy,MMFF94,10,6,22.84310406114616,0,24.142800313458523,False,6,22.84310406114616,1.6605676758508956,True,0,128,0.0013368214879717147,0.005610823631286621,0.003653413210159693,0.0392608642578125,True,False,,0.0683
C=CC(=O)OCc1ccccc1,C=CC(=O)OCC1=CC=CC=C1,success,lowest_energy,MMFF94,10,9,17.136771965578465,0,17.917088769742023,False,9,17.136771965578465,0.7803168055244925,True,0,129,0.0003416736920674642,0.0032014846801757812,0.0017646467685699463,0.033645033836364746,True,False,,0.1032
C=CC(=O)OCCOc1ccccc1,C=CC(=O)OCCOC1=CC=CC=C1,success,lowest_energy,MMFF94,10,3,26.93287448586951,0,28.433591390591484,False,3,26.93287448586951,3.195793216215506,True,0,130,0.0014724107015700568,0.004666686058044434,0.012918511341358054,0.20746153593063354,True,False,,0.129
C=CCCc1ccccc1,C=CCCC1=CC=CC=C1,success,lowest_energy,MMFF94,10,2,32.32474410790073,0,32.99554628839014,False,2,32.32474410790073,0.6708022065937342,True,0,131,0.0004267136255900065,0.0024961233139038086,0.0017205171468781262,0.030510783195495605,True,False,,0.1838
C=C(C)C(=O)OCCOC(=O)CC(C)=O,CC(=C)C(=O)OCCOC(=O)CC(=O)C,success,lowest_energy,MMFF94,10,4,-14.14842710717295,0,-10.433673590603929,False,4,-14.14842710717295,3.7147535165690204,True,7,132,0.0009512402290521666,0.0028748512268066406,0.00715419902639874,0.0826575756072998,True,False,,0.1612
CC(C)=CCBr,CC(=CCBr)C,success,lowest_energy,MMFF94,10,8,9.955402549895037,0,9.955402551009486,False,8,9.955402549895037,3.4641587376427196e-09,True,0,133,2.086162567138672e-07,4.76837158203125e-07,3.5971403121948243e-06,2.3126602172851562e-05,True,False,,0.0585
CC(C)=CCC/C(C)=C/C=O,CC(=CCC/C(=C/C=O)/C)C,success,lowest_energy,MMFF94,10,0,26.591105586227776,0,26.591105586227776,True,0,26.591105586227776,4.388718527986306,True,1,134,0.0,0.0,0.0,0.0,False,False,,0.1378
CC(=O)c1ccc2c(c1)Cc1ccccc1-2,CC(=O)C1=CC2=C(C=C1)C3=CC=CC=C3C2,success,lowest_energy,MMFF94,10,3,69.90069039161175,0,69.9865280753292,False,3,69.90069039161175,0.08584002656189682,True,0,135,0.00046285299154428335,0.001954197883605957,0.002092215418815613,0.06760907173156738,True,False,,0.1569
CC(=O)c1ccc2c(c1)OCO2,CC(=O)C1=CC2=C(C=C1)OCO2,success,lowest_energy,MMFF94,10,0,31.550511745258635,0,31.550511745258635,True,0,31.550511745258635,0.5134790309921904,True,0,136,0.0,0.0,0.0,0.0,False,False,,0.0949
CC(=O)c1ccc2ccccc2c1,CC(=O)C1=CC2=CC=CC=C2C=C1,success,lowest_energy,MMFF94,10,2,46.04541584578533,0,46.10404973021852,False,2,46.04541584578533,0.058633899157335634,True,0,137,0.0005451295433974848,0.00228273868560791,0.0027006356442560915,0.06756472587585449,True,False,,0.1102
CC(=O)c1ccc(Br)cc1,CC(=O)C1=CC=C(C=C1)Br,success,lowest_energy,MMFF94,10,6,34.71238884878319,0,34.71238888544393,False,6,34.71238884878319,3.666073666863667e-08,True,0,138,0.0006938378016153971,0.0018569231033325195,0.00373448604761168,0.0675210952758789,True,False,,0.0744
CC(=O)c1ccc(C#N)cc1,CC(=O)C1=CC=C(C=C1)C#N,success,lowest_energy,MMFF94,10,3,49.583585779555094,0,49.58358578648668,False,3,49.583585779555094,1.2562071560751065e-07,True,0,139,0.0007269021236535275,0.0021632909774780273,0.003518528126655741,0.06844007968902588,True,False,,0.0815
CC(=O)c1ccc(F)cc1,CC(=O)C1=CC=C(C=C1)F,success,lowest_energy,MMFF94,10,6,32.75513200864526,0,32.755132010178585,False,6,32.75513200864526,3.7108378592165536e-09,True,0,140,1.2715657552083333e-07,4.76837158203125e-07,3.443207851676054e-06,3.337860107421875e-05,True,False,,0.0739
CC(=O)c1ccc(I)cc1,CC(=O)C1=CC=C(C=C1)I,success,lowest_energy,MMFF94,10,7,35.44893288126421,0,35.44893288821239,False,7,35.44893288126421,2.3520605907378922e-08,True,0,141,0.0006775538126627604,0.0018575191497802734,0.0037014706190242326,0.06745672225952148,True,False,,0.0739
CC(=O)c1ccc(N)cc1,CC(=O)C1=CC=C(C=C1)N,success,lowest_energy,MMFF94,10,8,24.601640704547634,0,24.601640717930863,False,8,24.601640704547634,1.3383228747443354e-08,True,0,142,2.7815500895182293e-07,1.6689300537109375e-06,3.7398449210233467e-06,3.337860107421875e-05,True,False,,0.0853
COc1ccc(C(C)=O)cc1,CC(=O)C1=CC=C(C=C1)OC,success,lowest_energy,MMFF94,10,0,38.44045364064464,0,38.44045364064464,True,0,38.44045364064464,0.4908681732061524,True,0,143,0.0,0.0,0.0,0.0,False,False,,0.0971
CSc1ccc(C(C)=O)cc1,CC(=O)C1=CC=C(C=C1)SC,success,lowest_energy,MMFF94,10,5,33.78244547199443,0,34.05912839750851,False,5,33.78244547199443,0.27668293377345066,True,0,144,0.0002655188242594401,0.0011487007141113281,0.0024484700344978494,0.048427700996398926,True,False,,0.1016
CC(=O)c1ccc([N+](=O)[O-])cc1,CC(=O)C1=CC=C(C=C1)[N+](=O)[O-],success,lowest_energy,MMFF94,10,5,69.93631242384824,0,69.93631242870532,False,5,69.93631242384824,4.019667926513648e-06,True,0,145,2.582867940266927e-07,1.0728836059570312e-06,3.1796785501333384e-06,4.458427429199219e-05,True,False,,0.14
CC(=O)c1ccccc1,CC(=O)C1=CC=CC=C1,success,lowest_energy,MMFF94,10,1,35.26812420472715,0,35.26812420497142,False,1,35.26812420472715,1.7242378191895114e-08,True,0,146,7.064254195601851e-08,2.384185791015625e-07,3.899398602937397e-06,3.457069396972656e-05,True,False,,0.0744
CC(=O)c1ccccc1Br,CC(=O)C1=CC=CC=C1Br,success,lowest_energy,MMFF94,10,4,36.25561221372389,0,36.25561226018918,False,4,36.25561221372389,8.595867484473274e-08,True,0,147,4.927317301432292e-07,1.6689300537109375e-06,2.52418739851131e-06,3.337860107421875e-05,True,False,,0.0798
COc1ccccc1C(C)=O,CC(=O)C1=CC=CC=C1OC,success,lowest_energy,MMFF94,10,8,46.01910005225484,0,46.29606893950834,False,8,46.01910005225484,0.27696888725349567,True,8,148,0.001128088344227184,0.006607532501220703,0.0020981735371528787,0.03375411033630371,True,False,,0.1124
CC(=O)CC(=O)c1ccccc1,CC(=O)CC(=O)C1=CC=CC=C1,success,lowest_energy,MMFF94,10,7,25.87701079875115,0,26.718791625815992,False,7,25.87701079875115,0.8417808392713297,True,0,149,0.0014571878645155164,0.00550997257232666,0.0061964147231158085,0.07627344131469727,True,False,,0.1064
COC(=O)CC(C)=O,CC(=O)CC(=O)OC,success,lowest_energy,MMFF94,10,5,-21.05719234649057,0,-21.05719234449767,False,5,-21.05719234649057,2.91659093216521,True,0,150,1.3004649769176135e-07,4.76837158203125e-07,4.3018110867204335e-06,3.457069396972656e-05,True,False,,0.0687
CC(=O)CC(=O)OC(C)(C)C,CC(=O)CC(=O)OC(C)(C)C,success,lowest_energy,MMFF94,10,3,-10.77990400796715,0,-10.779904006974775,False,3,-10.77990400796715,2.809285473471201,True,3,151,8.460014097152218e-08,3.5762786865234375e-07,4.450028592889959e-06,4.5299530029296875e-05,True,False,,0.1293
COCCOC(=O)CC(C)=O,CC(=O)CC(=O)OCCOC,success,lowest_energy,MMFF94,10,9,-4.201993152633694,0,-0.7768069222738063,False,9,-4.201993152633694,4.807213384962032,True,1,152,0.0019517021794472971,0.007039070129394531,0.006598392637764535,0.055129170417785645,True,False,,0.1108
CC(=O)CCCCl,CC(=O)CCCCl,success,lowest_energy,MMFF94,10,2,-3.5595721314649817,0,-3.5595721295051517,False,2,-3.5595721314649817,4.143849538297539,True,0,153,1.0038677014802631e-07,2.384185791015625e-07,3.0100345611572266e-06,2.3126602172851562e-05,True,False,,0.066
CC(=O)Oc1ccc(C=O)cc1,CC(=O)OC1=CC=C(C=C1)C=O,success,lowest_energy,MMFF94,10,3,39.064828719948636,0,39.06482873047916,False,3,39.064828719948636,3.6914883594363346e-08,True,0,154,4.172325134277344e-07,1.3113021850585938e-06,2.7932372747683056e-06,2.2411346435546875e-05,True,False,,0.0964
CC(Br)C(=O)O,CC(C(=O)O)Br,success,lowest_energy,MMFF94,10,8,-1.935169772122773,0,-1.9351697670804913,False,8,-1.935169772122773,7.924328748742937e-09,True,0,155,3.2782554626464844e-07,1.1920928955078125e-06,3.2328423999604726e-06,2.6226043701171875e-05,True,False,,0.0484
CC(Br)C(=O)OC(C)(C)C,CC(C(=O)OC(C)(C)C)Br,success,lowest_energy,MMFF94,10,5,22.20984925595871,0,22.209849268506076,False,5,22.20984925595871,0.6871137837719559,True,0,156,0.0005600878170558385,0.003919839859008789,0.008732113242149352,0.11542725563049316,True,False,,0.0967
COC(=O)C(C)(C)Br,CC(C)(C(=O)OC)Br,success,lowest_energy,MMFF94,10,6,18.914277552579414,0,18.91427755313758,False,6,18.914277552579414,0.28857986771110333,True,0,157,3.251162442294034e-07,1.3113021850585938e-06,4.026197618053805e-06,5.1975250244140625e-05,True,False,,0.0695
CC(C)(C)C(=O)CC#N,CC(C)(C)C(=O)CC#N,success,lowest_energy,MMFF94,10,2,8.11251599605125,0,9.034605972891965,False,2,8.11251599605125,0.9220899785034113,True,0,158,0.0009679794311523438,0.004463791847229004,0.006378102408988135,0.043819427490234375,True,False,,0.0842
CC(C)(C)c1cc(C=O)cc(C(C)(C)C)c1,CC(C)(C)C1=CC(=CC(=C1)C=O)C(C)(C)C,success,lowest_energy,MMFF94,10,8,66.78487162664399,0,66.92384886583964,False,8,66.78487162664399,0.13897723919565408,True,0,159,0.0008010764916737875,0.004079580307006836,0.004749626329500382,0.07388091087341309,True,False,,0.2238
COC(=O)c1ccc(C(C)(C)C)cc1,CC(C)(C)C1=CC=C(C=C1)C(=O)OC,success,lowest_energy,MMFF94,10,2,48.08847503897368,0,48.0923171721067,False,2,48.08847503897368,0.003842191491827407,True,0,160,0.00014514014834449406,0.0009393692016601562,0.0026368979484804214,0.07587993144989014,True,False,,0.1503
CC(C)(C)OCl,CC(C)(C)OCl,success,lowest_energy,MMFF94,10,1,12.765267033759004,0,12.765267043826462,False,1,12.765267033759004,1.0067457978379935e-08,True,0,161,0.0004795342683792114,0.0019179582595825195,0.013791707429018888,0.10592138767242432,True,False,,0.0581
CC(C)(O)CCc1ccccc1,CC(C)(CCC1=CC=CC=C1)O,success,lowest_energy,MMFF94,10,6,29.611953308573405,0,29.680259764605864,False,6,29.611953308573405,2.238243768026603,True,0,162,0.00037414497799343534,0.0030771493911743164,0.0026637430374438944,0.05058705806732178,True,False,,0.1365
CC(C)(CCl)c1ccccc1,CC(C)(CCl)C1=CC=CC=C1,success,lowest_energy,MMFF94,10,7,41.078731385255146,0,41.913563436162306,False,7,41.078731385255146,0.8348320596647696,True,0,163,0.0012525067184910629,0.005691409111022949,0.00840109090010325,0.07450270652770996,True,False,,0.1084
CC(C)C(=O)c1ccccc1,CC(C)C(=O)C1=CC=CC=C1,success,lowest_energy,MMFF94,10,9,39.684170301036914,0,39.684170302428626,False,9,39.684170301036914,2.6069599812217348e-08,True,0,164,0.0012768543127811317,0.004234790802001953,0.004696691289861152,0.08910518884658813,True,False,,0.1084
CC(C)c1ccc(Br)cc1,CC(C)C1=CC=C(C=C1)Br,success,lowest_energy,MMFF94,10,4,22.368401145919822,0,22.368401151315283,False,4,22.368401145919822,1.1805497024397482e-08,True,0,165,3.389517466227213e-05,0.00023102760314941406,0.0015734295512354651,0.033399343490600586,True,False,,0.0924
CC(C)c1ccccc1O,CC(C)C1=CC=CC=C1O,success,lowest_energy,MMFF94,10,0,14.573602629157499,0,14.573602629157499,True,0,14.573602629157499,1.2100878606417584,True,0,166,0.0,0.0,0.0,0.0,False,False,,0.1001
CC(C)CCOC(=O)c1ccccc1,CC(C)CCOC(=O)C1=CC=CC=C1,success,lowest_energy,MMFF94,10,2,32.45021156586343,0,32.86833825070277,False,2,32.45021156586343,0.9202337723651652,True,1,167,0.00032260304405575706,0.0023497343063354492,0.0027532799769256077,0.045075297355651855,True,False,,0.1639
CC(C)COC(=O)c1ccccc1,CC(C)COC(=O)C1=CC=CC=C1,success,lowest_energy,MMFF94,10,4,31.80659434717887,0,32.10115653855102,False,4,31.80659434717887,1.0553227675327825,True,0,168,0.000641015859750601,0.0031124353408813477,0.004826920682733709,0.07586896419525146,True,False,,0.1356
CC(O)c1ccccc1,CC(C1=CC=CC=C1)O,success,lowest_energy,MMFF94,10,1,20.921490418706156,0,20.921490423554918,False,1,20.921490418706156,2.767728157314579,True,0,169,2.2958826135706017e-07,8.344650268554688e-07,1.9387194984837583e-06,3.4809112548828125e-05,True,False,,0.0824
CC(C=O)Cc1ccc2c(c1)OCO2,CC(CC1=CC2=C(C=C1)OCO2)C=O,success,lowest_energy,MMFF94,10,4,21.611336821092234,0,22.92750906823236,False,4,21.611336821092234,1.9569688984891265,True,0,170,0.0005236213857477361,0.0062749385833740234,0.0022223243346581093,0.04210710525512695,True,False,,0.1361
CC(O)CCc1ccccc1,CC(CCC1=CC=CC=C1)O,success,lowest_energy,MMFF94,10,6,21.63005515305731,0,23.19335723862089,False,6,21.63005515305731,4.542485405124573,True,0,171,0.0010708967844645183,0.008577346801757812,0.0035796968833259916,0.08488118648529053,True,False,,0.1197
Cc1cccc(C=O)c1Br,CC1=C(C(=CC=C1)C=O)Br,success,lowest_energy,MMFF94,10,0,34.40527657685341,0,34.40527657685341,True,0,34.40527657685341,5.351737280183606,True,0,172,0.0,0.0,0.0,0.0,False,False,,0.0736
Cc1ccc(C(=O)c2ccccc2)cc1C,CC1=C(C=C(C=C1)C(=O)C2=CC=CC=C2)C,success,lowest_energy,MMFF94,10,6,75.58409935383054,0,75.62107296842373,False,6,75.58409935383054,0.036983395103732164,True,1,173,0.00019630908966064453,0.0010051727294921875,0.0017367585285289868,0.05567741394042969,True,False,,0.1643
Cc1ccc(Cl)cc1Br,CC1=C(C=C(C=C1)Cl)Br,success,lowest_energy,MMFF94,10,5,13.556941482129043,0,13.55694148333947,False,5,13.556941482129043,1.464901089320847e-08,True,0,174,7.064254195601851e-08,2.384185791015625e-07,1.8217624762119392e-06,1.2874603271484375e-05,True,False,,0.0656
Cc1ccc(F)cc1I,CC1=C(C=C(C=C1)F)I,success,lowest_energy,MMFF94,10,7,14.346037037167704,0,14.34603703818605,False,7,14.346037037167704,3.211502175304304e-09,True,0,175,1.1479413067853009e-07,4.76837158203125e-07,3.86971693772536e-06,3.361701965332031e-05,True,False,,0.0642
COc1ccc(Br)c(C)c1,CC1=C(C=CC(=C1)OC)Br,success,lowest_energy,MMFF94,10,9,23.34203016747534,0,23.44880941128887,False,9,23.34203016747534,0.10677925371451025,True,0,176,0.0010634342829386394,0.003349900245666504,0.010342390038246331,0.20007598400115967,True,False,,0.0804
CC(=O)c1c(C)cc(C)cc1C,CC1=CC(=C(C(=C1)C)C(=O)C)C,success,lowest_energy,MMFF94,10,4,47.955076392325815,0,47.95507644803544,False,4,47.955076392325815,0.040936593312785874,True,0,177,0.00017022424274020724,0.0006467103958129883,0.0013115327313261212,0.016966581344604492,True,False,,0.1251
CC(=O)c1ccc(C)cc1C,CC1=CC(=C(C=C1)C(=O)C)C,success,lowest_energy,MMFF94,10,6,43.09789325234953,0,43.09789332606379,False,6,43.09789325234953,0.02829721428449261,True,0,178,4.3348832563920453e-07,1.5497207641601562e-06,4.92483377456665e-06,3.4332275390625e-05,True,False,,0.109
Cc1ccc(C=O)c(C)c1,CC1=CC(=C(C=C1)C=O)C,success,lowest_energy,MMFF94,10,1,37.40217151308115,0,37.40217157245836,False,1,37.40217151308115,1.0413016671540518,True,0,179,2.1457672119140626e-07,8.344650268554688e-07,6.1378922573355744e-06,4.458427429199219e-05,True,False,,0.0891
Cc1ccc(I)c(C)c1,CC1=CC(=C(C=C1)I)C,success,lowest_energy,MMFF94,10,4,24.02572148717488,0,24.025721491204624,False,4,24.02572148717488,8.186564315337819e-09,True,0,180,7.064254195601851e-08,2.384185791015625e-07,6.062862200614733e-06,4.076957702636719e-05,True,False,,0.1661
COc1ccc(C)cc1OC,CC1=CC(=C(C=C1)OC)OC,success,lowest_energy,MMFF94,10,7,42.864616985517024,0,42.864617210522646,False,7,42.864616985517024,6.582278615496762e-07,True,0,181,3.178914388020833e-07,2.0265579223632812e-06,3.7107061832509144e-06,2.2411346435546875e-05,True,False,,0.1054
Cc1cc(C)cc(C#N)c1,CC1=CC(=CC(=C1)C#N)C,success,lowest_energy,MMFF94,10,1,33.14444098556762,0,33.14444098688403,False,1,33.14444098556762,0.01235177213575156,True,0,182,7.152557373046875e-08,3.5762786865234375e-07,3.686055627673171e-06,3.361701965332031e-05,True,False,,0.0837
CC(=O)c1cccc(C)c1,CC1=CC(=CC=C1)C(=O)C,success,lowest_energy,MMFF94,10,2,37.13906284021605,0,37.14631165085702,False,2,37.13906284021605,0.007248810640973602,True,0,183,0.0006047646204630534,0.0019428730010986328,0.003735611605089764,0.06695151329040527,True,False,,0.0894
Cc1cccc(C=O)c1,CC1=CC(=CC=C1)C=O,success,lowest_energy,MMFF94,10,4,32.990393118690406,0,32.99386145262004,False,4,32.990393118690406,0.0034683660277821105,True,0,184,0.0002704549718786169,0.0009114742279052734,0.0011517499622545745,0.0150986909866333,True,False,,0.0706
Cc1ccc(C)cc1,CC1=CC=C(C=C1)C,success,lowest_energy,MMFF94,10,5,20.598847495623893,0,20.59884749812161,False,5,20.598847495623893,0.018564797932008048,True,0,185,1.0927518208821614e-07,3.5762786865234375e-07,3.4816124859978172e-06,2.2411346435546875e-05,True,False,,0.0745
CC(=O)c1ccc(C)cc1,CC1=CC=C(C=C1)C(=O)C,success,lowest_energy,MMFF94,10,6,37.2653944932492,0,37.265394497285456,False,6,37.2653944932492,4.419396049115676e-08,True,0,186,0.0005341529846191406,0.0018471479415893555,0.003616643506427144,0.06674599647521973,True,False,,0.0899
Cc1ccc(C(C)C)cc1,CC1=CC=C(C=C1)C(C)C,success,lowest_energy,MMFF94,10,3,25.13277440040682,0,25.132774411256563,False,3,25.13277440040682,1.814302308389415e-08,True,0,187,7.605552673339843e-06,5.650520324707031e-05,3.654735032902207e-05,0.0007311105728149414,True,False,,0.1037
Cc1ccc(CO)cc1,CC1=CC=C(C=C1)CO,success,lowest_energy,MMFF94,10,6,20.455682344847588,0,20.47003191112892,False,6,20.455682344847588,1.655442154467373,True,0,188,3.814697265625e-06,1.5854835510253906e-05,2.141688999376799e-05,0.0001634359359741211,True,False,,0.0854
Cc1ccc(Cl)cc1,CC1=CC=C(C=C1)Cl,success,lowest_energy,MMFF94,10,0,17.254401862680723,0,17.254401862680723,True,0,17.254401862680723,5.470585762168412e-09,True,0,189,0.0,0.0,0.0,0.0,False,False,,0.0623
Cc1ccc(I)cc1,CC1=CC=C(C=C1)I,success,lowest_energy,MMFF94,10,9,18.606239719875948,0,18.60623972076055,False,9,18.606239719875948,2.5982330953411292e-08,True,0,190,7.947285970052083e-08,3.5762786865234375e-07,4.8770624048569626e-06,4.076957702636719e-05,True,False,,0.0639
Cc1ccccc1C#N,CC1=CC=CC=C1C#N,success,lowest_energy,MMFF94,10,2,32.91546023548764,0,32.9154602362242,False,2,32.91546023548764,1.5663516705899383e-08,True,0,191,1.0596381293402777e-07,5.960464477539062e-07,4.171467337169145e-06,4.506111145019531e-05,True,False,,0.0694
CC(=O)c1ccccc1C,CC1=CC=CC=C1C(=O)C,success,lowest_energy,MMFF94,10,0,41.087397347020314,0,41.087397347020314,True,0,41.087397347020314,0.8061426480290521,True,0,192,0.0,0.0,0.0,0.0,False,False,,0.0897
Cc1ccccc1C=O,CC1=CC=CC=C1C=O,success,lowest_energy,MMFF94,10,6,35.373856130749765,0,35.37385613076536,False,6,35.373856130749765,1.04533511037733,True,0,193,7.947285970052083e-08,5.960464477539062e-07,2.098710913407175e-06,3.4332275390625e-05,True,False,,0.0712
Cc1ccnc2ccccc12,CC1=CC=NC2=CC=CC=C12,success,lowest_energy,MMFF94,10,4,38.07194754817715,0,38.071947558420575,False,4,38.07194754817715,3.316279162390856e-08,True,0,194,1.430511474609375e-07,3.5762786865234375e-07,3.483432989854079e-06,4.482269287109375e-05,True,False,,0.0893
Cc1cccc(C)n1,CC1=NC(=CC=C1)C,success,lowest_energy,MMFF94,10,1,18.027552950666696,0,18.027552951021885,False,1,18.027552950666696,1.2853146458269293e-07,True,0,195,1.0927518208821614e-07,3.5762786865234375e-07,2.3315934573902803e-06,2.2172927856445312e-05,True,False,,0.0675
CC1CCC(=O)c2ccccc21,CC1CCC(=O)C2=CC=CC=C12,success,lowest_energy,MMFF94,10,2,38.28688787856886,0,38.28688788873297,False,2,38.28688787856886,0.8555869527987809,True,0,196,2.760636179070724e-07,1.0728836059570312e-06,4.193239044724849e-06,4.458427429199219e-05,True,False,,0.1148
CCC(=O)c1cccc(Br)c1,CCC(=O)C1=CC(=CC=C1)Br,success,lowest_energy,MMFF94,10,8,27.51018516871285,0,27.61358434222458,False,8,27.51018516871285,1.5381886567510747,True,0,197,0.0007150100939201586,0.0026187896728515625,0.0036266839250605155,0.0703897476196289,True,False,,0.0889
CCC(=O)c1cccc(F)c1,CCC(=O)C1=CC(=CC=C1)F,success,lowest_energy,MMFF94,10,2,23.650491900393597,0,23.888495078723835,False,2,23.650491900393597,1.6744864526080363,True,0,198,0.0006492426901152639,0.0027385950088500977,0.0036377577071494247,0.07001912593841553,True,False,,0.0914
CCC(=O)c1cccnc1,CCC(=O)C1=CN=CC=C1,success,lowest_energy,MMFF94,10,5,32.6169796961512,0,34.04969281198323,False,5,32.6169796961512,1.441901991892486,True,0,199,0.0007952372233072917,0.004619598388671875,0.0024011901446751188,0.030741095542907715,True,False,,0.0844
CCC(O)c1ccccc1,CCC(C1=CC=CC=C1)O,success,lowest_energy,MMFF94,10,1,20.387780680876354,0,20.818216587656398,False,1,20.387780680876354,1.8556196183636757,True,0,200,0.0003895680109659831,0.0023190975189208984,0.0021403318359738306,0.03463423252105713,True,False,,0.1028
CCCC(=O)c1ccc(-c2ccccc2)cc1,CCCC(=O)C1=CC=C(C=C1)C2=CC=CC=C2,success,lowest_energy,MMFF94,10,0,56.531307929160775,0,56.531307929160775,True,0,56.531307929160775,1.2939187438743431,True,0,201,0.0,0.0,0.0,0.0,False,False,,0.1839
CCCCC(=O)c1ccccc1,CCCCC(=O)C1=CC=CC=C1,success,lowest_energy,MMFF94,10,9,33.722264881641664,0,34.500949884065086,False,9,33.722264881641664,3.316504043761725,True,0,202,0.0002086427476671007,0.001728653907775879,0.001446375846862793,0.03526794910430908,True,False,,0.1253
C=CC(=O)OCC(CC)CCCC,CCCCC(CC)COC(=O)C=C,success,lowest_energy,MMFF94,10,7,4.006663343082248,0,4.707660029711913,False,7,4.006663343082248,3.8084638956939125,True,0,203,0.0005860135361954972,0.003651738166809082,0.002955085160780926,0.05895030498504639,True,False,,0.18
CCCCCCC(=O)c1ccccc1,CCCCCCC(=O)C1=CC=CC=C1,success,lowest_energy,MMFF94,10,3,34.189679261339556,0,36.122999741695274,False,3,34.189679261339556,2.722558702252691,True,0,204,0.0007636149724324545,0.005881071090698242,0.003123365599533607,0.047997117042541504,True,False,,0.2674
CCCCCCCCCCCCc1cc(Br)sc1Br,CCCCCCCCCCCCC1=C(SC(=C1)Br)Br,success,lowest_energy,MMFF94,10,7,1.9674057868615158,0,2.2432418399095386,False,7,1.9674057868615158,7.121350500272614,True,2,205,0.0006790704894484135,0.003953218460083008,0.004016891310486613,0.0746687650680542,True,False,,0.3118
C=CC(=O)OCCCCCCCCCCCC,CCCCCCCCCCCCOC(=O)C=C,success,lowest_energy,MMFF94,10,4,-1.9706337711575799,0,2.230935567521792,False,4,-1.9706337711575799,6.535648149361556,True,2,206,0.0007909852631238042,0.003644108772277832,0.0063191307708621025,0.07858526706695557,True,False,,0.3274
C=CC(=O)OCCN(CC)CC,CCN(CC)CCOC(=O)C=C,success,lowest_energy,MMFF94,10,8,16.242278948168575,0,17.499324808185637,False,8,16.242278948168575,3.7049345403496226,True,0,207,0.0009032768361708697,0.0026798248291015625,0.01175828907224867,0.07659482955932617,True,False,,0.1408
CCOC(=O)/C=C(/C)N,CCOC(=O)/C=C(/C)\N,success,lowest_energy,MMFF94,10,0,2.600508624765783,0,2.600508624765783,True,0,2.600508624765783,1.9586414919581476,True,0,208,0.0,0.0,0.0,0.0,False,False,,0.087
CCOC(=O)/C=C/c1ccccc1,CCOC(=O)/C=C/C1=CC=CC=C1,success,lowest_energy,MMFF94,10,4,8.091969977733765,0,8.09196997791487,False,4,8.091969977733765,0.8464445383539214,True,0,209,6.72462659004407e-08,3.5762786865234375e-07,3.1469044861970125e-06,2.288818359375e-05,True,False,,0.1285
CCOC(=O)C(Br)C(=O)OCC,CCOC(=O)C(C(=O)OCC)Br,success,lowest_energy,MMFF94,10,5,1.1441126726877318,0,1.619404217128416,False,5,1.1441126726877318,2.084662135885586,True,0,210,0.0011136531829833984,0.004053592681884766,0.006473188814909562,0.06590652465820312,True,False,,0.1083
CCOC(=O)C(C)(C)Br,CCOC(=O)C(C)(C)Br,success,lowest_energy,MMFF94,10,7,16.53323154173337,0,16.533231542214107,False,7,16.53323154173337,0.7470724674861167,True,0,211,0.0002713489532470703,0.0016956329345703125,0.0022618310792105537,0.023658037185668945,True,False,,0.0836
CCOC(=O)C(C)Br,CCOC(=O)C(C)Br,success,lowest_energy,MMFF94,10,5,9.744724181873131,0,10.100063989035611,False,5,9.744724181873131,1.1240695214910765,True,0,212,0.0003770047968084162,0.0024645328521728516,0.002473389280253443,0.034332990646362305,True,False,,0.0692
CCOC(=O)C(C(=O)OCC)c1ccccc1,CCOC(=O)C(C1=CC=CC=C1)C(=O)OCC,success,lowest_energy,MMFF94,10,4,21.474005912803396,0,22.692692294500468,False,4,21.474005912803396,1.218686381697072,True,2,213,0.0008416643329695159,0.007115721702575684,0.003907268246014913,0.05568808317184448,True,False,,0.198
CCOC(=O)C(Cc1ccccc1)C(C)=O,CCOC(=O)C(CC1=CC=CC=C1)C(=O)C,success,lowest_energy,MMFF94,10,0,-7.830134425891359,0,-7.830134425891359,True,0,-7.830134425891359,2.9546960760717367,True,4,214,0.0,0.0,0.0,0.0,False,False,,0.1927
CCOC(=O)c1cccc(N)c1,CCOC(=O)C1=CC(=CC=C1)N,success,lowest_energy,MMFF94,10,4,13.991649630117038,0,13.99164963059166,False,4,13.991649630117038,0.48539273911161196,True,0,215,5.2981906467013886e-08,2.384185791015625e-07,4.662018196255553e-06,4.482269287109375e-05,True,False,,0.1092
CCOC(=O)c1ccc(Cl)cc1,CCOC(=O)C1=CC=C(C=C1)Cl,success,lowest_energy,MMFF94,10,8,26.461866612940707,0,26.9073004773768,False,8,26.461866612940707,0.44543387445559546,True,0,216,0.00040227174758911133,0.0025396347045898438,0.004626476297191545,0.07632768154144287,True,False,,0.1019
CCOC(=O)c1ccc(F)cc1,CCOC(=O)C1=CC=C(C=C1)F,success,lowest_energy,MMFF94,10,0,25.09730528216202,0,25.09730528216202,True,0,25.09730528216202,0.44599395716786105,True,0,217,0.0,0.0,0.0,0.0,False,False,,0.0993
CCOC(=O)c1ccc(N)cc1,CCOC(=O)C1=CC=C(C=C1)N,success,lowest_energy,MMFF94,10,8,17.046065103647624,0,17.49611925301101,False,8,17.046065103647624,0.45006413150994007,True,0,218,0.00022308031717936197,0.0025336742401123047,0.0014076793895048253,0.034977078437805176,True,False,,0.1095
CCOC(=O)c1ccc(OC)cc1,CCOC(=O)C1=CC=C(C=C1)OC,success,lowest_energy,MMFF94,10,8,31.45808317259376,0,31.45808318177771,False,8,31.45808317259376,0.18068189062684326,True,0,219,0.0006831242487980769,0.002736806869506836,0.01089015007019043,0.19925272464752197,True,False,,0.1201
CCOC(=O)c1ccccc1N,CCOC(=O)C1=CC=CC=C1N,success,lowest_energy,MMFF94,10,6,39.89180737296499,0,41.64603411339405,False,6,39.89180737296499,1.814230727455481,True,0,220,0.0007233884599473742,0.0034134387969970703,0.005121278996561088,0.07358485460281372,True,False,,0.1119
CCOC(=O)c1cccnc1,CCOC(=O)C1=CN=CC=C1,success,lowest_energy,MMFF94,10,6,23.56926727110975,0,24.185809509641125,False,6,23.56926727110975,0.6165422481087361,True,0,221,0.0004764108946829131,0.0027860403060913086,0.005135511574537858,0.07634621858596802,True,False,,0.0877
CCOC(=O)CBr,CCOC(=O)CBr,success,lowest_energy,MMFF94,10,1,8.370762975095115,0,8.3707629792443,False,1,8.370762975095115,0.5848805225546201,True,0,222,3.0116031044407893e-07,1.1920928955078125e-06,3.4794211387634277e-06,2.3126602172851562e-05,True,False,,0.0548
CCOC(=O)CC(C)=O,CCOC(=O)CC(=O)C,success,lowest_energy,MMFF94,10,1,-23.327294754750053,0,-20.082267354421955,False,1,-23.327294754750053,3.333337936351594,True,1,223,0.0009081363677978516,0.0027354955673217773,0.00593091141093861,0.03483164310455322,True,False,,0.083
CCOC(=O)CC(=O)c1ccccc1,CCOC(=O)CC(=O)C1=CC=CC=C1,success,lowest_energy,MMFF94,10,3,13.31956068736259,0,14.898365867522998,False,3,13.31956068736259,1.5788051801604084,True,1,224,0.0010404416493007115,0.002676725387573242,0.005434838391966739,0.07918912172317505,True,False,,0.1344
CCOC(=O)CC(=O)OCC,CCOC(=O)CC(=O)OCC,success,lowest_energy,MMFF94,10,2,-36.817035937333266,0,-36.35882319623068,False,2,-36.817035937333266,0.4582127423208462,True,0,225,0.0002472246846845073,0.0025054216384887695,0.0017096094968842297,0.03416585922241211,True,False,,0.1042
CCOC(=O)Cc1ccccc1,CCOC(=O)CC1=CC=CC=C1,success,lowest_energy,MMFF94,10,5,26.774861408121815,0,26.7748614101094,False,5,26.774861408121815,0.5708660437861681,True,0,226,1.25832027859158e-07,7.152557373046875e-07,3.2031536102294923e-06,3.4809112548828125e-05,True,False,,0.1183
COC(=O)C#CC(=O)OC,COC(=O)C#CC(=O)OC,success,lowest_energy,MMFF94,10,1,-23.59792390213454,0,-23.597923899178515,False,1,-23.59792390213454,8.397608996091321e-05,True,1,227,1.1920928955078125e-07,3.5762786865234375e-07,3.236496972071158e-06,4.482269287109375e-05,True,False,,0.0715
COC(=O)C(=O)c1ccccc1,COC(=O)C(=O)C1=CC=CC=C1,success,lowest_energy,MMFF94,10,3,71.14288565837472,0,71.14288565883065,False,3,71.14288565837472,1.7245633898710366e-07,True,0,228,5.563100179036459e-07,2.384185791015625e-06,3.7714546801997165e-06,3.361701965332031e-05,True,False,,0.0948
COC(=O)c1ccc(CBr)cc1,COC(=O)C1=CC=C(C=C1)CBr,success,lowest_energy,MMFF94,10,5,38.974296762388676,0,38.974296811197505,False,5,38.974296762388676,3.7876590113228303e-06,True,0,229,0.00018135044309828017,0.0009016990661621094,0.003223850446588853,0.07611370086669922,True,False,,0.0967
COC(=O)c1ccc(Cl)cc1,COC(=O)C1=CC=C(C=C1)Cl,success,lowest_energy,MMFF94,10,7,28.807174224543093,0,28.807174226679102,False,7,28.807174224543093,2.6235124295226342e-08,True,0,230,2.095193573922822e-07,8.344650268554688e-07,4.4640074384973405e-06,4.935264587402344e-05,True,False,,0.0794
COC(=O)c1ccc(I)cc1,COC(=O)C1=CC=C(C=C1)I,success,lowest_energy,MMFF94,10,3,30.14955756107224,0,30.14955756113967,False,3,30.14955756107224,1.3618045358043673e-08,True,0,231,2.745426062381629e-07,8.344650268554688e-07,4.564193969077253e-06,5.435943603515625e-05,True,False,,0.0803
COC(=O)c1ccccc1N,COC(=O)C1=CC=CC=C1N,success,lowest_energy,MMFF94,10,0,42.240691572351565,0,42.240691572351565,True,0,42.240691572351565,1.3636172260273014,True,0,232,0.0,0.0,0.0,0.0,False,False,,0.0921
COC(=O)c1ccccc1O,COC(=O)C1=CC=CC=C1O,success,lowest_energy,MMFF94,10,6,25.992540079039436,0,28.53099808058257,False,6,25.992540079039436,8.524166244996579,True,0,233,0.0014580813321200285,0.00508427619934082,0.006131798663037888,0.09173399209976196,True,False,,0.0874
COC(=O)CC(=O)C1CC1,COC(=O)CC(=O)C1CC1,success,lowest_energy,MMFF94,10,6,2.040372080651564,0,4.64520109529474,False,6,2.040372080651564,2.604829014643176,True,4,234,0.0012073914210001628,0.006292104721069336,0.004847401796385299,0.04193675518035889,True,False,,0.0996
COC(=O)Cc1ccc(Br)cc1,COC(=O)CC1=CC=C(C=C1)Br,success,lowest_energy,MMFF94,10,0,28.568623089027707,0,28.568623089027707,True,0,28.568623089027707,0.35416278643538135,True,0,235,0.0,0.0,0.0,0.0,False,False,,0.101
COC(=O)Cc1cccc2ccccc12,COC(=O)CC1=CC=CC2=CC=CC=C21,success,lowest_energy,MMFF94,10,9,43.52310733737111,0,43.81237649580796,False,9,43.52310733737111,0.28927136157806643,True,1,236,0.0005382578423682679,0.0036487579345703125,0.0011057983274045198,0.0332263708114624,True,False,,0.1471
COC(=O)CS,COC(=O)CS,success,lowest_energy,MMFF94,10,7,14.94906692888476,0,16.5922862682436,False,7,14.94906692888476,1.6432193398701127,True,0,237,0.0007483065128326416,0.0034003257751464844,0.003235536813735962,0.030117332935333252,True,False,,0.0475
COC(=O)[C@H](O)c1ccccc1,COC(=O)[C@@H](C1=CC=CC=C1)O,success,lowest_energy,MMFF94,10,0,62.755450733599965,0,62.755450733599965,True,0,62.755450733599965,2.015267188471988,True,0,238,0.0,0.0,0.0,0.0,False,False,,0.1138
COc1cccc(OC)c1C=O,COC1=C(C(=CC=C1)OC)C=O,success,lowest_energy,MMFF94,10,1,54.28330470380932,0,54.283304746190055,False,1,54.28330470380932,2.0043773929501185e-07,True,0,239,0.0028433865971035427,0.006805539131164551,0.016560763705010507,0.12957406044006348,True,False,,0.1125
COc1ccc(Br)c(CBr)c1,COC1=CC(=C(C=C1)Br)CBr,success,lowest_energy,MMFF94,10,5,25.16762297430392,0,25.429138038484382,False,5,25.16762297430392,0.2615150786872853,True,0,240,0.0010049776597456498,0.00375211238861084,0.009538490721519957,0.20047324895858765,True,False,,0.0838
COc1ccc(C=O)c(O)c1,COC1=CC(=C(C=C1)C=O)O,success,lowest_energy,MMFF94,10,6,29.30770397548738,0,40.87972334163505,False,6,29.30770397548738,11.572019366147668,True,0,241,0.0023542823213519473,0.011578917503356934,0.014050328985173652,0.19994568824768066,True,False,,0.0888
COc1ccc(OC)c(Br)c1,COC1=CC(=C(C=C1)OC)Br,success,lowest_energy,MMFF94,10,7,32.54779151922813,0,32.54779160031164,False,7,32.54779151922813,0.33718954767695664,True,0,242,1.806201356830019e-07,5.960464477539062e-07,4.7328624319522935e-06,4.410743713378906e-05,True,False,,0.0893
COc1cc(F)cc(Br)c1,COC1=CC(=CC(=C1)Br)F,success,lowest_energy,MMFF94,10,1,5.09616391554608,0,5.096163922428367,False,1,5.09616391554608,0.14168743841901588,True,0,243,2.2252400716145834e-07,8.344650268554688e-07,3.6954879760742188e-06,3.337860107421875e-05,True,False,,0.0726
COc1cc(Br)cc(OC)c1,COC1=CC(=CC(=C1)Br)OC,success,lowest_energy,MMFF94,10,6,16.79917754792946,0,16.799177549328064,False,6,16.79917754792946,0.49141056163617947,True,0,244,8.669766512784091e-08,3.5762786865234375e-07,3.918688347999086e-06,4.482269287109375e-05,True,False,,0.0885
COc1cc(OC)cc(OC)c1,COC1=CC(=CC(=C1)OC)OC,success,lowest_energy,MMFF94,10,3,24.18467347780836,0,25.2518902560481,False,3,24.18467347780836,1.0672170170765618,True,0,245,0.0009856091605292426,0.00316774845123291,0.009040448011136522,0.19979339838027954,True,False,,0.1096
COc1ccc2ccccc2c1,COC1=CC2=CC=CC=C2C=C1,success,lowest_energy,MMFF94,10,0,33.45187762044701,0,33.45187762044701,True,0,33.45187762044701,0.05359062436022555,True,0,246,0.0,0.0,0.0,0.0,False,False,,0.1071
COc1ccc(Br)cc1,COC1=CC=C(C=C1)Br,success,lowest_energy,MMFF94,10,5,18.93460431937885,0,18.934604369968415,False,5,18.93460431937885,4.5553893457395134e-07,True,0,247,0.0009881655375162761,0.002828240394592285,0.011453408943979363,0.19912981986999512,True,False,,0.0701
COc1ccc(C(=O)c2ccccc2)cc1,COC1=CC=C(C=C1)C(=O)C2=CC=CC=C2,success,lowest_energy,MMFF94,10,3,73.53746772204954,0,73.92785067444034,False,3,73.53746772204954,0.39038295239079446,True,0,248,0.0007657527923583985,0.0028232336044311523,0.007816593940943887,0.1991567611694336,True,False,,0.1508
COc1ccc(C=O)cc1,COC1=CC=C(C=C1)C=O,success,lowest_energy,MMFF94,10,5,34.389011114486934,0,34.38901113542318,False,5,34.389011114486934,0.449305327504959,True,0,249,2.940495808919271e-07,9.5367431640625e-07,3.3052194686163037e-06,4.4345855712890625e-05,True,False,,0.0762
COc1ccc(CCO)cc1,COC1=CC=C(C=C1)CCO,success,lowest_energy,MMFF94,10,8,32.03122614182484,0,32.031226144689775,False,8,32.03122614182484,2.3048734167530824,True,0,250,0.0007705110492128315,0.0026684999465942383,0.009471311517383741,0.19884926080703735,True,False,,0.1058
COc1ccc(CO)cc1,COC1=CC=C(C=C1)CO,success,lowest_energy,MMFF94,10,7,22.694326282798926,0,22.694326290100342,False,7,22.694326282798926,1.5502370397353609,True,0,251,0.0008865435918172201,0.0026165246963500977,0.010627801929201399,0.198938250541687,True,False,,0.0894
COc1ccc(Cl)cc1,COC1=CC=C(C=C1)Cl,success,lowest_energy,MMFF94,10,4,18.086717731420922,0,18.086717735235705,False,4,18.086717731420922,1.0752348700293624e-07,True,0,252,1.236244484230324e-07,4.76837158203125e-07,2.291641737285413e-06,1.239776611328125e-05,True,False,,0.0716
COc1ccc(OC)cc1,COC1=CC=C(C=C1)OC,success,lowest_energy,MMFF94,10,7,23.34618206646882,0,23.62658666746925,False,7,23.34618206646882,0.2804046522014829,True,0,253,0.0008898655573527019,0.0029735565185546875,0.010374716350010462,0.19862967729568481,True,False,,0.0859
COc1ccccc1,COC1=CC=CC=C1,success,lowest_energy,MMFF94,10,1,20.50113745038172,0,20.501137453445764,False,1,20.50113745038172,5.515516932064202e-09,True,0,254,1.2914339701334635e-07,4.76837158203125e-07,4.511890989361388e-06,5.5789947509765625e-05,True,False,,0.0684
COCCCCC(=O)c1ccc(C(F)(F)F)cc1,COCCCCC(=O)C1=CC=C(C=C1)C(F)(F)F,success,lowest_energy,MMFF94,10,1,68.94522469942711,0,69.82453513087997,False,1,68.94522469942711,4.576845557840457,True,1,255,0.00029767884148491756,0.001433730125427246,0.0021799466548821866,0.057576894760131836,True,False,,0.1852
C=CC(=O)OCCOC,COCCOC(=O)C=C,success,lowest_energy,MMFF94,10,5,15.917766881197746,0,18.10655839911709,False,5,15.917766881197746,2.7100416374790015,True,0,256,0.0009949970245361327,0.0038797855377197266,0.011701557785272598,0.07592302560806274,True,False,,0.0796
CSc1ccc(C=O)cc1,CSC1=CC=C(C=C1)C=O,success,lowest_energy,MMFF94,10,0,29.74512350723437,0,29.74512350723437,True,0,29.74512350723437,0.25495852552690224,True,0,257,0.0,0.0,0.0,0.0,False,False,,0.0816
C=CC(=O)O[C@@H]1C[C@H]2CC[C@]1(C)C2(C)C,C[C@@]12CC[C@@H](C1(C)C)C[C@H]2OC(=O)C=C,success,lowest_energy,MMFF94,10,3,53.72925556201668,0,53.729255590506725,False,3,53.72925556201668,0.9929167290980843,True,0,258,1.6740027894365027e-07,7.152557373046875e-07,5.063172933217642e-06,4.696846008300781e-05,True,False,,0.2849
