epoch,train_loss,valid_score,V1_mae,V1_rmse,V1_r2,V1_mean_pinball_loss,V1_interval_80_coverage,V1_interval_80_mean_width,V2_mae,V2_rmse,V2_r2,V2_mean_pinball_loss,V2_interval_80_coverage,V2_interval_80_mean_width,quantile_crossing_rate
1,403.19276428222656,231.66536599808774,3.964468240737915,7.966738224029541,-0.15393592033332282,2.9325151443481445,0.0,-2.790729284286499,10.360881805419922,18.34101676940918,-0.4389940292054224,6.639577865600586,0.0,2.5811643600463867,1.0
2,270.41249084472656,271.54192690644504,6.709939956665039,9.766860008239746,-0.7343249613679406,3.251434326171875,0.004807692307692308,0.22832219302654266,11.447198867797852,18.769676208496094,-0.5070433974570681,7.382313251495361,0.0,-0.2288760095834732,1.0
3,189.0070037841797,284.60618661665285,6.3151326179504395,9.74616813659668,-0.726984123190324,2.7513251304626465,0.18509615384615385,3.601101875305176,12.766005516052246,19.474002838134766,-0.622268172490835,7.674249172210693,0.0,0.32384639978408813,1.0
4,148.95063018798828,253.23984674750227,5.707577228546143,9.436104774475098,-0.6188481598523468,2.3941736221313477,0.4807692307692308,5.821926593780518,10.12166690826416,18.121797561645508,-0.40480072032254477,7.110789775848389,0.0,0.9520781636238098,1.0
5,121.21770858764648,235.99995357410899,6.588766098022461,9.713507652282715,-0.7154290337414109,2.4205639362335205,0.5649038461538461,7.4933390617370605,9.759400367736816,16.831382751464844,-0.21185832917528846,6.537293910980225,0.0,2.4035532474517822,1.0
6,112.77086639404297,242.8006085546449,7.336125373840332,10.10417652130127,-0.8561899771156851,2.5222814083099365,0.59375,7.8293352127075195,10.129658699035645,16.775352478027344,-0.20380330367953037,5.959442615509033,0.0,4.291194438934326,1.0
7,100.29769515991211,217.14415257749852,6.635843276977539,9.56264591217041,-0.6625577218834877,2.3699827194213867,0.5817307692307693,8.25791072845459,8.535736083984375,15.855595588684082,-0.07541800502692975,5.172767639160156,0.026442307692307692,6.032963275909424,1.0
8,79.26832580566406,185.19903736384413,4.709745407104492,8.432571411132812,-0.2928277233371783,1.8574132919311523,0.6802884615384616,9.051706314086914,7.442508220672607,15.105679512023926,0.023903583593413602,4.420767784118652,0.1201923076923077,8.10587215423584,0.9350961538461539
9,70.21763610839844,199.45329169492743,4.192469120025635,8.248894691467285,-0.23712064803012134,1.7015743255615234,0.7283653846153846,9.329296112060547,9.297139167785645,16.2116641998291,-0.12426166416969742,4.484180927276611,0.21153846153846154,9.298321723937988,0.31009615384615385
10,61.77572441101074,191.18158096184334,4.122318744659424,8.069876670837402,-0.18400725359967662,1.58401358127594,0.8269230769230769,10.203821182250977,8.896685600280762,15.878203392028809,-0.07848699167247553,4.008885860443115,0.40625,11.158198356628418,0.0889423076923077
11,59.918052673339844,186.333373445706,4.057888507843018,8.096278190612793,-0.191767212169071,1.5074151754379272,0.8413461538461539,10.143808364868164,8.74050235748291,15.542435646057129,-0.03335693330131684,3.7794501781463623,0.4831730769230769,12.230193138122559,0.002403846153846154
12,53.926597595214844,148.07674663105854,3.822446346282959,7.585732460021973,-0.04620226135511096,1.335550308227539,0.8846153846153846,10.553696632385254,6.71359920501709,13.456107139587402,0.2254471227225917,3.023026943206787,0.6009615384615384,14.234130859375,0.0
13,54.29505920410156,141.44797394565467,4.117568016052246,7.649991989135742,-0.06400224464151161,1.3468579053878784,0.8942307692307693,9.90407657623291,6.273038387298584,12.87832260131836,0.2905353149165749,2.836127758026123,0.6346153846153846,14.528024673461914,0.10336538461538461
14,50.01438903808594,154.79818772098315,4.452629566192627,7.903704643249512,-0.13574797326267984,1.4212576150894165,0.8798076923076923,9.312308311462402,6.763145923614502,13.588939666748047,0.2100796151467288,2.961212158203125,0.6394230769230769,14.190831184387207,0.10096153846153846
15,46.27025604248047,136.36577413087684,4.005058765411377,7.333899021148682,0.022108984788832053,1.3036407232284546,0.8918269230769231,9.680099487304688,6.4228105545043945,12.851435661315918,0.2934945629160338,2.6841375827789307,0.6875,15.11408805847168,0.06009615384615385
16,45.411190032958984,145.1775453105081,3.9709601402282715,7.414680004119873,0.0004478869033925914,1.327012300491333,0.8846153846153846,9.66867446899414,6.860048770904541,13.43131160736084,0.228299042148718,2.807068347930908,0.7163461538461539,14.84304141998291,0.06009615384615385
17,40.84808921813965,121.58350487596272,3.3354976177215576,6.836422920227051,0.15027489090705937,1.1753524541854858,0.8966346153846154,10.405848503112793,5.78803825378418,12.234935760498047,0.35965262657360675,2.3950703144073486,0.7980769230769231,15.670194625854492,0.036057692307692304
18,33.19174766540527,91.8521719763562,2.836190938949585,5.988491058349609,0.34798832028412097,1.0367116928100586,0.90625,11.553585052490234,5.03216552734375,10.582074165344238,0.5209798038313248,1.9647504091262817,0.8725961538461539,17.391937255859375,0.007211538461538462
19,35.62090492248535,111.13662895556831,3.3444607257843018,6.550253391265869,0.21992424932422172,1.1235904693603516,0.8966346153846154,9.844273567199707,5.8685221672058105,11.681678771972656,0.41625567562091703,2.219426155090332,0.8269230769230769,15.337794303894043,0.04567307692307692
20,37.030324935913086,118.33744302933474,3.2894129753112793,6.733672142028809,0.17562561400923993,1.1218810081481934,0.84375,9.317171096801758,5.754626750946045,12.082640647888184,0.3754949988178593,2.2098381519317627,0.8365384615384616,14.887418746948242,0.10096153846153846
21,35.54580307006836,70.72790068375093,2.678452968597412,5.307082653045654,0.4879264731377546,0.9489232301712036,0.8052884615384616,10.617834091186523,4.610232353210449,9.226350784301758,0.6358568455345007,1.6778900623321533,0.8918269230769231,16.75053596496582,0.10576923076923077
22,31.93223762512207,75.64078673971994,2.9503705501556396,5.495339870452881,0.4509527989346318,1.03494393825531,0.7403846153846154,10.365553855895996,4.9560112953186035,9.533312797546387,0.6112236124146704,1.7315411567687988,0.8653846153846154,15.94541072845459,0.11538461538461539
23,32.97470664978027,103.3511959624359,3.0085628032684326,6.33356237411499,0.2706824603066954,1.0754092931747437,0.7884615384615384,9.263871192932129,5.2509942054748535,11.246082305908203,0.4589782721497536,1.9679540395736694,0.84375,13.593564987182617,0.12740384615384615
24,30.755081176757812,123.99738500896183,3.261730670928955,6.805886268615723,0.15784901951863295,1.1340992450714111,0.8557692307692307,8.03734016418457,6.042512893676758,12.464132308959961,0.33543673771909266,2.199209451675415,0.8100961538461539,11.946962356567383,0.055288461538461536
25,27.779913902282715,112.8978101332691,2.990949869155884,6.492847442626953,0.2335373820818435,1.079393982887268,0.8629807692307693,8.47500991821289,5.628139972686768,11.894598960876465,0.39478204788220084,2.051185131072998,0.7548076923076923,11.838639259338379,0.026442307692307692
26,25.22333335876465,118.49975372993049,3.0540518760681152,6.629132270812988,0.2010235415058509,1.1322968006134033,0.8677884615384616,8.647403717041016,5.72678804397583,12.211008071899414,0.36215488461093837,2.1761560440063477,0.6346153846153846,11.417658805847168,0.026442307692307692
27,23.61832046508789,118.10028588240675,3.0189123153686523,6.589267730712891,0.21060407028213635,1.1227539777755737,0.875,8.07371997833252,5.7343268394470215,12.221443176269531,0.36106432668953936,2.1440582275390625,0.6995192307692307,11.002729415893555,0.028846153846153848
28,23.075257301330566,93.59767911141739,2.6878912448883057,5.794609546661377,0.3895234925515648,0.9624131917953491,0.8894230769230769,7.7996745109558105,5.335500240325928,10.956293106079102,0.48650114233431774,1.8473232984542847,0.8052884615384616,11.38048267364502,0.026442307692307692
29,21.801706314086914,78.91736364874487,2.598877429962158,5.356225967407227,0.47839903863513233,0.8921338319778442,0.8725961538461539,7.348749160766602,4.99151611328125,10.022794723510742,0.5702757532943485,1.694848895072937,0.8413461538461539,11.311639785766602,0.014423076923076924
30,19.609567642211914,70.34909549340841,2.4882454872131348,5.104902744293213,0.5261994632356726,0.8661474585533142,0.8701923076923077,7.020249366760254,4.644199848175049,9.411595344543457,0.6210877188556942,1.587329626083374,0.8341346153846154,11.221181869506836,0.009615384615384616
31,19.2728328704834,60.75005111255541,2.4498343467712402,4.899247169494629,0.5636054460384203,0.8469325304031372,0.8605769230769231,6.706894874572754,4.245169639587402,8.572914123535156,0.6856097247078329,1.4559969902038574,0.8533653846153846,11.438322067260742,0.007211538461538462
32,18.46927547454834,55.2850337728828,2.38930082321167,4.624659538269043,0.6111517949065519,0.8213983178138733,0.8365384615384616,6.487829208374023,4.294350624084473,8.233778953552246,0.7099915872393717,1.4659162759780884,0.8677884615384616,11.623861312866211,0.004807692307692308
33,17.797397136688232,74.73646760350857,2.780656576156616,5.459224700927734,0.45814570724688175,0.9843249917030334,0.7764423076923077,5.630913257598877,4.704297065734863,9.479803085327148,0.6155757217946976,1.6531342267990112,0.8341346153846154,10.651508331298828,0.014423076923076924
34,16.897619247436523,48.579260931705676,2.2543253898620605,4.4778876304626465,0.6354417422228626,0.8088477849960327,0.8028846153846154,5.830963134765625,3.8857040405273438,7.553513526916504,0.755932353917256,1.3333823680877686,0.8485576923076923,10.963704109191895,0.02403846153846154
35,15.994885444641113,51.281414087619964,2.2365565299987793,4.489682197570801,0.6335186966533792,0.8107555508613586,0.7572115384615384,5.612457752227783,3.984226703643799,7.889761447906494,0.7337191351020107,1.4036171436309814,0.8389423076923077,10.821518898010254,0.019230769230769232
36,16.658814430236816,69.29377026289285,2.7721097469329834,5.410983085632324,0.4676797998738541,1.0133739709854126,0.6754807692307693,4.7159318923950195,4.437600135803223,8.945952415466309,0.6576539050368673,1.591434121131897,0.8125,10.016256332397461,0.03365384615384615
37,17.414794921875,42.209697873972004,2.0706586837768555,4.072757720947266,0.6984233092055996,0.7451407313346863,0.7932692307692307,5.190749645233154,3.74629807472229,7.158539295196533,0.7807896635514334,1.304335355758667,0.7980769230769231,10.608572006225586,0.036057692307692304
38,16.279483318328857,47.0036691483557,2.0727500915527344,4.202165603637695,0.6789542493814134,0.7559047341346741,0.78125,5.1793999671936035,4.181938648223877,7.661001682281494,0.7489366558167869,1.4936081171035767,0.6634615384615384,10.136219024658203,0.021634615384615384
39,16.94314193725586,49.69363455462576,2.4746012687683105,4.658413410186768,0.6054549159194131,0.8798660039901733,0.6802884615384616,4.533373832702637,3.7753846645355225,7.482355117797852,0.7605091824976982,1.3350605964660645,0.7668269230769231,9.471403121948242,0.10096153846153846
40,16.32633113861084,46.01748073035105,2.0168795585632324,4.254076957702637,0.670973164259086,0.7541126608848572,0.7427884615384616,4.597022533416748,3.6758127212524414,7.472658157348633,0.7611295553086391,1.3258252143859863,0.7403846153846154,9.351419448852539,0.03365384615384615
41,15.024003028869629,37.88727427707704,1.9438111782073975,3.6950268745422363,0.7517691404643154,0.6690588593482971,0.7740384615384616,5.3949456214904785,3.8427891731262207,6.9619035720825195,0.7926671046036647,1.4121543169021606,0.5793269230769231,10.028860092163086,0.02403846153846154
42,15.650308609008789,52.99675559586467,2.253850221633911,4.568698883056641,0.6205053499309561,0.7960606813430786,0.7115384615384616,4.756981372833252,4.099472999572754,8.015453338623047,0.725167333359737,1.5186833143234253,0.5528846153846154,8.872147560119629,0.03125
43,16.23808479309082,33.40298301997399,1.8790113925933838,3.7378437519073486,0.7459829529822891,0.6579163670539856,0.7836538461538461,5.0204033851623535,3.4221012592315674,6.234020709991455,0.8337549688670818,1.2150990962982178,0.6682692307692307,9.07997989654541,0.04567307692307692
44,15.51462984085083,44.59707250214262,2.0009100437164307,4.180438041687012,0.6822656205785893,0.7196957468986511,0.7764423076923077,5.118702411651611,3.717517614364624,7.364918231964111,0.7679679158261203,1.3715049028396606,0.6610576923076923,8.743844985961914,0.040865384615384616
45,15.288020133972168,33.85678831617332,1.8342854976654053,3.4884016513824463,0.7787549665979827,0.6405969262123108,0.7716346153846154,5.414322853088379,3.7187623977661133,6.586021900177002,0.8144510292095194,1.3333783149719238,0.6394230769230769,9.011799812316895,0.02403846153846154
46,16.812364101409912,47.786383715022566,1.9974173307418823,4.226140022277832,0.6752805012304299,0.7101632952690125,0.7692307692307693,5.126241207122803,3.6302988529205322,7.736423492431641,0.7439689335195088,1.3151745796203613,0.7019230769230769,8.852432250976562,0.014423076923076924
47,18.914336681365967,30.554329949712326,1.8670945167541504,3.5702035427093506,0.7682570251107745,0.6251724362373352,0.8004807692307693,5.042285442352295,3.321603298187256,5.967910289764404,0.8476449712988452,1.1847623586654663,0.7307692307692307,8.845483779907227,0.026442307692307692
48,18.45404863357544,62.14071927524765,2.3451619148254395,4.8104963302612305,0.5792730369608701,0.7692288160324097,0.7740384615384616,5.502779483795166,4.294064998626709,8.831743240356445,0.6663392649776181,1.5374469757080078,0.7067307692307693,9.56590461730957,0.040865384615384616
49,17.24023151397705,47.76189718358489,2.1382813453674316,4.317984104156494,0.6610133357962702,0.7144613862037659,0.7620192307692307,5.3321919441223145,3.911029577255249,7.63110876083374,0.7508921085140078,1.3684804439544678,0.7331730769230769,9.021461486816406,0.040865384615384616
50,15.628138542175293,36.07215398886456,1.8135082721710205,3.78945255279541,0.7389200274758598,0.6671345233917236,0.7235576923076923,4.599212169647217,3.3242480754852295,6.589719772338867,0.8142426181680764,1.1741117238998413,0.7884615384615384,7.946774005889893,0.04326923076923077
51,14.037144660949707,49.49663091064235,2.036142587661743,4.306080341339111,0.6628797446284942,0.7237918376922607,0.7091346153846154,4.6283111572265625,3.761255979537964,7.868202209472656,0.7351724089729579,1.348328948020935,0.7355769230769231,8.206680297851562,0.021634615384615384
52,15.051988124847412,31.258029279230072,1.7960318326950073,3.551692008972168,0.7706539925570706,0.6341469883918762,0.7259615384615384,4.565966606140137,3.2247729301452637,6.1063103675842285,0.8404966051313502,1.1341241598129272,0.7475961538461539,7.837984561920166,0.038461538461538464
53,12.897768497467041,33.35087306108579,1.7518069744110107,3.4714243412017822,0.7809032146875492,0.6261731386184692,0.7211538461538461,4.47712516784668,3.257448673248291,6.526880741119385,0.8177684541881722,1.168108582496643,0.7379807692307693,7.470874309539795,0.057692307692307696
54,12.138043403625488,37.64397226370744,1.8161801099777222,3.7071244716644287,0.7501410369994531,0.6693385243415833,0.6971153846153846,4.425892353057861,3.4102349281311035,6.913928031921387,0.7955147863185311,1.2165050506591797,0.7692307692307693,7.303269386291504,0.0673076923076923
55,12.292062759399414,40.37417125805723,1.9664604663848877,4.006453514099121,0.7081626940000312,0.7010517120361328,0.7451923076923077,4.4502153396606445,3.39797043800354,6.974596977233887,0.7919103819266395,1.2434465885162354,0.7115384615384616,6.824039936065674,0.052884615384615384
56,11.624982833862305,33.2130503056398,1.8178068399429321,3.6444685459136963,0.758515634342981,0.6369280815124512,0.7548076923076923,4.459650993347168,3.137648344039917,6.313620090484619,0.8294824320558314,1.1372984647750854,0.7235576923076923,6.793242454528809,0.057692307692307696
57,10.941746711730957,36.197313861160524,1.7884618043899536,3.616166591644287,0.7622516957090352,0.6489430069923401,0.7235576923076923,4.225426197052002,3.298652172088623,6.800096035003662,0.8021927163263229,1.1907694339752197,0.7331730769230769,6.693549633026123,0.08173076923076923
58,11.249597072601318,28.36117120591507,1.707155466079712,3.39017391204834,0.7910393340646458,0.598206639289856,0.7524038461538461,4.337193012237549,2.9578464031219482,5.80825138092041,0.8556878259271932,1.067586898803711,0.7355769230769231,6.4829511642456055,0.052884615384615384
59,10.64058256149292,35.809819855333046,1.8243699073791504,3.7901527881622314,0.7388235486932108,0.6542806625366211,0.7331730769230769,4.092829704284668,3.2508609294891357,6.548978805541992,0.8165323881242219,1.1831855773925781,0.7307692307692307,6.2019219398498535,0.052884615384615384
60,10.176588773727417,32.083151137661105,1.7040400505065918,3.490888833999634,0.7784393672357628,0.6184426546096802,0.7139423076923077,3.9078168869018555,3.2642734050750732,6.308224201202393,0.8297737897679076,1.155883550643921,0.7283653846153846,6.2268877029418945,0.04326923076923077
61,9.905428409576416,31.40106935321944,1.7015025615692139,3.5139946937561035,0.7754966683343276,0.6127293705940247,0.7259615384615384,4.004565238952637,3.1170005798339844,6.1729912757873535,0.8369940363553048,1.130901575088501,0.7259615384615384,6.091490745544434,0.036057692307692304
62,9.7777578830719,28.91119688762683,1.6791284084320068,3.394028663635254,0.7905638756975986,0.5935332179069519,0.7572115384615384,4.198131084442139,2.9563992023468018,5.897756576538086,0.8512058236676696,1.0848108530044556,0.7235576923076923,6.165474891662598,0.036057692307692304
63,9.522522926330566,31.395028263742233,1.6788597106933594,3.5111546516418457,0.7758594080705515,0.6110897660255432,0.7596153846153846,4.022536754608154,3.034332752227783,6.175244331359863,0.8368750289710829,1.1005816459655762,0.7043269230769231,5.822903156280518,0.05048076923076923
64,9.711643695831299,27.71988984890112,1.642408847808838,3.331374406814575,0.7982249440482814,0.5797539949417114,0.7788461538461539,4.149258613586426,2.8918099403381348,5.765732288360596,0.8577929541844366,1.0850714445114136,0.6899038461538461,5.7632060050964355,0.04326923076923077
65,10.58883285522461,35.23009775609768,1.713316798210144,3.6532328128814697,0.7573528099973615,0.6355491280555725,0.7524038461538461,3.901139497756958,3.1685397624969482,6.615736961364746,0.8127729156345196,1.171282410621643,0.6947115384615384,5.5829033851623535,0.02403846153846154
66,12.149479389190674,27.37092222171168,1.6397229433059692,3.295114517211914,0.8025934205268779,0.5768856406211853,0.7572115384615384,4.0229363441467285,2.9307706356048584,5.74685001373291,0.8587228606728103,1.0964586734771729,0.6971153846153846,5.7891764640808105,0.03365384615384615
67,12.083454132080078,42.261258942437735,1.8774850368499756,3.9975876808166504,0.709452854973845,0.701921820640564,0.7139423076923077,3.7683351039886475,3.498621940612793,7.249903678894043,0.7751583879730299,1.3131705522537231,0.6826923076923077,5.653801441192627,0.028846153846153848
68,12.200663566589355,36.94486016700881,1.7894178628921509,3.727748155593872,0.747353246189867,0.6661856174468994,0.7331730769230769,3.7957372665405273,3.447655200958252,6.789514541625977,0.8028078472290229,1.2799298763275146,0.6875,5.869335651397705,0.03125
69,11.755290031433105,45.31427847892519,1.9552146196365356,4.156303405761719,0.6859237690856628,0.711044192314148,0.7379807692307693,3.9770772457122803,3.4796717166900635,7.488580703735352,0.7601105162962292,1.3399930000305176,0.7115384615384616,6.050246238708496,0.016826923076923076
70,11.750817775726318,35.29925779193047,1.7772328853607178,3.625857353210449,0.7609757045896073,0.6349227428436279,0.7355769230769231,3.968291759490967,3.2033839225769043,6.656187534332275,0.8104763974746615,1.1819119453430176,0.7307692307692307,6.191795825958252,0.021634615384615384
71,10.576204776763916,32.64146909545212,1.7920297384262085,3.6239044666290283,0.7612331307243331,0.6328344941139221,0.7427884615384616,4.051962852478027,3.1005258560180664,6.246404647827148,0.8330938156167412,1.1330689191818237,0.7283653846153846,6.194976806640625,0.021634615384615384
72,9.460620164871216,41.610881037752506,1.9162213802337646,4.014965534210205,0.7069213379313088,0.692835807800293,0.7403846153846154,3.9793989658355713,3.3446249961853027,7.140158653259277,0.7819139424074554,1.2526775598526,0.71875,5.910738468170166,0.02403846153846154
73,9.913778066635132,29.437988096857737,1.6668193340301514,3.4480559825897217,0.7838430540099365,0.6087430715560913,0.7379807692307693,3.8555784225463867,2.9780983924865723,5.924339294433594,0.8498615051691643,1.0816458463668823,0.7091346153846154,5.780134201049805,0.03365384615384615
74,9.785262107849121,33.53637753248836,1.7811909914016724,3.7488207817077637,0.7444888015896869,0.6388458013534546,0.7572115384615384,3.897158622741699,3.0025815963745117,6.242230415344238,0.8333168276822884,1.1094101667404175,0.6778846153846154,5.524310111999512,0.04807692307692308
75,8.981115818023682,31.874324296015914,1.732887864112854,3.631195306777954,0.760271415878312,0.6256908774375916,0.7307692307692307,3.815093994140625,2.991619110107422,6.113713264465332,0.8401096277827402,1.1046403646469116,0.6634615384615384,5.225131511688232,0.05048076923076923
76,8.930517196655273,29.260560226128916,1.6820608377456665,3.4370014667510986,0.7852268341873516,0.6050652861595154,0.7115384615384616,3.621245861053467,2.8559086322784424,5.907212734222412,0.8507283179612198,1.0752488374710083,0.6754807692307693,5.149439811706543,0.052884615384615384
77,9.015623569488525,33.81893900238282,1.78583824634552,3.7574923038482666,0.743305362666753,0.6526604890823364,0.7019230769230769,3.5016467571258545,3.0138845443725586,6.27697229385376,0.8314562615578052,1.118122935295105,0.6634615384615384,5.009331226348877,0.055288461538461536
78,8.81487512588501,28.873542028276574,1.6169037818908691,3.389052391052246,0.7911775755054775,0.587378203868866,0.7163461538461539,3.532005786895752,2.8546602725982666,5.897095203399658,0.8512392031753191,1.062824010848999,0.6586538461538461,5.158731937408447,0.04567307692307692
79,8.501014232635498,31.07075271362328,1.7259453535079956,3.504096031188965,0.776759705987472,0.6219004392623901,0.6706730769230769,3.475310802459717,2.955003499984741,6.130589485168457,0.8392256733482185,1.1185582876205444,0.6466346153846154,5.192687034606934,0.04567307692307692
80,8.638957500457764,29.98627508293265,1.6565061807632446,3.4903199672698975,0.7785115609366479,0.604983925819397,0.7019230769230769,3.3759191036224365,2.893812894821167,5.967234134674072,0.847679495591053,1.079623818397522,0.6634615384615384,5.052086353302002,0.04567307692307692
81,8.766963958740234,27.765902182758737,1.611722469329834,3.3086838722229004,0.800964228714766,0.5841551423072815,0.6586538461538461,3.349242925643921,2.9431257247924805,5.79974365234375,0.8561102614712032,1.0880324840545654,0.6658653846153846,5.27998161315918,0.06009615384615385
82,8.821297407150269,34.67877397812208,1.832287311553955,3.6438779830932617,0.758593888644236,0.6567980647087097,0.65625,3.3583080768585205,3.2639615535736084,6.5423126220703125,0.8169057083938898,1.2355104684829712,0.5865384615384616,4.966339111328125,0.055288461538461536
83,9.77154278755188,25.746538112070994,1.6140373945236206,3.231029510498047,0.8101972759564631,0.5690258145332336,0.71875,3.6855785846710205,2.9780232906341553,5.532989501953125,0.8690420491016976,1.084683895111084,0.6466346153846154,5.2667388916015625,0.03365384615384615
84,11.122348308563232,28.402237454689498,1.581498384475708,3.2501401901245117,0.807945378796486,0.5768938064575195,0.7067307692307693,3.5251171588897705,3.035001516342163,5.973077297210693,0.8473810582902607,1.110154390335083,0.6586538461538461,5.2578277587890625,0.055288461538461536
85,10.739850044250488,26.013352268050937,1.5896741151809692,3.137481451034546,0.8210288812362191,0.5682603120803833,0.7331730769230769,3.7413156032562256,3.0619044303894043,5.6867499351501465,0.8616623259917429,1.1111234426498413,0.6346153846153846,5.203144550323486,0.04807692307692308
86,9.841914653778076,28.63230455765415,1.6556404829025269,3.353778839111328,0.7955018138694022,0.5835531949996948,0.7524038461538461,4.083378791809082,3.2083027362823486,5.896519660949707,0.8512682445520104,1.1455087661743164,0.6586538461538461,5.749820232391357,0.02403846153846154
87,9.337312936782837,26.573330233138392,1.6579047441482544,3.3517229557037354,0.7957524751790672,0.5758682489395142,0.7644230769230769,4.008520126342773,2.9266409873962402,5.53882360458374,0.8687657242184275,1.0580888986587524,0.6995192307692307,5.551239490509033,0.036057692307692304
88,8.855125904083252,25.453997018417795,1.5712999105453491,3.092496871948242,0.826124213626432,0.5507683157920837,0.7548076923076923,3.65824031829834,2.8746328353881836,5.637456893920898,0.8640501658250559,1.0460346937179565,0.6778846153846154,5.4831109046936035,0.04807692307692308
89,8.885799884796143,28.98139742280688,1.671668291091919,3.4310476779937744,0.7859702820594876,0.5826556086540222,0.7091346153846154,3.587073802947998,2.885944366455078,5.866738319396973,0.8527668478746814,1.0838472843170166,0.6730769230769231,5.328293800354004,0.03365384615384615
90,8.415834903717041,28.511139563053348,1.6898776292800903,3.392889976501465,0.790704379193498,0.5972200036048889,0.7067307692307693,3.579601526260376,2.8943674564361572,5.830855369567871,0.8545623922446429,1.0706223249435425,0.6490384615384616,5.0293707847595215,0.028846153846153848
91,8.219715356826782,28.877506763884128,1.5789910554885864,3.204392671585083,0.8133138756762585,0.5691736936569214,0.7259615384615384,3.517638921737671,2.9726052284240723,6.100717067718506,0.8407886657813131,1.1211555004119873,0.6370192307692307,4.94313383102417,0.028846153846153848
92,8.097614288330078,27.68187939987945,1.6384930610656738,3.3919005393981934,0.7908264448065819,0.5827726721763611,0.6995192307692307,3.3937292098999023,2.7990329265594482,5.688038349151611,0.8615996239322474,1.0666738748550415,0.6153846153846154,4.641152381896973,0.04326923076923077
93,8.043551921844482,30.910562605847247,1.6158204078674316,3.3478143215179443,0.7962285737503789,0.5935670733451843,0.6682692307692307,3.16680908203125,2.9768636226654053,6.277372360229492,0.8314347717424111,1.1319410800933838,0.6129807692307693,4.717519760131836,0.05048076923076923
94,8.040138244628906,27.17669097327297,1.6408584117889404,3.2888023853302,0.8033490109398959,0.5901948809623718,0.6514423076923077,3.1723520755767822,2.81986403465271,5.720221996307373,0.8600290397699762,1.0734548568725586,0.6346153846153846,4.700545310974121,0.052884615384615384
95,8.017416954040527,31.577435727755073,1.614915132522583,3.3474960327148438,0.7962672847682345,0.5954838395118713,0.6322115384615384,3.07913875579834,3.018157720565796,6.383056640625,0.8257111502096321,1.1214604377746582,0.6514423076923077,4.7522077560424805,0.07692307692307693
96,8.11024808883667,26.603401123847107,1.625809907913208,3.226679801940918,0.810707988238338,0.5802885293960571,0.6706730769230769,3.1952290534973145,2.770897388458252,5.690683364868164,0.8614708959212491,1.0378592014312744,0.6586538461538461,4.745447635650635,0.06971153846153846
97,8.230430603027344,31.56122872761688,1.658003568649292,3.37139630317688,0.7933477185808874,0.5967968702316284,0.7091346153846154,3.307910680770874,3.048262357711792,6.355299472808838,0.8272236717024601,1.1407604217529297,0.6105769230769231,4.74122953414917,0.055288461538461536
98,8.44623327255249,25.65460809495687,1.606117844581604,3.1710314750671387,0.8171808588143878,0.5664989948272705,0.6730769230769231,3.302199363708496,2.7702558040618896,5.585546970367432,0.8665423015568187,1.0428680181503296,0.65625,4.677814960479736,0.05048076923076923
99,8.293973684310913,29.162039599866205,1.5970886945724487,3.3125221729278564,0.8005021719569875,0.5819736123085022,0.6706730769230769,3.1415936946868896,2.9683516025543213,6.03145694732666,0.8443831185811227,1.0983747243881226,0.6057692307692307,4.627387523651123,0.052884615384615384
100,8.319507598876953,26.88470443909341,1.5871728658676147,3.267639636993408,0.805871693163583,0.5783970952033997,0.6778846153846154,3.1001245975494385,2.8587148189544678,5.693370819091797,0.8613400189287115,1.071159839630127,0.625,4.400096416473389,0.04326923076923077
101,8.092426776885986,27.425045397646556,1.5738675594329834,3.2361624240875244,0.8095937340562462,0.5691366791725159,0.6850961538461539,3.234144449234009,2.9317626953125,5.822765350341797,0.8549656978361644,1.084983468055725,0.6081730769230769,4.517848968505859,0.040865384615384616
102,8.001519203186035,29.50801585345704,1.7079437971115112,3.4955146312713623,0.7778517664217302,0.6058389544487,0.6923076923076923,3.363194465637207,2.8816282749176025,5.880373001098633,0.8520816842745244,1.0872902870178223,0.6298076923076923,4.340325355529785,0.036057692307692304
103,7.747158527374268,26.79658195362117,1.5796740055084229,3.245011329650879,0.8085510333707753,0.5666093826293945,0.7043269230769231,3.2626352310180664,2.7923243045806885,5.703767776489258,0.8608331203766268,1.0504672527313232,0.6225961538461539,4.372383117675781,0.038461538461538464
104,7.649505853652954,30.635810605210338,1.6633210182189941,3.5082294940948486,0.7762327325172806,0.6107277274131775,0.6995192307692307,3.1879663467407227,2.954364538192749,6.054442405700684,0.8431947819996808,1.119856595993042,0.6129807692307693,4.179656028747559,0.036057692307692304
105,7.555906534194946,25.8365529383874,1.5527666807174683,3.173884391784668,0.8168517298020463,0.556971549987793,0.7307692307692307,3.326036214828491,2.793588161468506,5.614803791046143,0.8651405530329681,1.0580201148986816,0.5985576923076923,4.255977153778076,0.03125
106,7.585613965988159,30.826538377969428,1.6381151676177979,3.444366455078125,0.784305388189563,0.6038100123405457,0.7019230769230769,3.072826862335205,2.9132156372070312,6.158389091491699,0.8377642755236947,1.1193665266036987,0.6033653846153846,4.092009544372559,0.04326923076923077
107,7.554115295410156,25.68288392611936,1.5446885824203491,3.201639413833618,0.8136345326521673,0.5634152889251709,0.6947115384615384,3.1060256958007812,2.7000234127044678,5.555607795715332,0.8679691650471647,1.0350146293640137,0.5889423076923077,4.055405616760254,0.038461538461538464
108,7.556396007537842,30.69988145923861,1.591633915901184,3.3471157550811768,0.7963135928766947,0.5926647782325745,0.7043269230769231,3.147564172744751,2.9327034950256348,6.244469165802002,0.8331972378638175,1.128580093383789,0.5673076923076923,4.061525344848633,0.038461538461538464
109,7.714068412780762,25.576948534155463,1.5714454650878906,3.2150464057922363,0.8120704282736055,0.5659961104393005,0.6947115384615384,3.1106135845184326,2.72110915184021,5.520946502685547,0.8696115091257003,1.0429977178573608,0.59375,3.98457932472229,0.038461538461538464
110,7.89461612701416,30.987670770046066,1.608695149421692,3.3537769317626953,0.7955020699511081,0.5932124853134155,0.6826923076923077,3.1471314430236816,2.9637045860290527,6.283287525177002,0.831116943397915,1.1343508958816528,0.5913461538461539,4.186309337615967,0.03125
111,8.512253284454346,25.88423523284939,1.613499402999878,3.274351119995117,0.80507342246627,0.5750941634178162,0.6754807692307693,3.1588551998138428,2.8192896842956543,5.5068793296813965,0.8702751126166747,1.0591648817062378,0.5865384615384616,4.182510852813721,0.036057692307692304
112,9.035579204559326,32.50700359924184,1.735038161277771,3.4079062938690186,0.7888476587858091,0.6218262910842896,0.6394230769230769,3.217231512069702,3.0954785346984863,6.464236736297607,0.82124972394625,1.1649631261825562,0.6057692307692307,4.7149882316589355,0.028846153846153848
113,9.919391632080078,30.871651839666413,1.7624353170394897,3.657872438430786,0.7567360798892976,0.6383638978004456,0.7043269230769231,3.265896797180176,3.0359411239624023,5.914663314819336,0.8503515332119674,1.1383155584335327,0.6177884615384616,4.623016357421875,0.026442307692307692
114,11.323024272918701,35.153544480234075,1.8316503763198853,3.5646040439605713,0.7689834008691925,0.6548895239830017,0.6682692307692307,3.43896222114563,3.3679404258728027,6.700319766998291,0.8079548990231734,1.2491894960403442,0.6153846153846154,5.371053695678711,0.026442307692307692
115,12.451638221740723,32.10302253488328,1.8658345937728882,3.6761598587036133,0.7542976272066667,0.6518992781639099,0.6995192307692307,3.6697959899902344,3.3916680812835693,6.097355365753174,0.8409640789099595,1.2264279127120972,0.6129807692307693,5.6021552085876465,0.036057692307692304
116,11.677318096160889,39.612612862680294,1.7637616395950317,3.6317739486694336,0.7601950181694238,0.6720873713493347,0.6875,3.404994487762451,3.831920862197876,7.26950216293335,0.7739411204765646,1.4045482873916626,0.6057692307692307,5.538182258605957,0.016826923076923076
117,11.002958297729492,32.66876524295702,1.9470787048339844,3.4193198680877686,0.7874309507690603,0.6715633273124695,0.5649038461538461,3.6681571006774902,4.021773338317871,6.477193355560303,0.8205324461266396,1.4056230783462524,0.53125,6.423508167266846,0.04807692307692308
118,11.166290283203125,30.686903733328563,1.799375057220459,3.523125648498535,0.7743284449327448,0.62819504737854,0.71875,4.050747871398926,3.3375742435455322,6.045575141906738,0.8436537602718305,1.1517224311828613,0.6298076923076923,6.175011157989502,0.016826923076923076
119,10.703167915344238,32.93605283573413,1.8591454029083252,3.726165294647217,0.747567757298734,0.6453810334205627,0.7139423076923077,4.07750940322876,3.5539422035217285,6.172802448272705,0.837003977905417,1.2149492502212524,0.5769230769230769,6.312773704528809,0.021634615384615384
120,9.367923736572266,44.930189388059716,1.9837474822998047,3.874514579772949,0.7270675418059787,0.7363923192024231,0.6057692307692307,3.794874668121338,4.272787094116211,7.735415458679199,0.7440356523669285,1.5769861936569214,0.5384615384615384,6.126030445098877,0.036057692307692304
121,10.461766004562378,27.062592620026635,1.6382254362106323,3.299342632293701,0.8020865067903051,0.575921356678009,0.7163461538461539,3.6806764602661133,3.077641725540161,5.688045501708984,0.8615993025892135,1.11996328830719,0.5793269230769231,5.477594375610352,0.026442307692307692
122,9.2940673828125,34.91051114043563,1.8489009141921997,3.6553757190704346,0.7570680471405448,0.6679500937461853,0.6682692307692307,3.6142048835754395,3.4036099910736084,6.56486701965332,0.8156411231356782,1.2822644710540771,0.4543269230769231,4.8910346031188965,0.04807692307692308
123,8.71148681640625,29.53971630677961,1.7099101543426514,3.5004634857177734,0.7772222962488042,0.6179386377334595,0.6225961538461539,3.396223783493042,3.007998466491699,5.879876136779785,0.8521066988213217,1.113486647605896,0.59375,5.077193737030029,0.04326923076923077
124,8.733988285064697,33.09820229030828,1.8090788125991821,3.683295965194702,0.7533427838864172,0.6517826914787292,0.6225961538461539,3.011934995651245,3.046515941619873,6.250045299530029,0.8328991921998478,1.1214371919631958,0.6225961538461539,4.753690242767334,0.05048076923076923
125,8.608587980270386,36.002994220626874,1.8810571432113647,3.736997127532959,0.7460980190287487,0.6957611441612244,0.625,3.149893045425415,3.361147165298462,6.638952732086182,0.8114565941478453,1.2361526489257812,0.5528846153846154,4.840554237365723,0.03125
126,8.50665283203125,30.047766619120125,1.7699822187423706,3.510176658630371,0.7759842692422568,0.6186267137527466,0.6971153846153846,3.2342982292175293,3.1400022506713867,5.954229831695557,0.8483426672773255,1.1537342071533203,0.5649038461538461,4.945486068725586,0.03125
127,8.228960990905762,36.30666958536227,1.8850716352462769,3.924250841140747,0.7200154357516182,0.707745373249054,0.6274038461538461,2.877187967300415,3.1607866287231445,6.466362953186035,0.8211321123958316,1.1826525926589966,0.6153846153846154,4.611222267150879,0.03125
128,7.903414249420166,31.66109511904648,1.7177493572235107,3.4457104206085205,0.784137035808161,0.6412829160690308,0.6322115384615384,2.788646697998047,3.1068460941314697,6.290973663330078,0.8307035155008248,1.1581614017486572,0.59375,4.4575605392456055,0.03125
129,7.679014682769775,31.88132250036142,1.7234774827957153,3.5179443359375,0.7749916965506904,0.6361362338066101,0.6778846153846154,3.0360360145568848,3.09671950340271,6.245861053466797,0.8331228569934326,1.1600103378295898,0.6322115384615384,4.501811981201172,0.02403846153846154
130,7.664803981781006,27.084992281425514,1.6158230304718018,3.2667882442474365,0.8059728240972203,0.5762726068496704,0.7019230769230769,3.1318881511688232,2.8682186603546143,5.729413032531738,0.8595788582633803,1.0908663272857666,0.6057692307692307,4.3560404777526855,0.02403846153846154
131,7.706037521362305,26.08763921788909,1.6278120279312134,3.1717934608459473,0.8170929587688821,0.584858238697052,0.6514423076923077,2.997502326965332,2.824968099594116,5.661689758300781,0.862878870466382,1.0725852251052856,0.5673076923076923,4.015871524810791,0.03365384615384615
132,7.3267316818237305,29.124673206888815,1.6123155355453491,3.333591938018799,0.7979562289783595,0.5925685167312622,0.7019230769230769,3.0287363529205322,2.9443013668060303,6.001972675323486,0.8459008518562823,1.1357736587524414,0.5552884615384616,3.844860076904297,0.040865384615384616
133,7.39600133895874,25.54517082740182,1.5648422241210938,3.1161959171295166,0.8234490240768874,0.5539510250091553,0.6754807692307693,3.053659200668335,2.8053529262542725,5.627520561218262,0.8645289870295507,1.0901249647140503,0.5745192307692307,3.9190690517425537,0.036057692307692304
134,7.471654176712036,30.205692566685684,1.6251493692398071,3.3656539916992188,0.7940510683259282,0.6018611788749695,0.6706730769230769,2.920102596282959,2.8842082023620605,6.144601821899414,0.8384898982202175,1.123859167098999,0.5793269230769231,3.7110254764556885,0.028846153846153848
135,7.253034830093384,26.253820977877126,1.596391201019287,3.251199245452881,0.8078201975226484,0.58275306224823,0.6778846153846154,2.8352205753326416,2.7888171672821045,5.6006293296813965,0.8658206052704918,1.075478434562683,0.5697115384615384,3.7629778385162354,0.036057692307692304
136,7.363900184631348,28.10270605858176,1.6057275533676147,3.2872040271759033,0.8035400905726849,0.5832710266113281,0.6754807692307693,2.9765572547912598,2.7412338256835938,5.8816657066345215,0.8520166323940932,1.0607556104660034,0.6177884615384616,3.9798965454101562,0.03365384615384615
137,7.384857177734375,24.683658439091346,1.580757737159729,3.192194938659668,0.8147324189452319,0.5641385316848755,0.7067307692307693,3.012758731842041,2.651486396789551,5.38396692276001,0.8760013551035741,1.0181729793548584,0.5889423076923077,3.870048999786377,0.03125
138,7.069836139678955,30.33997061836834,1.6441468000411987,3.384101629257202,0.7917871993462063,0.6087871193885803,0.6658653846153846,2.9166924953460693,2.911241292953491,6.146190166473389,0.838406389199275,1.1390576362609863,0.5408653846153846,3.76737380027771,0.028846153846153848
139,7.470938205718994,24.511239719480898,1.6157000064849854,3.2182939052581787,0.8116906164236637,0.5745988488197327,0.6538461538461539,2.948469400405884,2.6064274311065674,5.320493221282959,0.8789078425936496,1.005362629890442,0.59375,3.78364896774292,0.03365384615384615
140,7.637664794921875,30.6586729947482,1.61293363571167,3.373783826828003,0.7930549318306231,0.5952028036117554,0.6971153846153846,2.9998996257781982,2.8715319633483887,6.209066867828369,0.835083210171921,1.1228317022323608,0.5480769230769231,3.676844358444214,0.02403846153846154
141,7.513662815093994,29.502996343026155,1.6738632917404175,3.416642427444458,0.7877637076055669,0.6078839302062988,0.6706730769230769,2.985973596572876,3.050710916519165,5.971524238586426,0.8474604099357017,1.199526309967041,0.4879807692307692,3.6654703617095947,0.040865384615384616
142,7.513824939727783,30.933104872229308,1.7615212202072144,3.5796854496002197,0.767024461180617,0.636462926864624,0.6610576923076923,2.845120906829834,2.8196046352386475,6.019793510437012,0.8449844216913939,1.1034276485443115,0.5480769230769231,3.715160369873047,0.03365384615384615
143,7.062014102935791,26.468676753520924,1.600416898727417,3.237388849258423,0.8094494106749025,0.5761225819587708,0.7115384615384616,3.0339436531066895,2.7337687015533447,5.654730796813965,0.8632157584695781,1.040024757385254,0.5865384615384616,3.9380874633789062,0.026442307692307692
144,6.949511766433716,29.397760399349067,1.693559169769287,3.4149608612060547,0.7879725635767649,0.6071094870567322,0.6730769230769231,2.9625446796417236,2.919166326522827,5.955804347991943,0.8482624721064205,1.1265262365341187,0.5192307692307693,3.7807669639587402,0.028846153846153848
145,6.895874738693237,28.52433078959956,1.6936582326889038,3.3907535076141357,0.7909678872687358,0.6130086183547974,0.6658653846153846,2.799022674560547,2.773972749710083,5.835601329803467,0.8543255222607575,1.0797088146209717,0.5528846153846154,3.6969523429870605,0.04807692307692308
146,6.838610649108887,26.934260281709726,1.6288203001022339,3.2845897674560547,0.8038524675734406,0.5767077207565308,0.6634615384615384,2.916942596435547,2.7831826210021973,5.682557582855225,0.861866238230711,1.0693471431732178,0.5528846153846154,3.686152458190918,0.040865384615384616
147,6.811340570449829,27.237103633872493,1.57747220993042,3.2014975547790527,0.8136510712623317,0.5717374086380005,0.6947115384615384,2.845783233642578,2.9114315509796143,5.828810691833496,0.8546643784900364,1.1239328384399414,0.5072115384615384,3.5799314975738525,0.04326923076923077
148,6.758366346359253,27.656585437332694,1.6511858701705933,3.326948881149292,0.7987606883168953,0.599270761013031,0.6923076923076923,2.7340893745422363,2.7372019290924072,5.759860515594482,0.8580824541320978,1.0772943496704102,0.5288461538461539,3.4508726596832275,0.04807692307692308
149,6.6967058181762695,27.94973700539464,1.6488895416259766,3.317725896835327,0.7998748784785605,0.5943623781204224,0.6778846153846154,2.843938112258911,2.8270106315612793,5.821070671081543,0.8550500905504501,1.1009767055511475,0.5264423076923077,3.520218849182129,0.04807692307692308
150,6.58946967124939,26.861223772280653,1.5707215070724487,3.189013719558716,0.8151015180438157,0.5762853026390076,0.6514423076923077,2.7612404823303223,2.7782747745513916,5.777787685394287,0.8571976461301422,1.0880860090255737,0.53125,3.4320600032806396,0.040865384615384616
151,6.6030659675598145,28.542840912201427,1.6536688804626465,3.3527393341064453,0.7956285743137587,0.6048404574394226,0.6634615384615384,2.7097983360290527,2.8454813957214355,5.882513046264648,0.8519740142742183,1.1265007257461548,0.5072115384615384,3.3421812057495117,0.04326923076923077
152,6.671329975128174,26.284500492042923,1.5709830522537231,3.174173593521118,0.8168183751598697,0.5679597854614258,0.6586538461538461,2.8960177898406982,2.8014814853668213,5.693702220916748,0.8613238714412564,1.0970337390899658,0.53125,3.466458320617676,0.036057692307692304
153,6.908618450164795,29.30919923734217,1.654092788696289,3.3486649990081787,0.7961249887003947,0.6064848303794861,0.6682692307692307,2.816340208053589,2.9337658882141113,6.015919208526611,0.8451838752957661,1.1550085544586182,0.5024038461538461,3.4141018390655518,0.040865384615384616
154,7.061962604522705,27.253417972776333,1.5985292196273804,3.2666444778442383,0.8059898962109382,0.583163321018219,0.6514423076923077,2.878154754638672,2.871450662612915,5.75889778137207,0.8581298923974817,1.1269783973693848,0.53125,3.5660667419433594,0.036057692307692304
155,7.478858232498169,31.850307796885375,1.7384878396987915,3.516512632369995,0.7751747949703163,0.6433512568473816,0.6274038461538461,2.8230764865875244,2.9932429790496826,6.242506980895996,0.8333020358607579,1.181748628616333,0.5408653846153846,3.6290295124053955,0.03365384615384615
156,7.635756969451904,27.38448549527044,1.6090563535690308,3.2451865673065186,0.8085303547730344,0.5854052305221558,0.6394230769230769,2.8965506553649902,3.040160655975342,5.805729866027832,0.8558130794166371,1.168609857559204,0.5432692307692307,3.831371545791626,0.026442307692307692
157,8.322637796401978,33.19636246433254,1.8045680522918701,3.5912137031555176,0.7655214536290235,0.6636790633201599,0.6466346153846154,2.8548970222473145,3.0801005363464355,6.371741771697998,0.8263285104296301,1.209511160850525,0.5360576923076923,3.864936590194702,0.03125
158,7.903841972351074,29.427177885374192,1.663326382637024,3.33032488822937,0.798352045934912,0.5971473455429077,0.6538461538461539,2.8814263343811035,3.133246421813965,6.055759906768799,0.8431265468148197,1.1962041854858398,0.5048076923076923,3.9866251945495605,0.028846153846153848
159,7.77379846572876,26.898991389803143,1.6220710277557373,3.2732651233673096,0.8052027010473998,0.5915940403938293,0.6081730769230769,2.757882595062256,2.785210132598877,5.68941593170166,0.8615325837417938,1.0541166067123413,0.5432692307692307,3.966289758682251,0.03365384615384615
160,7.183920383453369,31.101541259662554,1.7386912107467651,3.6234130859375,0.7612978767156087,0.6344097256660461,0.6490384615384616,2.770146369934082,3.0063183307647705,5.995401382446289,0.8462381013703915,1.144676685333252,0.49038461538461536,3.8667538166046143,0.03125
161,7.211721181869507,25.45669045263412,1.5639290809631348,3.17557430267334,0.8166566595626756,0.5670052170753479,0.6274038461538461,2.831657886505127,2.727583646774292,5.544802665710449,0.8684822494526524,1.0433101654052734,0.5528846153846154,3.929983377456665,0.040865384615384616
162,7.2129950523376465,32.17524737861345,1.7915537357330322,3.689497470855713,0.7525114999892019,0.65677410364151,0.6274038461538461,2.8265233039855957,2.940056800842285,6.093087196350098,0.841186649128835,1.1344280242919922,0.5384615384615384,3.7604622840881348,0.02403846153846154
163,7.0862908363342285,25.204891587073803,1.5820116996765137,3.1942739486694336,0.814491019257259,0.5663414001464844,0.6658653846153846,2.8838915824890137,2.8051934242248535,5.4775004386901855,0.8716555621225575,1.0658293962478638,0.5120192307692307,3.8800394535064697,0.04567307692307692
164,7.133810997009277,28.115656694303254,1.6435521841049194,3.202766180038452,0.8135033334582443,0.5942734479904175,0.5673076923076923,2.772850513458252,2.848050832748413,5.9762773513793945,0.8472174746020508,1.1060665845870972,0.5192307692307693,3.8690927028656006,0.02403846153846154
165,7.670395374298096,24.767547183517536,1.6119534969329834,3.165870189666748,0.8177754805351869,0.5739032626152039,0.6346153846153846,2.7687559127807617,2.856760263442993,5.4304351806640625,0.8738516706262823,1.0758365392684937,0.5048076923076923,3.7973732948303223,0.028846153846153848
166,7.265602111816406,29.505977903190228,1.629364013671875,3.232271671295166,0.8100513093841739,0.5933526158332825,0.6225961538461539,2.8588385581970215,2.9656178951263428,6.173880100250244,0.836947070062502,1.1489752531051636,0.5384615384615384,3.884284734725952,0.03125
167,7.190184116363525,25.967598452585264,1.5898053646087646,3.21700119972229,0.8118418540110632,0.5710846185684204,0.6418269230769231,2.7870371341705322,2.921762704849243,5.589007377624512,0.8663768902301033,1.1230051517486572,0.5168269230769231,3.7372095584869385,0.040865384615384616
168,7.189640760421753,30.961179530529193,1.7076809406280518,3.4417219161987305,0.784636480494982,0.6225831508636475,0.6490384615384616,2.774569511413574,3.0131640434265137,6.183159351348877,0.8364565800890875,1.164394497871399,0.53125,3.6984453201293945,0.026442307692307692
169,7.410146236419678,32.10130629569181,1.6855950355529785,3.3809545040130615,0.7921743095247628,0.6098043918609619,0.5985576923076923,2.694481134414673,3.4056429862976074,6.429689407348633,0.823155247969574,1.334653615951538,0.4254807692307692,3.7033121585845947,0.05048076923076923
170,7.175482988357544,32.24408440500025,1.7241164445877075,3.555656671524048,0.7701417011046767,0.6417233943939209,0.5961538461538461,2.573758602142334,2.9096434116363525,6.261212348937988,0.8323015544085572,1.137176513671875,0.5216346153846154,3.499912738800049,0.038461538461538464
171,7.119911193847656,27.446612430261098,1.6352578401565552,3.1929783821105957,0.8146414885995412,0.5887066721916199,0.6057692307692307,2.6429038047790527,2.8504421710968018,5.873925685882568,0.8524058691859103,1.1144905090332031,0.5288461538461539,3.5251855850219727,0.04807692307692308
172,6.880537033081055,30.46046667517254,1.7523653507232666,3.560045003890991,0.7695739466228414,0.6424421668052673,0.6298076923076923,2.6967966556549072,2.829230308532715,5.96431827545166,0.8478283175836417,1.104043960571289,0.5264423076923077,3.4172019958496094,0.026442307692307692
173,6.727712869644165,27.104229327184896,1.657140851020813,3.2022736072540283,0.8135607171004791,0.5866499543190002,0.6418269230769231,2.754894256591797,2.843785285949707,5.805113792419434,0.8558436672566793,1.0934003591537476,0.5072115384615384,3.5142698287963867,0.038461538461538464
174,6.5645225048065186,28.837617051064683,1.7227847576141357,3.4781172275543213,0.7800575688746686,0.626409649848938,0.6009615384615384,2.593078374862671,2.712646007537842,5.786245346069336,0.8567792574999656,1.057373285293579,0.5072115384615384,3.3127923011779785,0.040865384615384616
175,6.5132834911346436,27.09820082833636,1.5796482563018799,3.1809561252593994,0.8160346797796434,0.582812488079071,0.6201923076923077,2.566732883453369,2.7553746700286865,5.827472686767578,0.8547310772535164,1.0802658796310425,0.4879807692307692,3.242737293243408,0.040865384615384616
176,6.464014291763306,28.64961239607061,1.6569050550460815,3.3071258068084717,0.8011516378431057,0.5996522307395935,0.6682692307692307,2.7065305709838867,2.8498470783233643,5.951895713806152,0.8484615541579097,1.1219738721847534,0.47836538461538464,3.2269914150238037,0.036057692307692304
177,6.386138200759888,27.45039060335762,1.5693714618682861,3.225856304168701,0.8108045737216978,0.5830824375152588,0.6418269230769231,2.6565775871276855,2.7724385261535645,5.838534355163574,0.8541790701730441,1.088330626487732,0.4951923076923077,3.2234697341918945,0.03125
178,6.322155952453613,26.39421973880053,1.555784821510315,3.1631832122802734,0.8180846565146205,0.5696737766265869,0.6370192307692307,2.6468796730041504,2.7694525718688965,5.725118637084961,0.8597892877407552,1.0823482275009155,0.4831730769230769,3.1846811771392822,0.03125
179,6.281964540481567,27.5880684779774,1.596457839012146,3.2284862995147705,0.8104959525859601,0.581792414188385,0.6346153846153846,2.664858818054199,2.8351011276245117,5.859171390533447,0.8531463941656316,1.1174297332763672,0.47836538461538464,3.122999906539917,0.036057692307692304
180,6.264088153839111,25.90088417346766,1.5561187267303467,3.1250641345977783,0.8224427403439911,0.5709094405174255,0.6153846153846154,2.598069906234741,2.749906063079834,5.6806440353393555,0.8619592268711543,1.0867645740509033,0.4735576923076923,3.0592310428619385,0.038461538461538464
181,6.253278493881226,27.520428858716684,1.5867708921432495,3.226175546646118,0.8107671217722288,0.5846216082572937,0.6081730769230769,2.5810964107513428,2.78936767578125,5.850165843963623,0.8535974694075407,1.1164885759353638,0.4735576923076923,2.9672188758850098,0.038461538461538464
182,6.2279016971588135,26.189076707553568,1.5394072532653809,3.1179919242858887,0.8232454604609419,0.5677464008331299,0.5961538461538461,2.5496199131011963,2.731008768081665,5.7388505935668945,0.8591158832872461,1.0877017974853516,0.47596153846153844,3.0006601810455322,0.04326923076923077
183,6.1904284954071045,27.126373169526573,1.5698573589324951,3.197312831878662,0.8141379039251435,0.5851958990097046,0.5745192307692307,2.4813997745513916,2.75323486328125,5.814389705657959,0.8553826203387486,1.0968683958053589,0.4831730769230769,2.9836173057556152,0.036057692307692304
184,6.170260906219482,26.174018577610127,1.5344951152801514,3.1489405632019043,0.8197191833622691,0.571333646774292,0.6033653846153846,2.4510269165039062,2.7238147258758545,5.7023138999938965,0.8609040668933367,1.0858489274978638,0.4879807692307692,3.0068681240081787,0.04567307692307692
185,6.171921253204346,27.299289321202252,1.5613402128219604,3.214761972427368,0.8121036975552136,0.5859289169311523,0.6177884615384616,2.4464621543884277,2.714160680770874,5.82487678527832,0.8548604680345222,1.0822341442108154,0.4855769230769231,3.01116943359375,0.03365384615384615
186,6.171481132507324,26.0840745283665,1.5376161336898804,3.1665854454040527,0.8176931289266395,0.5718957185745239,0.6129807692307693,2.458557367324829,2.7275233268737793,5.666888236999512,0.8626269475697509,1.0821707248687744,0.49038461538461536,3.0338456630706787,0.04326923076923077
187,6.1729865074157715,27.649384954152424,1.5683318376541138,3.2477612495422363,0.808226407128427,0.5930393934249878,0.5793269230769231,2.37575364112854,2.734656810760498,5.848321437835693,0.8536897852360068,1.092455506324768,0.49759615384615385,3.0082380771636963,0.03365384615384615
188,6.192814826965332,25.883335501766965,1.5326734781265259,3.164828300476074,0.817895412134056,0.5714803338050842,0.6153846153846154,2.404252052307129,2.706674814224243,5.633328914642334,0.8642491976666961,1.077410101890564,0.4807692307692308,3.0049638748168945,0.036057692307692304
189,6.21211314201355,27.934933632716877,1.5697028636932373,3.258213758468628,0.806990044652967,0.5913013219833374,0.6009615384615384,2.438632011413574,2.750236988067627,5.885401725769043,0.8518285965093952,1.0958114862442017,0.47836538461538464,3.0062193870544434,0.038461538461538464
190,6.2582457065582275,26.345867850198147,1.5505274534225464,3.2022080421447754,0.8135683355312258,0.579066276550293,0.6129807692307693,2.39332914352417,2.7259674072265625,5.673047065734863,0.8623282090098642,1.0889121294021606,0.49759615384615385,3.0246012210845947,0.03365384615384615
191,6.28118634223938,28.161587686145765,1.585735559463501,3.270819902420044,0.8054936098651551,0.5980571508407593,0.5889423076923077,2.4396631717681885,2.7632036209106445,5.909877300262451,0.8505936250201542,1.0910528898239136,0.5048076923076923,3.1444826126098633,0.036057692307692304
192,6.369771480560303,27.533138644282303,1.5885097980499268,3.2764062881469727,0.8048286510358377,0.5980357527732849,0.625,2.3948159217834473,2.8171019554138184,5.796257495880127,0.8562831841913366,1.1235727071762085,0.5048076923076923,3.1142020225524902,0.028846153846153848
193,6.450922727584839,28.622164664031743,1.6001595258712769,3.27461576461792,0.8050419030763181,0.5981459021568298,0.6033653846153846,2.5074679851531982,2.8120217323303223,5.983152389526367,0.8468657546094449,1.1095675230026245,0.5216346153846154,3.2677266597747803,0.02403846153846154
194,6.6304450035095215,28.656176906014252,1.6348780393600464,3.335998058319092,0.7976644665549183,0.6141008138656616,0.6081730769230769,2.3910934925079346,2.904646873474121,5.92069149017334,0.8500463477074625,1.1498147249221802,0.49759615384615385,3.277890682220459,0.03125
195,6.753223657608032,27.361888555648648,1.5822278261184692,3.2261099815368652,0.8107748255635441,0.5829487442970276,0.6081730769230769,2.5177841186523438,2.8216335773468018,5.823075294494629,0.8549502432446263,1.097489595413208,0.5456730769230769,3.465416431427002,0.026442307692307692
196,6.840902805328369,28.13676038109469,1.634540319442749,3.289077043533325,0.8033161471209886,0.6042454838752747,0.5889423076923077,2.482937812805176,2.887836456298828,5.885360240936279,0.851830675197146,1.1227589845657349,0.5456730769230769,3.5152604579925537,0.028846153846153848
197,6.775118589401245,26.162012056928234,1.558403730392456,3.153697967529297,0.8191740494311102,0.568658709526062,0.6081730769230769,2.5313098430633545,2.8418807983398438,5.694945335388184,0.8612633083213305,1.0961235761642456,0.5288461538461539,3.6225967407226562,0.02403846153846154
198,6.707728385925293,26.81409256638932,1.5735825300216675,3.1731698513031006,0.8169341881113044,0.5824375748634338,0.5649038461538461,2.418553352355957,2.7967731952667236,5.787069320678711,0.8567384871025359,1.0761394500732422,0.5192307692307693,3.5537924766540527,0.028846153846153848
199,6.797031879425049,26.524732688048573,1.5789294242858887,3.1657588481903076,0.8177883059606175,0.5742262601852417,0.6129807692307693,2.564822196960449,2.869678497314453,5.745033264160156,0.8588121438263938,1.1130526065826416,0.49278846153846156,3.525956869125366,0.026442307692307692
200,6.881136417388916,27.96072999790573,1.5877583026885986,3.192119836807251,0.8147411470633702,0.5926105976104736,0.5745192307692307,2.5906453132629395,2.9174728393554688,5.961728096008301,0.8479604598643755,1.1409811973571777,0.4855769230769231,3.5101430416107178,0.021634615384615384
201,7.1334428787231445,27.587100741057156,1.6342512369155884,3.263162136077881,0.8064033187847626,0.5966130495071411,0.6129807692307693,2.5486104488372803,2.891193151473999,5.820459365844727,0.855080537802915,1.1214897632598877,0.49038461538461536,3.4139902591705322,0.02403846153846154
202,7.21722412109375,29.57121756093545,1.6611342430114746,3.314955234527588,0.8002089797440224,0.6202355623245239,0.5432692307692307,2.6673173904418945,3.0754568576812744,6.096275806427002,0.8410203842346858,1.1771631240844727,0.4951923076923077,3.759399652481079,0.016826923076923076
203,7.169915199279785,27.10674643214054,1.6115537881851196,3.1983728408813477,0.8140146432640993,0.5829027891159058,0.5865384615384616,2.4914193153381348,2.7965569496154785,5.8098464012146,0.8556085445755408,1.0721391439437866,0.5024038461538461,3.5574262142181396,0.040865384615384616
204,6.970903396606445,29.438700047845543,1.6378792524337769,3.3919270038604736,0.7908231584246912,0.6121648550033569,0.5793269230769231,2.6098108291625977,2.878427267074585,5.9889116287231445,0.8465708018721767,1.0884653329849243,0.5456730769230769,3.857286214828491,0.01201923076923077
205,6.836289405822754,26.314258027267613,1.550485372543335,3.128821611404419,0.8220155106981974,0.5603489875793457,0.6129807692307693,2.5815508365631104,2.8243138790130615,5.748866558074951,0.8586236861789638,1.069943904876709,0.5528846153846154,3.846930980682373,0.016826923076923076
206,6.555887699127197,33.63893453825324,1.7025249004364014,3.5541582107543945,0.7703353842348077,0.6485548615455627,0.6274038461538461,2.427550792694092,3.1736044883728027,6.481804370880127,0.8202768579110277,1.2466509342193604,0.4543269230769231,3.395676612854004,0.021634615384615384
207,6.76019287109375,27.61243583332589,1.661738634109497,3.222532272338867,0.8111942873975961,0.6104810833930969,0.5336538461538461,2.5297441482543945,2.989837646484375,5.869875907897949,0.8526093094522973,1.1684722900390625,0.47596153846153844,3.5924057960510254,0.03365384615384615
208,6.648374795913696,30.142219588062915,1.6600706577301025,3.4024574756622314,0.7895223273798035,0.6274104714393616,0.625,2.430788516998291,2.932142734527588,6.093521595001221,0.8411640145288826,1.144479751586914,0.46634615384615385,3.4339118003845215,0.03365384615384615
209,6.571082592010498,26.043309692497246,1.5806268453598022,3.220473289489746,0.8114354736841476,0.5867283940315247,0.6057692307692307,2.392115592956543,2.7692885398864746,5.598546504974365,0.8659203822825269,1.0838959217071533,0.4855769230769231,3.2726588249206543,0.040865384615384616
210,6.549743175506592,28.740600623964554,1.6564631462097168,3.246530294418335,0.8083717548365938,0.6150503158569336,0.5576923076923077,2.5758607387542725,2.9296839237213135,6.0333476066589355,0.8442855608444155,1.1502081155776978,0.4807692307692308,3.4266397953033447,0.028846153846153848
211,6.542881727218628,27.214922112581007,1.6117041110992432,3.2925615310668945,0.8028992034237099,0.5944511294364929,0.6201923076923077,2.4602365493774414,2.780223846435547,5.7225799560546875,0.8599136173689765,1.0918636322021484,0.4879807692307692,3.248934507369995,0.038461538461538464
212,6.486630439758301,28.305659507049086,1.605111002922058,3.246757984161377,0.8083448662574879,0.6049025058746338,0.5384615384615384,2.4372315406799316,2.7462620735168457,5.960574150085449,0.8480193158494338,1.088624358177185,0.5048076923076923,3.1791839599609375,0.028846153846153848
213,6.44101095199585,26.44535774871173,1.5993708372116089,3.2385551929473877,0.809312065520041,0.5896897912025452,0.5889423076923077,2.44097638130188,2.7595911026000977,5.649268627166748,0.8634798823595287,1.0960315465927124,0.4831730769230769,3.0657248497009277,0.03365384615384615
214,6.374875545501709,29.0423975521191,1.6017316579818726,3.2776262760162354,0.8046832606473865,0.6027818918228149,0.5793269230769231,2.3640010356903076,2.743985414505005,6.0497212409973145,0.8434392236288032,1.0985674858093262,0.4831730769230769,3.0224156379699707,0.019230769230769232
215,6.396731853485107,25.029333085474775,1.5472348928451538,3.1662509441375732,0.8177316692233579,0.573167085647583,0.5384615384615384,2.325253963470459,2.6603784561157227,5.47799015045166,0.871632616221541,1.0634735822677612,0.5,3.0223071575164795,0.03125
216,6.393526315689087,28.806866947710887,1.586624026298523,3.257215976715088,0.8071082263601801,0.5984672904014587,0.5817307692307693,2.3529765605926514,2.748039722442627,6.032812118530273,0.8443131963453335,1.100081443786621,0.5264423076923077,3.1532957553863525,0.021634615384615384
217,6.398857593536377,25.11197841011716,1.5533907413482666,3.1727077960968018,0.816987495786389,0.5686965584754944,0.6153846153846154,2.393850564956665,2.718517541885376,5.485599994659424,0.8712757246144828,1.064900279045105,0.4879807692307692,3.219189167022705,0.028846153846153848
218,6.33516788482666,27.983449289636212,1.5802847146987915,3.206770181655884,0.8130367525903305,0.5896509289741516,0.5625,2.3983278274536133,2.714067220687866,5.949802398681641,0.8485681396254763,1.0761380195617676,0.5408653846153846,3.2219505310058594,0.02403846153846154
219,6.2453837394714355,26.15871500915955,1.600962519645691,3.2750730514526367,0.8049874430335575,0.591163158416748,0.5841346153846154,2.3552300930023193,2.6713240146636963,5.555647850036621,0.8679672771568404,1.049017310142517,0.4879807692307692,3.1623482704162598,0.028846153846153848
220,6.19844651222229,27.072276542949737,1.5708197355270386,3.1798393726348877,0.8161638516600624,0.5863832235336304,0.5913461538461539,2.3812403678894043,2.6968038082122803,5.824242115020752,0.8548921102813944,1.0700092315673828,0.4879807692307692,3.064396381378174,0.03365384615384615
221,6.18755578994751,27.111422834093105,1.6241886615753174,3.3367185592651367,0.7975770573326819,0.6074004769325256,0.59375,2.3483338356018066,2.696686267852783,5.652916431427002,0.8633035152437504,1.074252963066101,0.46153846153846156,3.0025815963745117,0.03125
222,6.160386085510254,27.233019919987044,1.569542646408081,3.2004849910736084,0.8137688901871283,0.591597318649292,0.5576923076923077,2.2989189624786377,2.7056872844696045,5.829222202301025,0.8546438527037441,1.0735293626785278,0.4735576923076923,3.0058047771453857,0.03365384615384615
223,6.137466669082642,27.03084107774356,1.6026089191436768,3.295665979385376,0.8025273301066469,0.6018452048301697,0.5961538461538461,2.2837767601013184,2.711095094680786,5.686726093292236,0.861663490860241,1.0784258842468262,0.4519230769230769,2.9938302040100098,0.04326923076923077
224,6.112032890319824,27.49957107779943,1.5730787515640259,3.23970103263855,0.8091771104610999,0.5951504111289978,0.5865384615384616,2.308011054992676,2.722294807434082,5.831622123718262,0.8545241323396657,1.0830930471420288,0.46875,2.9713706970214844,0.036057692307692304
225,6.092948913574219,26.886716248626044,1.5709879398345947,3.2415366172790527,0.8089608067802924,0.5907391309738159,0.5913461538461539,2.3254058361053467,2.6972482204437256,5.723487854003906,0.8598691615686264,1.0769381523132324,0.4519230769230769,2.9175660610198975,0.036057692307692304
226,6.067151784896851,27.284842130863353,1.5848244428634644,3.271144390106201,0.8054550268881523,0.5989723205566406,0.5817307692307693,2.262866258621216,2.7058141231536865,5.759245872497559,0.858112730671076,1.0823736190795898,0.4519230769230769,2.8800747394561768,0.03365384615384615
227,6.0654542446136475,27.15141477711427,1.5699524879455566,3.226954936981201,0.8106757006032688,0.5941342115402222,0.5697115384615384,2.2983102798461914,2.699115514755249,5.78587532043457,0.8567975840948695,1.0824378728866577,0.44711538461538464,2.8433337211608887,0.036057692307692304
228,6.0716352462768555,26.57505680398424,1.5739493370056152,3.2326836585998535,0.810002888601641,0.5917262434959412,0.5889423076923077,2.279230833053589,2.7189924716949463,5.67887544631958,0.8620451760907608,1.0857462882995605,0.45913461538461536,2.884793519973755,0.03365384615384615
229,6.070954084396362,27.813507620992993,1.5755006074905396,3.241518259048462,0.8089629834747915,0.5984830856323242,0.5673076923076923,2.2714576721191406,2.7102746963500977,5.88320779800415,0.8519390380933689,1.090002417564392,0.4639423076923077,2.859266519546509,0.03365384615384615
230,6.077515125274658,26.081537192016697,1.5650289058685303,3.1977317333221436,0.8140892057207629,0.5880707502365112,0.5528846153846154,2.2411012649536133,2.7009286880493164,5.631349563598633,0.8643445863379242,1.0767401456832886,0.4735576923076923,2.909834861755371,0.03125
231,6.087754011154175,28.336401869100087,1.5854054689407349,3.263108253479004,0.8064097208274068,0.6025978326797485,0.5745192307692307,2.237342596054077,2.7262115478515625,5.947861194610596,0.84866693252447,1.099696159362793,0.4567307692307692,2.8883094787597656,0.03365384615384615
232,6.097495794296265,26.009762050628524,1.5581395626068115,3.180657386779785,0.8160692294697802,0.5857318639755249,0.5552884615384616,2.232311725616455,2.7042765617370605,5.637939453125,0.8640268885390356,1.0748428106307983,0.45913461538461536,2.9392406940460205,0.03365384615384615
233,6.086052417755127,28.2216082673487,1.5776762962341309,3.2412965297698975,0.8089891251489222,0.5961767435073853,0.5600961538461539,2.288882255554199,2.7331771850585938,5.952412128448486,0.8484352542389766,1.1002534627914429,0.4567307692307692,2.8879055976867676,0.03365384615384615
234,6.071038484573364,26.075197271618038,1.5586668252944946,3.1832029819488525,0.81577469282786,0.5839264988899231,0.5745192307692307,2.2939047813415527,2.7030880451202393,5.646665573120117,0.8636056680733726,1.072627305984497,0.4543269230769231,2.9176199436187744,0.03365384615384615
235,6.054340600967407,28.01383905936342,1.5766569375991821,3.2355411052703857,0.8096668453832437,0.5986283421516418,0.5216346153846154,2.2402422428131104,2.734229564666748,5.923700332641602,0.8498939005637722,1.0960407257080078,0.4543269230769231,2.888075113296509,0.040865384615384616
236,6.0470802783966064,26.10353510558167,1.5598188638687134,3.1944363117218018,0.8144721545716005,0.5876424908638,0.5480769230769231,2.190037727355957,2.689286231994629,5.638991355895996,0.8639761565075539,1.0694503784179688,0.4543269230769231,2.8853096961975098,0.036057692307692304
237,6.046035051345825,27.791807154261733,1.568228840827942,3.226649284362793,0.8107115307019345,0.5959495902061462,0.5216346153846154,2.234703302383423,2.7346749305725098,5.895853042602539,0.8513018751089052,1.0966761112213135,0.4423076923076923,2.84820294380188,0.038461538461538464
238,6.04379677772522,26.088126147570335,1.5606615543365479,3.1949641704559326,0.8144108443432105,0.587834894657135,0.5480769230769231,2.1782636642456055,2.695647716522217,5.635659694671631,0.8641368380664887,1.0771536827087402,0.4375,2.829845428466797,0.040865384615384616
239,6.042751789093018,27.899868497822865,1.5727201700210571,3.239577054977417,0.8091917284584709,0.598315417766571,0.5360576923076923,2.249004602432251,2.72503399848938,5.900001525878906,0.8510925301642698,1.0963114500045776,0.43509615384615385,2.828033208847046,0.038461538461538464
