sample_id,source_row_1based,canonical_smiles,threshold_excluded,canonical_index,split,seed,split_mode
bbabdb9085edbb8c178b,2,CC(C)(CCl)c1ccccc1,False,0,train,42,row
96dc3dc2ebd074200228,3,CC(C)(CCl)c1ccccc1,False,1,valid,42,row
6322e8f867a741eed74c,4,CC(C)(CCl)c1ccccc1,False,2,train,42,row
c2b0aff65443af0a8618,5,CC(C)(CCl)c1ccccc1,False,3,train,42,row
f4b69d88ad1d916ee71a,6,CC(C)(CCl)c1ccccc1,False,4,train,42,row
0f3559d035355b0eec80,7,CC(C)(CCl)c1ccccc1,False,5,train,42,row
d29a94054067cd60dd70,8,CC(C)(CCl)c1ccccc1,False,6,train,42,row
31d92ca6486b229184cf,9,OCCCc1ccccc1,False,7,train,42,row
8a84cca322477165b719,10,OCCCc1ccccc1,False,8,valid,42,row
9cf769277f6b42d15f11,11,OCCCc1ccccc1,False,9,train,42,row
7a0a82051f50d5b0c89c,12,OCCCc1ccccc1,True,10,train,42,row
c79f29f048bbfd157f98,13,BrCCCc1ccccc1,False,11,train,42,row
df0074b49eeb620c0768,14,BrCCCc1ccccc1,False,12,train,42,row
f0097bc6b7827ef65922,15,BrCCCc1ccccc1,False,13,train,42,row
44348f5c4aea3b41ee9d,16,BrCCCc1ccccc1,False,14,test,42,row
482cb91fac7f2a936dca,17,BrCCCc1ccccc1,False,15,valid,42,row
a5c6210123f05414ffc0,18,BrCCCc1ccccc1,False,16,train,42,row
a82e55e1cd19814ea307,19,BrCCCc1ccccc1,False,17,train,42,row
6ee3c70647b37dcd5417,20,ClCCCc1ccccc1,False,18,train,42,row
2c7e37ef828eb17c78fb,21,ClCCCc1ccccc1,False,19,train,42,row
7ab9c351196ad891e172,22,ClCCCc1ccccc1,False,20,train,42,row
7062ca665af0f9bba6c9,23,ClCCCc1ccccc1,False,21,test,42,row
6644e934f59d8b816b9f,24,ClCCCc1ccccc1,False,22,test,42,row
8cc7c76a92a4474d7c6a,25,ClCCCc1ccccc1,False,23,train,42,row
c883df6ea04f89f45f03,26,ClCCCc1ccccc1,False,24,train,42,row
46ed1e35ca65ace74790,27,COc1ccc(CO)cc1,False,25,train,42,row
ec581cec37da9563e756,28,COc1ccc(CO)cc1,False,26,train,42,row
c2bd8e8f13a96726e7fc,29,COc1ccc(CO)cc1,False,27,train,42,row
f1afcbd393ce4f5a6316,30,COc1ccc(CO)cc1,True,28,train,42,row
2909efb29670d8f2286d,31,CCOC(=O)C(C)(C)Br,False,29,train,42,row
56b391fdec7a2a622e52,32,CCOC(=O)C(C)(C)Br,False,30,train,42,row
8a9485661ac2c4576006,33,CCOC(=O)C(C)(C)Br,False,31,train,42,row
7f6d1cdee16de4a37a21,34,CCOC(=O)C(C)(C)Br,False,32,train,42,row
fd7bf535ef538434b384,35,CCOC(=O)C(C)(C)Br,False,33,train,42,row
651bb6b60c62819a4323,36,CCOC(=O)C(C)(C)Br,False,34,train,42,row
2a61203b59218a3cbdc6,37,CCOC(=O)C(C)(C)Br,False,35,train,42,row
6d6c0510303dec89b2fe,38,COc1ccc(C=O)cc1,False,36,valid,42,row
f81dc37125414986a0bb,39,COc1ccc(C=O)cc1,False,37,train,42,row
400615278105cebb3ed9,40,COc1ccc(C=O)cc1,False,38,train,42,row
5d04f6757b59f5c356bb,41,COc1ccc(C=O)cc1,False,39,train,42,row
a074620f6970d8f89567,42,COc1ccc(C=O)cc1,False,40,train,42,row
454c1ea3beebbec4befe,43,COc1ccc(C=O)cc1,True,41,test,42,row
f95928e2618ed15e654f,44,COc1ccc(C=O)cc1,True,42,valid,42,row
3a02b99399bb0c3e9ff9,45,COC(=O)C#CC(=O)OC,False,43,train,42,row
b80a4f9e4b61f534ee9e,46,COC(=O)C#CC(=O)OC,False,44,valid,42,row
2690de155843f45b00a3,47,COC(=O)C#CC(=O)OC,False,45,train,42,row
549eb8499df5181b3558,48,COC(=O)C#CC(=O)OC,False,46,train,42,row
02c141e2551937d10f4e,49,COC(=O)C#CC(=O)OC,False,47,valid,42,row
9069807baff6cbfbde75,50,COC(=O)C#CC(=O)OC,False,48,train,42,row
1fe1163f7d97c16f3822,51,CC(=O)c1ccccc1,False,49,train,42,row
1e86d81fe1995d367fe1,52,CC(=O)c1ccccc1,False,50,train,42,row
614e6d0929b0845d454b,53,CC(=O)c1ccccc1,False,51,train,42,row
358681452207464d171e,54,CC(=O)c1ccccc1,False,52,train,42,row
c00e01085f35d19cd90f,55,CC(=O)c1ccccc1,False,53,valid,42,row
a542d702abb1fa77a6fc,56,CC(=O)c1ccccc1,False,54,train,42,row
77577e6f6f0aa6789972,57,CCOC(=O)C(C)Br,False,55,train,42,row
298017c801a97653f57d,58,CCOC(=O)C(C)Br,False,56,test,42,row
849796401ee485c617a5,59,CCOC(=O)C(C)Br,False,57,valid,42,row
67cc8304e3e618d7416a,60,CCOC(=O)C(C)Br,False,58,train,42,row
c7bc53c45a1962a88ec3,61,CCOC(=O)C(C)Br,False,59,train,42,row
76b9db19f45b8222d962,62,CCOC(=O)C(C)Br,False,60,train,42,row
0279fb0f7dba4b54a816,63,CCOC(=O)CC(=O)c1ccccc1,False,61,train,42,row
ca203ccf20ce8e74d86d,64,CCOC(=O)CC(=O)c1ccccc1,False,62,test,42,row
029d48fc98a886c9fec4,65,CCOC(=O)CC(=O)c1ccccc1,False,63,train,42,row
1e578360bd7749f6b397,66,CCOC(=O)CC(=O)c1ccccc1,False,64,train,42,row
05c14d26f4aa6f7c48b0,67,CCOC(=O)CC(=O)c1ccccc1,False,65,train,42,row
53d046afde1259a727f9,68,CCOC(=O)CC(=O)c1ccccc1,False,66,train,42,row
35ba50ab027f5f170aba,69,CCOC(=O)CC(=O)c1ccccc1,False,67,train,42,row
130d76d2d46a287c5dea,70,CC(=O)c1ccccc1C,False,68,valid,42,row
3ef4b1ab56fe40940b42,71,CC(=O)c1ccccc1C,False,69,train,42,row
a340148c4096f80cc125,72,CC(=O)c1ccccc1C,False,70,train,42,row
57af4b867d9cd419ebb9,73,CC(=O)c1ccccc1C,False,71,train,42,row
ff8745125a0eeb17c1e5,74,CC(=O)c1ccccc1C,False,72,train,42,row
41a468134f078d2de17d,75,CC(=O)c1ccccc1C,False,73,train,42,row
b4899d5d03e44fbf885c,76,CC(=O)c1ccccc1C,False,74,train,42,row
bd93eaa60288fd0d5e89,77,CC(=O)c1ccc(C)cc1,False,75,test,42,row
2797757b00a9f254ef2e,78,CC(=O)c1ccc(C)cc1,False,76,train,42,row
fad37552a4a2eae19961,79,CC(=O)c1ccc(C)cc1,False,77,train,42,row
6936556d392803de12ed,80,CC(=O)c1ccc(C)cc1,False,78,train,42,row
fd3f8b6ec11d13a8412d,81,CC(=O)c1ccc(C)cc1,False,79,train,42,row
b71b23379d73c3637a76,82,CC(=O)c1ccc(C)cc1,False,80,train,42,row
2a9d111386ac232bbf79,83,CC(=O)c1ccc(C)cc1,False,81,train,42,row
ca00dd1990fd356443cb,84,COC(=O)c1ccccc1O,False,82,train,42,row
924106530353757625ba,85,COC(=O)c1ccccc1O,False,83,train,42,row
f0d3ae15346c6cb6928d,86,COC(=O)c1ccccc1O,False,84,valid,42,row
0b6fe9b9da26ddc80e99,87,COC(=O)c1ccccc1O,False,85,train,42,row
a9a4b1ef530ce6f46a1c,88,COC(=O)c1ccccc1O,False,86,train,42,row
f0245d145e2758fc9ff8,89,COC(=O)c1ccccc1O,False,87,train,42,row
f33380e15f0fd8b62027,90,COC(=O)c1ccccc1O,False,88,train,42,row
1773be1aaa4102ae19f0,91,CC(=O)CC(=O)OC(C)(C)C,False,89,train,42,row
1895e2147dd146c4e564,92,CC(=O)CC(=O)OC(C)(C)C,False,90,train,42,row
e7c8cd496e2795b23cb3,93,CC(=O)CC(=O)OC(C)(C)C,False,91,test,42,row
60f64adee75a0999c5d5,94,CC(=O)CC(=O)OC(C)(C)C,False,92,test,42,row
851993fe56d61c8bf074,95,CC(=O)CC(=O)OC(C)(C)C,False,93,train,42,row
4e6d2ab0e823ac1d4b58,96,CC(=O)CC(=O)OC(C)(C)C,False,94,train,42,row
452aebfcddc0b031c20d,97,CCOC(=O)Cc1ccccc1,False,95,test,42,row
a67ee30ac22b3511e0af,98,CCOC(=O)Cc1ccccc1,False,96,train,42,row
4c52102f0b5a693d59bc,99,CCOC(=O)Cc1ccccc1,False,97,train,42,row
f21e8077ac7b6ec1d038,100,CCOC(=O)Cc1ccccc1,False,98,train,42,row
982611df66af1cf7c2f5,101,CCOC(=O)Cc1ccccc1,False,99,train,42,row
d9e344f199dc9a567b5f,102,CCOC(=O)Cc1ccccc1,False,100,train,42,row
74706f7e5d10b9245796,103,CCOC(=O)Cc1ccccc1,False,101,train,42,row
f5d7ae6c2608335325ff,104,COC(=O)c1ccccc1N,False,102,train,42,row
f66e095007d9d0923ce2,105,COC(=O)c1ccccc1N,False,103,test,42,row
c9a57e8accca7da9758b,106,COC(=O)c1ccccc1N,False,104,train,42,row
f7b1b9737459397f9ace,107,COC(=O)c1ccccc1N,False,105,train,42,row
68feec66f657364ebeaa,108,COC(=O)c1ccccc1N,False,106,test,42,row
96ccc1b8240fc2e9c1f3,109,COC(=O)c1ccccc1N,False,107,train,42,row
16eec4a03ec235274042,110,CCOC(=O)/C=C/c1ccccc1,False,108,train,42,row
92e4f80b3943134ebe86,111,CCOC(=O)/C=C/c1ccccc1,False,109,valid,42,row
e15e8a4f329d3a08aff9,112,CCOC(=O)/C=C/c1ccccc1,False,110,test,42,row
6cec450baf7517436df6,113,CCOC(=O)/C=C/c1ccccc1,False,111,train,42,row
48b79e49508df9f5fd6d,114,CCOC(=O)/C=C/c1ccccc1,False,112,train,42,row
404dc3e2801a9a9d52aa,115,CCOC(=O)/C=C/c1ccccc1,False,113,train,42,row
c72867f0f2e38c70aa8c,116,CCOC(=O)/C=C/c1ccccc1,False,114,train,42,row
d9d3d24a75ff511e108a,117,COC(=O)c1ccc(C(C)(C)C)cc1,False,115,train,42,row
f40ca479a9e86b5d5458,118,COC(=O)c1ccc(C(C)(C)C)cc1,False,116,train,42,row
b7770c04c72527e1d9f6,119,COC(=O)c1ccc(C(C)(C)C)cc1,False,117,train,42,row
a433dc0f6a13e9ace41d,120,COC(=O)c1ccc(C(C)(C)C)cc1,False,118,train,42,row
e399250d7156727de0fd,121,COC(=O)c1ccc(C(C)(C)C)cc1,False,119,train,42,row
3122a2210bde68deb81e,122,COC(=O)c1ccc(C(C)(C)C)cc1,False,120,train,42,row
c9460286f85a5ec0f4fc,123,COC(=O)c1ccc(C(C)(C)C)cc1,False,121,train,42,row
13b0b7952199157a8399,124,CCOC(=O)/C=C(/C)N,False,122,train,42,row
759d5133ee82740013bf,125,CCOC(=O)/C=C(/C)N,False,123,train,42,row
c9bf385316b464cd2e8d,126,CCOC(=O)/C=C(/C)N,False,124,train,42,row
f248b9b89d62a22b03c3,127,CCOC(=O)/C=C(/C)N,False,125,test,42,row
10d51839b15b94f0ae56,128,CCOC(=O)/C=C(/C)N,False,126,train,42,row
e66b24ec1e4dfa9a9a57,129,CCOC(=O)/C=C(/C)N,False,127,train,42,row
506597d02ff322a77a8d,130,CCOC(=O)/C=C(/C)N,False,128,train,42,row
d2951bd3bb1608688f0d,131,CCOC(=O)/C=C(/C)N,False,129,train,42,row
7d3c6ef279245ca08a2f,132,CCOC(=O)/C=C(/C)N,False,130,train,42,row
e6886d2fb3090517172b,133,CCOC(=O)/C=C(/C)N,False,131,train,42,row
d31d42caff135d7154c4,134,CCOC(=O)/C=C(/C)N,True,132,train,42,row
3d7aa38258001eb6ba67,135,CC(C)COC(=O)c1ccccc1,False,133,valid,42,row
b3409bbbf3b06d73afca,136,CC(C)COC(=O)c1ccccc1,False,134,train,42,row
5ce75d3f6df6d318cb8a,137,CC(C)COC(=O)c1ccccc1,False,135,test,42,row
28f4ab2563d03e831cf0,138,CC(C)COC(=O)c1ccccc1,False,136,train,42,row
b95bbdf393e00f41a6df,139,CC(C)COC(=O)c1ccccc1,False,137,train,42,row
1e73138aa057a5e2b67f,140,CC(C)COC(=O)c1ccccc1,False,138,train,42,row
1319bf7018ee9b9a5b9f,141,CCOC(=O)c1ccccc1,False,139,train,42,row
99398d649f02f80651f1,142,CCOC(=O)c1ccccc1,False,140,valid,42,row
240787bdbf2abc17e093,143,CCOC(=O)c1ccccc1,False,141,train,42,row
4afc7ef2732850bea176,144,CCOC(=O)c1ccccc1,False,142,train,42,row
181f6c7852b17df8f194,145,CCOC(=O)c1ccccc1,False,143,train,42,row
474238f822b0c38795c6,146,CCOC(=O)c1ccccc1,False,144,train,42,row
5eb80e21463443b22d14,147,CCOC(=O)c1ccccc1,False,145,train,42,row
f6e991e3dc3a3d3c5d89,148,COc1ccc(CCO)cc1,False,146,train,42,row
9991421da8e18008fc91,149,COc1ccc(CCO)cc1,False,147,train,42,row
9e93bad2014e7ab1a680,150,COc1ccc(CCO)cc1,False,148,train,42,row
3d5dc8831f4c74f7b7d1,151,COc1ccc(CCO)cc1,True,149,train,42,row
d5a7e1d47a58e1323805,152,Cc1ccc(C(C)C)cc1,False,150,train,42,row
5c32bb6f3bbf72dcb37e,153,Cc1ccc(C(C)C)cc1,False,151,train,42,row
e545485bf1a51a3ea557,154,Cc1ccc(C(C)C)cc1,False,152,train,42,row
8ea9d90b217f4096f42f,155,Cc1ccc(C(C)C)cc1,False,153,train,42,row
9ed80c28328fabe87261,156,Cc1ccc(C(C)C)cc1,False,154,train,42,row
f1ea027f4cb80b10d15b,157,Cc1ccc(C(C)C)cc1,False,155,train,42,row
dcfc9eaebf799d451fdb,158,Cc1ccc(C(C)C)cc1,False,156,train,42,row
6c1f19a34a40cbf98728,159,CC(C)(O)CCc1ccccc1,False,157,train,42,row
cf45ee02778c0243ad50,160,CC(C)(O)CCc1ccccc1,False,158,train,42,row
88581d99a415bf271788,161,CC(C)(O)CCc1ccccc1,False,159,train,42,row
8753ab545dd1cf036a3a,162,CC(C)(O)CCc1ccccc1,False,160,train,42,row
d59d233a1606de5b6deb,163,CC(C)(O)CCc1ccccc1,True,161,train,42,row
964a62fb7d677de0f711,164,CC(C)CCOC(=O)c1ccccc1,False,162,train,42,row
f35f8782c107387233ed,165,CC(C)CCOC(=O)c1ccccc1,False,163,valid,42,row
4d602abaaf336ac523e4,166,CC(C)CCOC(=O)c1ccccc1,False,164,train,42,row
4768b747981033fbdf34,167,CC(C)CCOC(=O)c1ccccc1,False,165,train,42,row
3df34ab1c0d58c86999e,168,CC(C)CCOC(=O)c1ccccc1,False,166,train,42,row
8b67a1246fe892b6581d,169,CC(C)CCOC(=O)c1ccccc1,False,167,test,42,row
2bafcbea1bb66eb60a71,170,CC(C)CCOC(=O)c1ccccc1,False,168,valid,42,row
2beadb75e05408973f02,171,CCOC(=O)/C=C/c1ccccc1,False,169,train,42,row
dd7cae2667a1348a2caf,172,CCOC(=O)/C=C/c1ccccc1,False,170,train,42,row
56f1cecfc0c6c3d224be,173,CCOC(=O)/C=C/c1ccccc1,False,171,train,42,row
6278b7d64a22dbe3844e,174,CCOC(=O)/C=C/c1ccccc1,False,172,train,42,row
a75e421e756083edea35,175,CCOC(=O)/C=C/c1ccccc1,False,173,test,42,row
c9f7ab78e90454873661,176,CCOC(=O)/C=C/c1ccccc1,False,174,train,42,row
b36d7c12e6d3072467ee,177,CCOC(=O)/C=C/c1ccccc1,False,175,train,42,row
5dc7d31c57624ac47575,178,COc1ccc(C)cc1OC,False,176,train,42,row
7dea14d96460814919d3,179,COc1ccc(C)cc1OC,False,177,train,42,row
83a16763654b3b743265,180,COc1ccc(C)cc1OC,False,178,train,42,row
ee96bcc328a38cb12519,181,COc1ccc(C)cc1OC,False,179,train,42,row
62763fd48ebc7554402f,182,COc1ccc(C)cc1OC,False,180,train,42,row
dd29d0f859e11f70f4ec,183,COc1ccc(C)cc1OC,False,181,train,42,row
826e9f40c328ce2478ec,184,COc1ccc(C)cc1OC,True,182,train,42,row
2e684264400b651dae88,185,C1=Cc2ccccc2C1,False,183,train,42,row
e4f37e6e6def0eec724a,186,C1=Cc2ccccc2C1,False,184,train,42,row
fda6d7aa920e5400a222,187,C1=Cc2ccccc2C1,False,185,train,42,row
ee0eba88726c692c7f0c,188,C1=Cc2ccccc2C1,False,186,train,42,row
c438c37de3a60de0e84a,189,C1=Cc2ccccc2C1,False,187,train,42,row
f51bc35441c8ba7713b6,190,C1=Cc2ccccc2C1,False,188,train,42,row
cb1bb21d54890633943c,191,C1=Cc2ccccc2C1,False,189,train,42,row
2e561b136ec088ba3eff,192,Cc1ccc(C)cc1,False,190,train,42,row
0d6f66d7971473a2cef9,193,Cc1ccc(C)cc1,False,191,train,42,row
6950f8ebe95298defec5,194,Cc1ccc(C)cc1,False,192,train,42,row
1837a52df085e2fc70d1,195,Cc1ccc(C)cc1,False,193,train,42,row
8067767b73f132489d46,196,Cc1ccc(C)cc1,False,194,train,42,row
bc3f10fed296515e66e5,197,Cc1ccc(C)cc1,False,195,valid,42,row
369517a8e4fab7d4e0e5,198,Cc1ccc(C)cc1,False,196,train,42,row
acc1a540efdb60e4fa76,199,ClCCc1ccccc1,False,197,test,42,row
b849b02cc7a096ff6f6a,200,ClCCc1ccccc1,False,198,valid,42,row
75b105d94d176eec90ba,201,ClCCc1ccccc1,False,199,test,42,row
4699975b36aa2351be18,202,ClCCc1ccccc1,False,200,train,42,row
a2ecd7c05da585c2a35e,203,ClCCc1ccccc1,False,201,train,42,row
82843c7e3b9005c1abb0,204,ClCCc1ccccc1,False,202,train,42,row
216e9e13c0587f197c0b,205,ClCCc1ccccc1,False,203,train,42,row
31162ac7e21c9688cbdc,206,CC(O)c1ccccc1,False,204,train,42,row
82ffe9abc3d02f4b970f,207,CC(O)c1ccccc1,False,205,train,42,row
35eae227e68fe7434e68,208,CC(O)c1ccccc1,False,206,train,42,row
82b6a0a8f122317d79d4,209,CC(O)c1ccccc1,False,207,train,42,row
9b28c23ad1d4dda9fe1a,210,CC(O)c1ccccc1,False,208,train,42,row
4455212440cbaf6d51e2,211,COc1ccccc1,False,209,valid,42,row
fcea8574ae051fe11483,212,COc1ccccc1,False,210,train,42,row
04d4a16ff682bc7c55c8,213,COc1ccccc1,False,211,train,42,row
62ca5eadee5ef28e9aeb,214,COc1ccccc1,False,212,train,42,row
42f031acb8211bfbf67f,215,COc1ccccc1,False,213,valid,42,row
472b8f06caf25ffe6c7a,216,COc1ccccc1,False,214,train,42,row
d532e4ccbab971232d40,217,COc1ccccc1,False,215,valid,42,row
bae9f1ce7c04e7ccf16b,218,CCOC(=O)C(Br)C(=O)OCC,False,216,train,42,row
fc58ac30a03fcb0ec051,219,CCOC(=O)C(Br)C(=O)OCC,False,217,train,42,row
c4b569d1149e4ec87b12,220,CCOC(=O)C(Br)C(=O)OCC,False,218,train,42,row
53d7fb31d852cbb33059,221,CCOC(=O)C(Br)C(=O)OCC,False,219,train,42,row
265addbdd355a85c628d,222,CCOC(=O)C(Br)C(=O)OCC,False,220,valid,42,row
b07e3b186c5f9a698624,223,CCOC(=O)C(Br)C(=O)OCC,False,221,train,42,row
28c4b7ec4bf7f486b68c,224,CCOC(=O)C(Br)C(=O)OCC,False,222,test,42,row
c9d7d885160197c7f67c,225,c1ccc(COCc2ccccc2)cc1,False,223,train,42,row
e2869f5cf5635b6ae9c1,226,c1ccc(COCc2ccccc2)cc1,False,224,valid,42,row
49865eda3c0e936157be,227,c1ccc(COCc2ccccc2)cc1,False,225,valid,42,row
d26cffd9ef4da9800470,228,c1ccc(COCc2ccccc2)cc1,False,226,train,42,row
ce9ac115ce41ab41f01d,229,c1ccc(COCc2ccccc2)cc1,False,227,train,42,row
b2b5155e06ff9134c6a4,230,c1ccc(COCc2ccccc2)cc1,False,228,train,42,row
f1aabb6243aed53011cb,231,c1ccc(COCc2ccccc2)cc1,False,229,train,42,row
ebc9c107c2207e99cf79,232,CCOC(=O)CC(C)=O,False,230,train,42,row
f373e0ffa24cb51dd13a,233,CCOC(=O)CC(C)=O,False,231,train,42,row
bcb35848089ca50a1eef,234,CCOC(=O)CC(C)=O,False,232,train,42,row
ef8527c6b63d54b73966,235,CCOC(=O)CC(C)=O,False,233,train,42,row
86f385aa0925171d22cc,236,CCOC(=O)CC(C)=O,False,234,train,42,row
9c7a6ce4172638d2abc7,237,CCOC(=O)CC(C)=O,True,235,train,42,row
982585c1a4e89f10713f,238,O=CCCc1ccccc1,False,236,train,42,row
36af0c588eb2e094a55e,239,O=CCCc1ccccc1,False,237,train,42,row
afcb9ffea06f12f9e0f5,240,O=CCCc1ccccc1,False,238,train,42,row
e584c52185ccefd22a26,241,O=CCCc1ccccc1,False,239,train,42,row
39e40f336da135e6a7b5,242,O=CCCc1ccccc1,False,240,train,42,row
e3c9408f01aa7642870f,243,O=CCCc1ccccc1,False,241,train,42,row
155ad3f702726e253c4d,244,O=CCCc1ccccc1,True,242,train,42,row
f84aa17604ca7f927b8c,245,C=CC(=O)OCCOc1ccccc1,False,243,train,42,row
6b8023df74ccc51e5c76,246,C=CC(=O)OCCOc1ccccc1,False,244,train,42,row
b056b793f5b571e6cdee,247,C=CC(=O)OCCOc1ccccc1,False,245,train,42,row
934f00061cc32bab10e8,248,C=CC(=O)OCCOc1ccccc1,False,246,valid,42,row
b983d4c3094d909b570e,249,C=CC(=O)OCCOc1ccccc1,False,247,train,42,row
b6f53d16978daf702470,250,C=CC(=O)OCCOc1ccccc1,False,248,train,42,row
9563dde5c28fb62e4f7e,251,C=CC(=O)OCCOc1ccccc1,True,249,train,42,row
de2563a5f711307823f1,252,C=CC(=O)OC1CCCCC1,False,250,train,42,row
e2e681b0653ec64f7c14,253,C=CC(=O)OC1CCCCC1,False,251,train,42,row
fbf392edaddff6347b58,254,C=CC(=O)OC1CCCCC1,False,252,test,42,row
3955ae590ac179d279b6,255,C=CC(=O)OC1CCCCC1,False,253,train,42,row
db51f6df02555cb9c264,256,C=CC(=O)OC1CCCCC1,False,254,test,42,row
2195290d04210cdb253f,257,C=CC(=O)OC1CCCCC1,False,255,train,42,row
8063e3de9de70b75def1,258,C=CC(=O)OC1CCCCC1,False,256,train,42,row
88771c5c64ed839a4436,259,C=CC(=O)OCc1ccccc1,False,257,train,42,row
b5365d56777fde5c4dfc,260,C=CC(=O)OCc1ccccc1,False,258,train,42,row
4513e318c9d037303b13,261,C=CC(=O)OCc1ccccc1,False,259,train,42,row
efca00a284b2cadc5737,262,C=CC(=O)OCc1ccccc1,False,260,train,42,row
b473ef06a415d0f114b0,263,C=CC(=O)OCc1ccccc1,False,261,train,42,row
df02863943321996441f,264,C=CC(=O)OCc1ccccc1,False,262,valid,42,row
194278dd9ee3d2407ed5,265,C=CC(=O)OCc1ccccc1,False,263,test,42,row
cc31b914acbab022eb9a,266,COC(=O)C(C)(C)Br,False,264,train,42,row
a9eea85ddeee2da33706,267,COC(=O)C(C)(C)Br,False,265,train,42,row
640353c89b3ce64ee98b,268,COC(=O)C(C)(C)Br,False,266,train,42,row
b11bb6293c307f7f7282,269,COC(=O)C(C)(C)Br,False,267,train,42,row
77b0577e6b0adb649e63,270,COC(=O)C(C)(C)Br,False,268,train,42,row
543561ac99bc28db6f2f,271,COC(=O)C(C)(C)Br,False,269,train,42,row
056255620b7acc9c630f,272,COC(=O)C(C)(C)Br,False,270,valid,42,row
7b1589ae321d27608509,273,COC(=O)CS,False,271,train,42,row
0fee19a828ef997229fd,274,COC(=O)CS,False,272,train,42,row
222dede783147d5efa63,275,COC(=O)CS,False,273,train,42,row
d9a40ac35b79fbcf214a,276,COC(=O)CS,False,274,test,42,row
aaf22f8324aad12a55fa,277,COC(=O)CS,False,275,test,42,row
a9bfabe931467745353e,278,COC(=O)CS,False,276,train,42,row
be7d68067464e72d0b8d,279,COC(=O)CS,False,277,train,42,row
b418a712463f5abf8b81,280,CC(=O)CCCCl,False,278,train,42,row
850a69ce73ac04035aa3,281,CC(=O)CCCCl,False,279,train,42,row
7c4153fe9561da818ae1,282,CC(=O)CCCCl,False,280,valid,42,row
a67016d937c499be9d64,283,CC(C)=CCBr,False,281,test,42,row
4559d83db38cc3c39d13,284,CC(C)=CCBr,False,282,train,42,row
bf8409f12dae2388c6a0,285,CC(C)=CCBr,False,283,train,42,row
832899abb44b8d2246cd,286,CC(C)=CCBr,False,284,test,42,row
5729cc87eb48a75655ad,287,CC(C)=CCBr,False,285,train,42,row
adb6d48eec0fb576d7fc,288,CC(C)=CCBr,False,286,train,42,row
bc789871fe39d967a9e0,289,CC(C)=CCBr,False,287,test,42,row
fff65bc451d163b1b106,290,C=CC(=O)OCCCCCCCCCCCC,False,288,train,42,row
c761659793c5929e2214,291,C=CC(=O)OCCCCCCCCCCCC,False,289,train,42,row
4c7d7c5f8b0c317c5548,292,C=CC(=O)OCCCCCCCCCCCC,False,290,valid,42,row
a9656ffd805f80fcf143,293,C=CC(=O)OCCCCCCCCCCCC,False,291,train,42,row
da10d2f67a989e8b16b5,294,C=CC(=O)OCCCCCCCCCCCC,False,292,train,42,row
7ca22b2f4d23a7afb10e,295,C=CC(=O)OCCCCCCCCCCCC,False,293,train,42,row
38f57a9d08efd5f070d0,296,C=CC(=O)OCCCCCCCCCCCC,False,294,train,42,row
1619a0c8b233772ba0c0,297,C=CC(=O)O[C@@H]1C[C@H]2CC[C@]1(C)C2(C)C,False,295,train,42,row
0b9968c1280b5e4f726a,298,C=CC(=O)O[C@@H]1C[C@H]2CC[C@]1(C)C2(C)C,False,296,train,42,row
0d5196ceda603b66bd22,299,C=CC(=O)O[C@@H]1C[C@H]2CC[C@]1(C)C2(C)C,False,297,train,42,row
244e5c6375ff0c923725,300,C=CC(=O)O[C@@H]1C[C@H]2CC[C@]1(C)C2(C)C,False,298,train,42,row
4f34bbce67c94a44318a,301,C=CC(=O)O[C@@H]1C[C@H]2CC[C@]1(C)C2(C)C,False,299,train,42,row
0f8a39d1c0a7eaf35c75,302,C=CC(=O)O[C@@H]1C[C@H]2CC[C@]1(C)C2(C)C,False,300,train,42,row
6de4f7fd8ac19d183348,303,C=CC(=O)O[C@@H]1C[C@H]2CC[C@]1(C)C2(C)C,False,301,train,42,row
8bac25cfab022a9fb887,304,C=CC(=O)OCC(CC)CCCC,False,302,train,42,row
aeef2128392508cc81cc,305,C=CC(=O)OCC(CC)CCCC,False,303,train,42,row
a2eefb55da4d47a4347b,306,C=CC(=O)OCC(CC)CCCC,False,304,train,42,row
3c7f7a7105a5eb39ca89,307,C=CC(=O)OCC(CC)CCCC,False,305,train,42,row
2bf67acb4c861cf83990,308,C=CC(=O)OCC(CC)CCCC,False,306,valid,42,row
d67e364fd6830aa2bf6f,309,C=CC(=O)OCC(CC)CCCC,False,307,train,42,row
84caf30ea66b29e2ea91,310,C=CC(=O)OCC(CC)CCCC,False,308,train,42,row
1bd5bb3744b78ada7307,311,FC(F)(F)c1cc(Br)cc(C(F)(F)F)c1,False,309,train,42,row
dd7fdbe3fa3800e6499f,312,FC(F)(F)c1cc(Br)cc(C(F)(F)F)c1,False,310,train,42,row
ab84efb31c801e49c87c,313,FC(F)(F)c1cc(Br)cc(C(F)(F)F)c1,False,311,valid,42,row
69f6dbdc304c0475f868,314,FC(F)(F)c1cc(Br)cc(C(F)(F)F)c1,False,312,train,42,row
a43656cab81e1b0fcccf,315,FC(F)(F)c1cc(Br)cc(C(F)(F)F)c1,False,313,train,42,row
bcf8bb13e4fca185fe68,316,FC(F)(F)c1cc(Br)cc(C(F)(F)F)c1,False,314,valid,42,row
fe71f29c800d4ee35138,317,FC(F)(F)c1cc(Br)cc(C(F)(F)F)c1,False,315,train,42,row
2416be80d114ff60224d,318,O=Cc1ccc(Cl)cc1Br,False,316,train,42,row
9201cead3641f52a1f20,319,O=Cc1ccc(Cl)cc1Br,False,317,train,42,row
49276f9b1cc72d41bbfd,320,O=Cc1ccc(Cl)cc1Br,False,318,train,42,row
6cb8bbf843e6064ce249,321,O=Cc1ccc(Cl)cc1Br,False,319,test,42,row
a6b1d92e3de602f8963c,322,O=Cc1ccc(Cl)cc1Br,False,320,valid,42,row
135ac7deca522d1e7929,323,O=Cc1ccc(Cl)cc1Br,False,321,train,42,row
0f3bd8418ab9ba9d1ed2,324,O=Cc1ccc(Cl)cc1Br,False,322,train,42,row
6cd5860914563da59932,325,O=Cc1ccc2c(c1)CCO2,False,323,train,42,row
5179c3962ada5450dde7,326,O=Cc1ccc2c(c1)CCO2,False,324,test,42,row
ad45b4b8aaed2c2b0b33,327,O=Cc1ccc2c(c1)CCO2,False,325,train,42,row
6c8de7fb3dbd4f5adabf,328,O=Cc1ccc2c(c1)CCO2,False,326,test,42,row
f72724ff299c47641488,329,COc1cc(F)cc(Br)c1,False,327,train,42,row
2cde006ff48a36a368d2,330,COc1cc(F)cc(Br)c1,False,328,train,42,row
09879f6853acb50e1280,331,COc1cc(F)cc(Br)c1,False,329,train,42,row
cd492dbc52d170e5a396,332,COc1cc(F)cc(Br)c1,False,330,train,42,row
e1244cc412f81ac11bd3,333,COc1cc(F)cc(Br)c1,False,331,train,42,row
69bed1df8dc3cf82927c,334,COc1cc(F)cc(Br)c1,False,332,train,42,row
adc9f476f8b5d66fa85d,335,COc1cc(F)cc(Br)c1,False,333,train,42,row
e7e3cdff8a4b43574b19,336,CC(C)(C)c1cc(C=O)cc(C(C)(C)C)c1,False,334,train,42,row
22fcaa293d9525e1f4e7,337,CC(C)(C)c1cc(C=O)cc(C(C)(C)C)c1,False,335,train,42,row
5965305884ee5fba94d8,338,CC(C)(C)c1cc(C=O)cc(C(C)(C)C)c1,False,336,train,42,row
556baeed852270e9c0fc,339,CC(C)(C)c1cc(C=O)cc(C(C)(C)C)c1,False,337,valid,42,row
376fc6387117429bcb19,340,CC(C)(C)c1cc(C=O)cc(C(C)(C)C)c1,False,338,train,42,row
3fbc880a145bcc2155c9,341,CC(C)(C)c1cc(C=O)cc(C(C)(C)C)c1,False,339,train,42,row
2964279ae2fd8a820ae1,342,CC(C)(C)c1cc(C=O)cc(C(C)(C)C)c1,False,340,train,42,row
c084940b1be4fa61738d,343,COc1cc(Br)cc(OC)c1,False,341,test,42,row
deac65153d9204a230ec,344,COc1cc(Br)cc(OC)c1,False,342,train,42,row
b5f0b6271cd244ade9a3,345,COc1cc(Br)cc(OC)c1,False,343,train,42,row
79723584590c0a689474,346,COc1cc(Br)cc(OC)c1,False,344,train,42,row
984bc17b1da105c753eb,347,COc1cc(Br)cc(OC)c1,False,345,train,42,row
1b7e334ea83516d08ff5,348,COc1cc(Br)cc(OC)c1,False,346,train,42,row
b8018c4bdaadd42a057a,349,COc1cc(Br)cc(OC)c1,False,347,train,42,row
3b03dfa8ff44ff554734,350,O=Cc1cc(Br)ccc1O,False,348,valid,42,row
167f49f748fa35bdb29e,351,O=Cc1cc(Br)ccc1O,False,349,train,42,row
7e19b816ecd8282ce2a1,352,O=Cc1cc(Br)ccc1O,False,350,test,42,row
0dffde5d00d50ee96173,353,O=Cc1cc(Br)ccc1O,False,351,train,42,row
65bfb38b53dd53bc4f4c,354,O=Cc1cc(Br)ccc1O,False,352,train,42,row
e79c5aedcfa41a5f23c9,355,O=Cc1cc(Br)ccc1O,False,353,train,42,row
27b234a05f8c66fd059f,356,O=Cc1cc(Br)ccc1O,False,354,test,42,row
1bf52d57e3b0d9ef0662,357,Cc1ccc(Cl)cc1Br,False,355,valid,42,row
867407c66038f21466a8,358,Cc1ccc(Cl)cc1Br,False,356,test,42,row
fb19bbc052a528249f36,359,Cc1ccc(Cl)cc1Br,False,357,train,42,row
13bebd0b1ab22fc7e93b,360,Cc1ccc(Cl)cc1Br,False,358,train,42,row
c1b4c0f7481c01c40ec6,361,Cc1ccc(Cl)cc1Br,False,359,train,42,row
bb159f5b8695e842d4ff,362,Cc1ccc(Cl)cc1Br,False,360,train,42,row
ce70dba7026ce0b64f62,363,Cc1ccc(Cl)cc1Br,False,361,valid,42,row
a5ea3136b642f8a49607,364,N#Cc1ccccc1Br,False,362,train,42,row
8671b386166171ebd7f7,365,N#Cc1ccccc1Br,False,363,train,42,row
d344b363b8c01e73a6fa,366,N#Cc1ccccc1Br,False,364,train,42,row
70e13ddfe9e6cc9b0f56,367,N#Cc1ccccc1Br,False,365,train,42,row
35046c5ff35d8c8617bb,368,N#Cc1ccccc1Br,False,366,train,42,row
848f6c84b4d5fc44c3c2,369,N#Cc1ccccc1Br,False,367,train,42,row
0974fc9cbeb3820c4065,370,Cc1ccc(C=O)c(C)c1,False,368,train,42,row
bc486e940c369b85ce28,371,Cc1ccc(C=O)c(C)c1,False,369,train,42,row
9a29b268530b7a3321a0,372,Cc1ccc(C=O)c(C)c1,False,370,valid,42,row
51394d9af7adc7eff816,373,Cc1ccc(C=O)c(C)c1,False,371,train,42,row
5cbed870fef2de105046,374,Cc1ccc(C=O)c(C)c1,False,372,train,42,row
dbb854b36df7ed31d95f,375,Cc1ccc(C=O)c(C)c1,False,373,train,42,row
0c0f89307cc4aff87ab6,376,Cc1ccc(C=O)c(C)c1,False,374,train,42,row
a5d9706079ccfee3bdf4,377,COCCOC(=O)CC(C)=O,False,375,train,42,row
bacef06b4d4d7374a4e4,378,COCCOC(=O)CC(C)=O,False,376,train,42,row
74097878150c8a5a8d79,379,COCCOC(=O)CC(C)=O,False,377,test,42,row
47404d0982a587f0393e,380,COCCOC(=O)CC(C)=O,True,378,train,42,row
fb80794857ddc46e142c,381,CC(=O)c1ccc2c(c1)OCO2,False,379,train,42,row
6f34563b6236c57b9c60,382,CC(=O)c1ccc2c(c1)OCO2,False,380,train,42,row
147b560e4c606680c7b2,383,CC(=O)c1ccc2c(c1)OCO2,False,381,train,42,row
7396668aaa8d372aa464,384,CC(=O)c1ccc2c(c1)OCO2,False,382,train,42,row
78b04c44dfa852f4e621,385,CC(=O)c1ccc2c(c1)OCO2,False,383,train,42,row
f191e08b3e95928a5423,386,CC(=O)c1ccc2c(c1)OCO2,True,384,train,42,row
f5634113e0822bda1c03,387,CC(=O)c1ccc2c(c1)OCO2,True,385,train,42,row
45264f1c88b241fb888c,388,CC(=O)c1c(C)cc(C)cc1C,False,386,test,42,row
7b0fa77cbbcbd8e7c87a,389,CC(=O)c1c(C)cc(C)cc1C,False,387,train,42,row
c514f60c28973fc116c5,390,CC(=O)c1c(C)cc(C)cc1C,False,388,train,42,row
b63d546347919cb66716,391,CC(=O)c1c(C)cc(C)cc1C,False,389,train,42,row
823c667f35cddfcbc346,392,CC(=O)c1c(C)cc(C)cc1C,False,390,train,42,row
d2955aa36bd2b103c981,393,CC(=O)c1c(C)cc(C)cc1C,False,391,train,42,row
4ce730c9ad4e20a0386e,394,CC(=O)c1c(C)cc(C)cc1C,False,392,train,42,row
f3531a1565c8159ac5e2,395,CC(=O)c1ccc(C)cc1C,False,393,valid,42,row
c359fd726e50e2123f43,396,CC(=O)c1ccc(C)cc1C,False,394,train,42,row
a9a623a9853c6b493ce4,397,CC(=O)c1ccc(C)cc1C,False,395,train,42,row
784ca4af1517dac8cd11,398,CC(=O)c1ccc(C)cc1C,False,396,train,42,row
4c36e8e7d179b4bfa11a,399,CC(=O)c1ccc(C)cc1C,False,397,train,42,row
77fe8c752e01feedccfa,400,CC(=O)c1ccc(C)cc1C,False,398,train,42,row
0a1949b42050f41b0db4,401,CC(=O)c1ccc(C)cc1C,False,399,test,42,row
118d66c0e53f510c51ed,402,CC(=O)c1ccc2c(c1)Cc1ccccc1-2,False,400,train,42,row
38aa81d53a6b39e9d8ef,403,CC(=O)c1ccc2c(c1)Cc1ccccc1-2,False,401,test,42,row
c780d2f5194817087e07,404,CC(=O)c1ccc2c(c1)Cc1ccccc1-2,False,402,train,42,row
546046afb5114d631360,405,CC(=O)c1ccc2c(c1)Cc1ccccc1-2,False,403,valid,42,row
dc9f747c03c55d77bf72,406,BrC(=C(c1ccccc1)c1ccccc1)c1ccccc1,False,404,train,42,row
d29c00125d1c5dc55586,407,BrC(=C(c1ccccc1)c1ccccc1)c1ccccc1,False,405,train,42,row
509e53644c411798f5b0,408,BrC(=C(c1ccccc1)c1ccccc1)c1ccccc1,False,406,train,42,row
5ac5df671efee45d3ddf,409,BrC(=C(c1ccccc1)c1ccccc1)c1ccccc1,False,407,train,42,row
1e8c03a5d84f08329475,410,BrC(=C(c1ccccc1)c1ccccc1)c1ccccc1,False,408,train,42,row
a7f9a08159d001c30f67,411,BrC(=C(c1ccccc1)c1ccccc1)c1ccccc1,False,409,train,42,row
97feb43dae8371e80d3b,412,BrC(=C(c1ccccc1)c1ccccc1)c1ccccc1,False,410,train,42,row
2f612d3ec5e270672ad1,413,C/C(=N\O)c1ccccc1,False,411,train,42,row
b089551184e4d70e386d,414,C/C(=N\O)c1ccccc1,False,412,train,42,row
95f7b6c8f44b25feade0,415,C/C(=N\O)c1ccccc1,False,413,train,42,row
b0f39affa1970d2700b7,416,C/C(=N\O)c1ccccc1,False,414,train,42,row
af2973fb82b6d79d8c5e,417,C/C(=N\O)c1ccccc1,False,415,valid,42,row
3545611fd9950a160288,418,C/C(=N\O)c1ccccc1,False,416,train,42,row
786c4179676f46638e4a,419,O=C(c1ccccc1)c1ccc(Cl)cc1,False,417,train,42,row
937105af8867732c56ec,420,O=C(c1ccccc1)c1ccc(Cl)cc1,False,418,train,42,row
711f210d4869259d0651,421,O=C(c1ccccc1)c1ccc(Cl)cc1,False,419,train,42,row
26bb8ff67b7738527484,422,O=C(c1ccccc1)c1ccc(Cl)cc1,False,420,train,42,row
6624c43f78e6697c8ac9,423,O=C(c1ccccc1)c1ccc(Cl)cc1,False,421,train,42,row
f9b97e958092bd5cb81a,424,O=C(c1ccccc1)c1ccc(Cl)cc1,False,422,train,42,row
2d53109003f718b780fa,425,Cc1ccc(C(=O)c2ccccc2)cc1C,False,423,valid,42,row
b9b624baffe611c30836,426,Cc1ccc(C(=O)c2ccccc2)cc1C,False,424,train,42,row
f8a590eaa91d155f61da,427,Cc1ccc(C(=O)c2ccccc2)cc1C,False,425,train,42,row
2fcaa537474ba2ae579f,428,Cc1ccc(C(=O)c2ccccc2)cc1C,False,426,train,42,row
d914e4c833f2df567cac,429,Cc1ccc(C(=O)c2ccccc2)cc1C,False,427,test,42,row
5048acae682925888d12,430,Cc1ccc(C(=O)c2ccccc2)cc1C,False,428,train,42,row
41927f703a0632f098fb,431,CC(=O)CC(=O)c1ccccc1,False,429,train,42,row
760d0bf0ec31747d3969,432,CC(=O)CC(=O)c1ccccc1,False,430,train,42,row
d71aab82a8179d05294a,433,CC(=O)CC(=O)c1ccccc1,False,431,train,42,row
25ffb25df5bec65a633b,434,CC(=O)CC(=O)c1ccccc1,False,432,train,42,row
92d69b1849c34b7f1a80,435,CCOC(=O)C(Cc1ccccc1)C(C)=O,False,433,valid,42,row
a289439d96e27bec7cbc,436,CCOC(=O)C(Cc1ccccc1)C(C)=O,False,434,train,42,row
4707a180fe4230c208ff,437,CCOC(=O)C(Cc1ccccc1)C(C)=O,False,435,train,42,row
41921840a5681261ba98,438,CCOC(=O)C(Cc1ccccc1)C(C)=O,False,436,train,42,row
b5080cde4f493a415fc5,439,CCOC(=O)C(Cc1ccccc1)C(C)=O,False,437,train,42,row
1bbec08f4838f06da0fb,440,CCOC(=O)C(Cc1ccccc1)C(C)=O,False,438,train,42,row
bd0519702a5756bc3c94,441,CCOC(=O)C(Cc1ccccc1)C(C)=O,True,439,train,42,row
b7fa3dd8e6040788ae14,442,CCOC(=O)c1cccnc1,False,440,train,42,row
2deca509a22158d15375,443,CCOC(=O)c1cccnc1,False,441,train,42,row
b48dea92ecfc07816494,444,CCOC(=O)c1cccnc1,False,442,test,42,row
82fa7e7b3bd183853280,445,CCOC(=O)c1cccnc1,True,443,valid,42,row
7ba2cf5e6ca289d9810f,446,CCOC(=O)c1cccnc1,True,444,test,42,row
7dec4c1259ce3660b729,447,COc1ccc(OC)c(Br)c1,False,445,train,42,row
768064b2e2a953d147d0,448,COc1ccc(OC)c(Br)c1,False,446,train,42,row
212154e56fe15a3333a2,449,COc1ccc(OC)c(Br)c1,False,447,valid,42,row
c56a92db4ce7de66bee1,450,COc1ccc(OC)c(Br)c1,False,448,train,42,row
48b99ebef2fd7718f678,451,COc1ccc(OC)c(Br)c1,False,449,train,42,row
6da48b9dd6e1ed7e26fd,452,COc1ccc(OC)c(Br)c1,False,450,train,42,row
a2eeeea4e6525c9d22d4,453,COc1ccc(OC)c(Br)c1,False,451,train,42,row
1e0e33b1a77df72f4dd8,454,OCc1cccc(Br)c1,False,452,test,42,row
371711577127c07527e3,455,OCc1cccc(Br)c1,False,453,train,42,row
78d4810a82f060b5cf49,456,OCc1cccc(Br)c1,False,454,train,42,row
1c04f02c0ea8c00b358d,457,OCc1cccc(Br)c1,False,455,train,42,row
4bc0dc84991def63aa1b,458,O=C1CCCc2ccccc21,False,456,train,42,row
2433f7a3f7959e1d1b74,459,O=C1CCCc2ccccc21,False,457,train,42,row
944f0a85ec8978a60444,460,O=C1CCCc2ccccc21,False,458,train,42,row
8afc083342d1c2e7f78a,461,O=C1CCCc2ccccc21,False,459,train,42,row
c35ed383b2db14b3bc06,462,O=C1CCCc2ccccc21,False,460,test,42,row
d7c72c92165e2c129547,463,O=C1CCCc2ccccc21,False,461,train,42,row
e375bb01e53e46f8faee,464,O=C1CCCc2ccccc21,True,462,train,42,row
fdc873b5607287090ff3,465,CSc1ccc(C=O)cc1,False,463,valid,42,row
80b4e33a8434ac29ed52,466,CSc1ccc(C=O)cc1,False,464,train,42,row
ee60c3ffc43a4c2c965e,467,CSc1ccc(C=O)cc1,False,465,train,42,row
95f10fffb85ea1b1f47a,468,CSc1ccc(C=O)cc1,False,466,train,42,row
793d8259fd7820530cfe,469,Cc1ccccc1C=O,False,467,train,42,row
13fb1511fffef8fc96e0,470,Cc1ccccc1C=O,False,468,train,42,row
532a47d1b45e54d6326b,471,Cc1ccccc1C=O,False,469,train,42,row
dcd70c2b5039c4268d56,472,Cc1ccccc1C=O,False,470,train,42,row
22d860e7f246ca4272a4,473,Cc1ccccc1C=O,False,471,train,42,row
f21df276243d861dc2b2,474,Cc1ccccc1C=O,False,472,test,42,row
08820514e662ce6ea8f0,475,Cc1ccccc1C=O,False,473,valid,42,row
d60e09bca01342c7cfa6,476,O=Cc1ccc(Br)cc1O,False,474,train,42,row
9dda290379fb047fc74d,477,O=Cc1ccc(Br)cc1O,False,475,train,42,row
4a58b799c494875f6f27,478,O=Cc1ccc(Br)cc1O,False,476,test,42,row
98a1ca00445d60f415d4,479,O=Cc1ccc(Br)cc1O,False,477,test,42,row
ddecd252bb1099fb20f7,480,O=Cc1ccc(Br)cc1O,False,478,train,42,row
226ebdbf914ce9333de8,481,O=Cc1ccc(Br)cc1O,False,479,valid,42,row
99dd4a9a47de5c84b7c0,482,O=Cc1ccc(Br)cc1O,False,480,train,42,row
ecc7e2759499addc038f,483,CC(=O)c1ccc(Br)cc1,False,481,train,42,row
66c1ee6eed3d1587de50,484,CC(=O)c1ccc(Br)cc1,False,482,train,42,row
a26a131344d4dbd9645b,485,CC(=O)c1ccc(Br)cc1,False,483,train,42,row
f0edd899ac987a1de9dd,486,CC(=O)c1ccc(Br)cc1,False,484,test,42,row
0e13b08b0f9c772699e1,487,CC(=O)c1ccc(Br)cc1,False,485,train,42,row
1254297404cc9db52ee2,488,CC(=O)c1ccc(Br)cc1,False,486,train,42,row
bc8e1d805b36b63cbfbe,489,CC(=O)c1ccc(Br)cc1,True,487,train,42,row
cd998cddd3dcb4fc8c92,490,O=C(Cc1ccccc1)c1ccccc1,False,488,train,42,row
12e11e8eaee71fc57209,491,O=C(Cc1ccccc1)c1ccccc1,False,489,train,42,row
054457c7699aabd6c619,492,O=C(Cc1ccccc1)c1ccccc1,False,490,train,42,row
893e4c91da1b0b2f7d3e,493,O=C(Cc1ccccc1)c1ccccc1,False,491,train,42,row
18e8a9c1ea6aa15c0d01,494,O=C(Cc1ccccc1)c1ccccc1,False,492,train,42,row
bc582f1f4f4225f6d249,495,O=C(Cc1ccccc1)c1ccccc1,False,493,test,42,row
d92ef85db0d1c0979197,496,O=C(Cc1ccccc1)c1ccccc1,False,494,test,42,row
ddc0b27538aa926cbb6e,497,O=Cc1ccc(-c2ccccc2)cc1,False,495,valid,42,row
6dcfe9b1e0958f22523b,498,O=Cc1ccc(-c2ccccc2)cc1,False,496,train,42,row
3cdf1bcd3739e20f72d2,499,O=Cc1ccc(-c2ccccc2)cc1,False,497,train,42,row
a8e4c6001ce3245c634b,500,O=Cc1ccc(-c2ccccc2)cc1,False,498,train,42,row
24b540d7814b4d9c5183,501,O=Cc1ccc(-c2ccccc2)cc1,False,499,train,42,row
b0cadf050313e9a3a162,502,O=Cc1ccc(-c2ccccc2)cc1,False,500,train,42,row
8837a8a19c37b63d2e48,503,O=Cc1ccc(-c2ccccc2)cc1,False,501,train,42,row
23a832560d234735d954,504,O=Cc1ccc2ccccc2c1Br,False,502,train,42,row
90777be8090491479de1,505,O=Cc1ccc2ccccc2c1Br,False,503,test,42,row
926a7862066269f98d62,506,O=Cc1ccc2ccccc2c1Br,False,504,train,42,row
2c51476c6fa3121c5dfc,507,O=Cc1ccc2ccccc2c1Br,False,505,train,42,row
5a9449a7562d442b8669,508,O=Cc1ccc2ccccc2c1Br,False,506,train,42,row
2cbca950d64fdcd81660,509,O=Cc1ccc2ccccc2c1Br,False,507,train,42,row
fb1fdaa4bc60434648f7,510,O=Cc1ccc2ccccc2c1Br,False,508,train,42,row
9e46dbe8a460d3f96a27,511,O=C(/C=C/c1ccccc1)c1ccccc1,False,509,train,42,row
31e75b850983502aa64f,512,O=C(/C=C/c1ccccc1)c1ccccc1,False,510,test,42,row
b566ed83f272904657ba,513,O=C(/C=C/c1ccccc1)c1ccccc1,False,511,train,42,row
c2be1e8f7c2c080f49f5,514,O=C(/C=C/c1ccccc1)c1ccccc1,False,512,train,42,row
fde2d968ab29d13d4f1d,515,O=C(/C=C/c1ccccc1)c1ccccc1,False,513,train,42,row
240da69c823911ff5ccc,516,O=C(/C=C/c1ccccc1)c1ccccc1,False,514,train,42,row
b2b26956a788c2a8c7e9,517,O=C(/C=C/c1ccccc1)c1ccccc1,False,515,train,42,row
f3b80f5fe97d26fd8383,518,O=C(/C=C/c1ccccc1)/C=C/c1ccccc1,False,516,train,42,row
d60f7e6b21ea96567843,519,O=C(/C=C/c1ccccc1)/C=C/c1ccccc1,False,517,train,42,row
bb61793cbbbe2bfa4e12,520,O=C(/C=C/c1ccccc1)/C=C/c1ccccc1,False,518,train,42,row
d078d930aa37448ec4aa,521,O=C(/C=C/c1ccccc1)/C=C/c1ccccc1,False,519,valid,42,row
8cd132f293d2823adc8d,522,O=C(/C=C/c1ccccc1)/C=C/c1ccccc1,False,520,train,42,row
88f58ab7b7cf02f8f134,523,O=C(/C=C/c1ccccc1)/C=C/c1ccccc1,False,521,train,42,row
17bdb259a18419ca296f,524,O=C(/C=C/c1ccccc1)/C=C/c1ccccc1,True,522,train,42,row
77c599d272254892b6ec,525,CC1CCC(=O)c2ccccc21,False,523,train,42,row
b393af61f6769ceccbc0,526,CC1CCC(=O)c2ccccc21,False,524,test,42,row
49668be051b44a819f00,527,CC1CCC(=O)c2ccccc21,False,525,test,42,row
ffa86b2ffa5ac89b0720,528,CC1CCC(=O)c2ccccc21,False,526,train,42,row
43aa4f12be94a8a96b35,529,CC1CCC(=O)c2ccccc21,False,527,train,42,row
c09fbafa246c8d17b677,530,CC1CCC(=O)c2ccccc21,False,528,train,42,row
f38afd5febe30c01c852,531,CC1CCC(=O)c2ccccc21,False,529,train,42,row
490ab56dde175e9b97f5,532,O=C(Cc1ccccc1F)C1CC1,False,530,test,42,row
3156893d5d2368c286a5,533,O=C(Cc1ccccc1F)C1CC1,False,531,train,42,row
5ca73775e77c8e07812b,534,O=C(Cc1ccccc1F)C1CC1,False,532,valid,42,row
e90e636dced92c2b53d7,535,O=C(Cc1ccccc1F)C1CC1,False,533,train,42,row
21e4905ef98fba65035a,536,O=C(Cc1ccccc1F)C1CC1,False,534,train,42,row
2eda4e5a40a9021016cb,537,O=C(Cc1ccccc1F)C1CC1,False,535,train,42,row
9c357cc9e9b8199eb1e0,538,O=C(Cc1ccccc1F)C1CC1,False,536,train,42,row
51091e7a7f83732eaf1b,539,CCC(=O)c1cccc(Br)c1,False,537,train,42,row
71577790a52cb379d81f,540,CCC(=O)c1cccc(Br)c1,False,538,valid,42,row
e3b2ac778da2b86aa873,541,CCC(=O)c1cccc(Br)c1,False,539,train,42,row
1046fdfaf24728b107ba,542,CCC(=O)c1cccc(Br)c1,False,540,valid,42,row
2e10d8b186d86053260f,543,CCC(=O)c1cccc(Br)c1,False,541,train,42,row
5111664a952a4ab7d54e,544,CCC(=O)c1cccc(Br)c1,False,542,train,42,row
ffcab07e0d31056e0d4a,545,CCC(=O)c1cccc(Br)c1,False,543,train,42,row
b6bb9be5584029502820,546,COCCCCC(=O)c1ccc(C(F)(F)F)cc1,False,544,train,42,row
60a000cb56517513c4d2,547,COCCCCC(=O)c1ccc(C(F)(F)F)cc1,False,545,train,42,row
677c30b5727454c7a81e,548,COCCCCC(=O)c1ccc(C(F)(F)F)cc1,False,546,train,42,row
94bc1858c275dcb3d476,549,COCCCCC(=O)c1ccc(C(F)(F)F)cc1,False,547,train,42,row
06c29062334b43b0d12f,550,COCCCCC(=O)c1ccc(C(F)(F)F)cc1,False,548,train,42,row
80e66bd0e8e9450537bb,551,COCCCCC(=O)c1ccc(C(F)(F)F)cc1,True,549,train,42,row
b82c7c8060589ec1974b,552,CCCC(=O)c1ccc(-c2ccccc2)cc1,False,550,train,42,row
57e291b74a249c9dd3ff,553,CCCC(=O)c1ccc(-c2ccccc2)cc1,False,551,train,42,row
7d6bcd84e5a6861fc8fc,554,CCCC(=O)c1ccc(-c2ccccc2)cc1,False,552,train,42,row
2d37adf0d65a19bc2c0c,555,CCCC(=O)c1ccc(-c2ccccc2)cc1,False,553,test,42,row
3c892a45de6ec4625f37,556,CCCC(=O)c1ccc(-c2ccccc2)cc1,False,554,train,42,row
e2c826d98b2bbeb6f48b,557,CCCC(=O)c1ccc(-c2ccccc2)cc1,False,555,train,42,row
ce61c0bd799e65402b75,558,CCCC(=O)c1ccc(-c2ccccc2)cc1,False,556,valid,42,row
0f05b5ba6eb528d54b4b,559,O=C(c1ccccc1)c1cccc(C(=O)c2ccccc2)c1,False,557,train,42,row
c4412adf038c7f6ea3c2,560,O=C(c1ccccc1)c1cccc(C(=O)c2ccccc2)c1,False,558,test,42,row
182fc7fe888dbb9535bb,561,O=C(c1ccccc1)c1cccc(C(=O)c2ccccc2)c1,False,559,train,42,row
8abf9c0719e2d67a22f9,562,O=C(c1ccccc1)c1cccc(C(=O)c2ccccc2)c1,False,560,train,42,row
b8a4c06710d95c33cfe1,563,O=C(c1ccccc1)c1cccc(C(=O)c2ccccc2)c1,False,561,train,42,row
7e451fd74af5bfa51ac9,564,O=C(c1ccccc1)c1cccc(C(=O)c2ccccc2)c1,False,562,train,42,row
07e9bc7a9d27fdd58c2f,565,O=C(c1ccccc1)c1cccc(C(=O)c2ccccc2)c1,True,563,test,42,row
2f828b7aa8c3e93352da,566,CCC(=O)c1cccnc1,False,564,train,42,row
4365d2fb106c18823aac,567,CCC(=O)c1cccnc1,False,565,valid,42,row
4c6a8ef1c87748df99f2,568,CCC(=O)c1cccnc1,False,566,valid,42,row
aca0ef1613a0a07a0431,569,O=C(CCCCl)c1ccc(F)cc1,False,567,train,42,row
f98f5943ca73a5b809a1,570,O=C(CCCCl)c1ccc(F)cc1,False,568,test,42,row
405638494c5a95206866,571,O=C(CCCCl)c1ccc(F)cc1,False,569,train,42,row
76e188b0e48b99f36582,572,O=C(CCCCl)c1ccc(F)cc1,False,570,train,42,row
26aa0143305ac532a560,573,O=C(CCCCl)c1ccc(F)cc1,False,571,valid,42,row
283be89c092cfa4a5cbb,574,O=C(CCCCl)c1ccc(F)cc1,False,572,train,42,row
0ffc20c3f979502b8a09,575,O=C(CCCCl)c1ccc(F)cc1,False,573,train,42,row
