column,protocol,seed,planned_budget,target,slope,intercept
8g,row,769539383,30,V1,3.1740530892844783,-6.556599643257676
8g,row,769539383,30,V2,2.3744561755484237,-9.117352793128095
8g,row,769539383,50,V1,2.9490546946153713,-5.902292311761603
8g,row,769539383,50,V2,2.330446441654113,-9.048318156450316
8g,row,769539383,70,V1,2.6222964945954326,-3.74045448964589
8g,row,769539383,70,V2,2.08868910254558,-5.031236022898509
8g,row,769539383,100,V1,2.5228499867695393,-2.610697984577719
8g,row,769539383,100,V2,2.0043785341670968,-3.9395322628054306
8g,row,1425370602,30,V1,1.3076117975519101,2.9640602033060977
8g,row,1425370602,30,V2,1.1708824506941087,4.66819875587181
8g,row,1425370602,50,V1,2.166025823482342,-1.3962704937979828
8g,row,1425370602,50,V2,1.5830400022668034,0.5460434396944769
8g,row,1425370602,70,V1,2.6679087797991556,-4.589896346663614
8g,row,1425370602,70,V2,2.10845608208502,-6.490972615282002
8g,row,1425370602,100,V1,2.4307285854254044,-2.8826432393824657
8g,row,1425370602,100,V2,1.9563815108007507,-4.2929729021895495
8g,row,536279090,30,V1,2.4455780260748203,-1.7369514603842189
8g,row,536279090,30,V2,1.833743049663064,-0.5890465129985842
8g,row,536279090,50,V1,3.4158289708854963,-7.254349256605808
8g,row,536279090,50,V2,1.9921585039453868,-1.1422461261030104
8g,row,536279090,70,V1,2.876263898196564,-4.349792251722292
8g,row,536279090,70,V2,1.7262384522647767,1.9838324050775011
8g,row,536279090,100,V1,2.833658481384172,-4.294075806273752
8g,row,536279090,100,V2,1.7340516241824828,1.471143535234034
8g,row,2767143051,30,V1,2.0806596971662663,1.7878779617237193
8g,row,2767143051,30,V2,1.7342905364374919,3.0161045819190435
8g,row,2767143051,50,V1,2.1339704267453214,0.5398823338351728
8g,row,2767143051,50,V2,1.7373599880002828,1.7349123127558854
8g,row,2767143051,70,V1,2.1636026003620152,0.6308403028556933
8g,row,2767143051,70,V2,1.63276622350094,3.9807913900064
8g,row,2767143051,100,V1,2.4418285770807966,-1.162780023980878
8g,row,2767143051,100,V2,1.7808908273462372,1.980037159680069
8g,row,1362771960,30,V1,2.857933565678524,-5.085803797409363
8g,row,1362771960,30,V2,2.352470844736215,-7.860790533566798
8g,row,1362771960,50,V1,2.669693787331273,-4.443128848598647
8g,row,1362771960,50,V2,2.224211500569338,-7.840086953853343
8g,row,1362771960,70,V1,2.587047969520616,-4.1562094476144855
8g,row,1362771960,70,V2,2.1654397557360663,-6.6322024436258955
8g,row,1362771960,100,V1,2.4831981378345316,-2.13152832060064
8g,row,1362771960,100,V2,1.9589911657488557,-2.277191616343265
8g,compound,769539383,30,V1,5.239290284818678,-17.17052189551259
8g,compound,769539383,30,V2,2.9286562611751483,-12.526544390327395
8g,compound,769539383,50,V1,3.147006544412972,-3.7453513338742326
8g,compound,769539383,50,V2,1.7310968456673346,4.788851362116083
8g,compound,769539383,70,V1,3.2924135411516877,-5.322505429792771
8g,compound,769539383,70,V2,2.0725840745869983,-1.94117974566988
8g,compound,769539383,100,V1,3.276347728214004,-6.271104700429349
8g,compound,769539383,100,V2,2.0694228559165255,-2.947927601720924
8g,compound,1425370602,30,V1,1.676917010061168,7.029021977185091
8g,compound,1425370602,30,V2,1.3274731751189448,13.334900947016054
8g,compound,1425370602,50,V1,1.7200460054806355,3.601711302644073
8g,compound,1425370602,50,V2,1.3630745813918261,7.090811481593232
8g,compound,1425370602,70,V1,1.741729334105992,3.063601738527747
8g,compound,1425370602,70,V2,1.3648612836117895,6.189119589767559
8g,compound,1425370602,100,V1,1.888032424053541,1.7095696749769174
8g,compound,1425370602,100,V2,1.4395965494465925,4.88354799817175
8g,compound,536279090,30,V1,0.8071631312095876,5.631647141947524
8g,compound,536279090,30,V2,1.4143364820197684,2.501008867384426
8g,compound,536279090,50,V1,2.618314645434389,-3.0829409378379187
8g,compound,536279090,50,V2,1.6679973041581457,0.5351930871009941
8g,compound,536279090,70,V1,2.700169278262138,-3.408841741877612
8g,compound,536279090,70,V2,1.699899696476518,0.13382085806000887
8g,compound,536279090,100,V1,2.3740960539649607,-1.4938452868375383
8g,compound,536279090,100,V2,1.8178982192690456,-1.0886333939555726
8g,compound,2767143051,30,V1,2.561959288445312,-0.7269039083520416
8g,compound,2767143051,30,V2,1.5973499324193372,4.8759417362838695
8g,compound,2767143051,50,V1,2.541585171255702,-1.8140881433600013
8g,compound,2767143051,50,V2,1.7404992703471573,0.7156181391469592
8g,compound,2767143051,70,V1,2.7407438029880993,-4.805362858894843
8g,compound,2767143051,70,V2,1.8646359831942068,-2.8732824312962437
8g,compound,2767143051,100,V1,2.5828727889571232,-3.90931873751525
8g,compound,2767143051,100,V2,1.7610060176939755,-1.472768657509629
8g,compound,1362771960,30,V1,1.8100722023657143,1.6643187407972952
8g,compound,1362771960,30,V2,1.779894685397308,2.1724030287843736
8g,compound,1362771960,50,V1,2.3334886940530355,-2.4784469690159434
8g,compound,1362771960,50,V2,1.761120164413754,0.7611449240176157
8g,compound,1362771960,70,V1,2.328906648576661,-2.5311020825781267
8g,compound,1362771960,70,V2,1.776002181940571,-0.6786460603153751
8g,compound,1362771960,100,V1,2.2675220443959514,-1.867744536859102
8g,compound,1362771960,100,V2,1.7615675757602582,-0.34871638195491433
25g,row,769539383,30,V1,6.1320732510108185,-7.065178387787995
25g,row,769539383,30,V2,4.905501542924097,-16.20377562439336
25g,row,769539383,50,V1,8.994210127607637,-23.50203018114938
25g,row,769539383,50,V2,5.765299809363942,-28.487854655786883
25g,row,769539383,70,V1,7.246970051506519,-11.800178167701542
25g,row,769539383,70,V2,5.662139833694547,-26.784401666476512
25g,row,769539383,100,V1,6.439533665077419,-7.081144161469475
25g,row,769539383,100,V2,5.370207426395684,-22.92113914789206
25g,row,1425370602,30,V1,9.050617913873209,-21.303061898970924
25g,row,1425370602,30,V2,5.679853815382595,-22.783758514898405
25g,row,1425370602,50,V1,9.092115906263398,-21.127642827095826
25g,row,1425370602,50,V2,6.305548795639528,-28.794536841542563
25g,row,1425370602,70,V1,8.691000829383182,-19.159554234144444
25g,row,1425370602,70,V2,6.058213807860498,-26.42783063506985
25g,row,1425370602,100,V1,6.523008978749025,-7.765222375847233
25g,row,1425370602,100,V2,5.364405564729769,-19.7236477242989
25g,row,536279090,30,V1,6.568800315966597,-8.256482301941285
25g,row,536279090,30,V2,4.620683047457651,-14.863262916335206
25g,row,536279090,50,V1,6.2751819902329595,-7.160337365153999
25g,row,536279090,50,V2,4.483648654607274,-12.68550189080083
25g,row,536279090,70,V1,6.1387205246250875,-4.783498661176209
25g,row,536279090,70,V2,4.348416723679748,-9.265974505519491
25g,row,536279090,100,V1,6.398064650007098,-7.115809689719975
25g,row,536279090,100,V2,4.533707849743388,-12.34304680450674
25g,row,2767143051,30,V1,6.5752842737455275,-6.524924475275188
25g,row,2767143051,30,V2,4.505567064598294,-9.108089881097902
25g,row,2767143051,50,V1,6.608777980799203,-7.777920774470691
25g,row,2767143051,50,V2,4.534034590123114,-7.8155492129247035
25g,row,2767143051,70,V1,6.564661209933781,-10.447801271496475
25g,row,2767143051,70,V2,4.607310114747742,-12.501135098363271
25g,row,2767143051,100,V1,6.501924426918645,-9.493557256765568
25g,row,2767143051,100,V2,4.8988553546355575,-16.988878720937162
25g,row,1362771960,30,V1,5.934538571033695,-6.002666980942759
25g,row,1362771960,30,V2,4.137676849169554,-8.685434640572597
25g,row,1362771960,50,V1,7.0125292033864755,-13.491597073499541
25g,row,1362771960,50,V2,5.005131363630534,-21.18679599847305
25g,row,1362771960,70,V1,6.552774610443106,-11.28090015980314
25g,row,1362771960,70,V2,4.783149553164455,-18.37646311368766
25g,row,1362771960,100,V1,6.154684055541905,-6.9909854679330214
25g,row,1362771960,100,V2,4.650979997566554,-15.359841660123871
25g,compound,769539383,30,V1,8.35095632954802,-22.951843113535414
25g,compound,769539383,30,V2,6.078647265580743,-36.766663573558624
25g,compound,769539383,50,V1,8.093498293908787,-15.194735134941705
25g,compound,769539383,50,V2,5.93558307438248,-30.3950535110356
25g,compound,769539383,70,V1,6.670399200300554,-10.004283901397681
25g,compound,769539383,70,V2,5.341246413469309,-22.496454345914508
25g,compound,769539383,100,V1,6.323938717048696,-7.379782411143578
25g,compound,769539383,100,V2,4.723074927937826,-11.985244475138387
25g,compound,1425370602,30,V1,6.280349457968832,-11.210347916139877
25g,compound,1425370602,30,V2,4.6562302935972255,-13.845555591829562
25g,compound,1425370602,50,V1,6.224395894614574,-9.38160054626101
25g,compound,1425370602,50,V2,4.592792810572552,-12.829044272159274
25g,compound,1425370602,70,V1,6.196325563653691,-7.228016709657647
25g,compound,1425370602,70,V2,4.731064958376059,-15.053902531260581
25g,compound,1425370602,100,V1,6.582128633927411,-7.859125506168652
25g,compound,1425370602,100,V2,4.871834516561307,-15.303992944851396
25g,compound,536279090,30,V1,6.7245418098529495,-6.886125278661482
25g,compound,536279090,30,V2,4.873209377674496,-16.339990398819374
25g,compound,536279090,50,V1,4.864392408402151,1.364563793590992
25g,compound,536279090,50,V2,4.018606476243137,-4.739967161589472
25g,compound,536279090,70,V1,6.356875198110462,-7.542793318590899
25g,compound,536279090,70,V2,4.975404695529213,-16.171436268431982
25g,compound,536279090,100,V1,6.766766713137454,-10.5256954156128
25g,compound,536279090,100,V2,5.104186714569054,-19.89570162038792
25g,compound,2767143051,30,V1,7.052378037842127,-12.182961222800733
25g,compound,2767143051,30,V2,5.525394945002616,-24.06417395219823
25g,compound,2767143051,50,V1,6.517133977989755,-12.428543144503609
25g,compound,2767143051,50,V2,5.222189425163719,-22.781685967262472
25g,compound,2767143051,70,V1,6.375051026236568,-8.258110406318286
25g,compound,2767143051,70,V2,5.177243717399693,-19.405219547567622
25g,compound,2767143051,100,V1,5.9688598234292645,-6.647668845508184
25g,compound,2767143051,100,V2,4.890501151946597,-15.953650406867055
25g,compound,1362771960,30,V1,5.989694867290997,-5.819600511880566
25g,compound,1362771960,30,V2,4.668749078702559,-17.72185170603099
25g,compound,1362771960,50,V1,11.309297905831123,-30.355694298612608
25g,compound,1362771960,50,V2,7.417880218003251,-55.356574821839615
25g,compound,1362771960,70,V1,10.45813472894855,-24.670086154999826
25g,compound,1362771960,70,V2,7.166837087518299,-48.35382679955911
25g,compound,1362771960,100,V1,7.6603277926026285,-11.005758809390768
25g,compound,1362771960,100,V2,6.089990967571256,-32.63510309527128
40g,row,769539383,30,V1,12.298793462697533,-20.050722602029357
40g,row,769539383,30,V2,9.192994888731137,-40.93504415368564
40g,row,769539383,50,V1,13.391732277489215,-23.927506824243014
40g,row,769539383,50,V2,9.057927065437388,-36.669834493415166
40g,row,769539383,70,V1,13.300001767152002,-21.509689781439533
40g,row,769539383,70,V2,9.022564732626961,-36.12321596053168
40g,row,769539383,100,V1,12.886527187750833,-15.460308527569575
40g,row,769539383,100,V2,9.073511184231474,-35.152754466485064
40g,row,1425370602,30,V1,13.770994210116935,-24.21380214329974
40g,row,1425370602,30,V2,8.991625512658276,-41.107980881980374
40g,row,1425370602,50,V1,13.916031779288138,-27.848973346288666
40g,row,1425370602,50,V2,8.864134900813331,-40.21963325615908
40g,row,1425370602,70,V1,13.551429940135668,-25.168853771060487
40g,row,1425370602,70,V2,8.772975780504943,-36.9434583055835
40g,row,1425370602,100,V1,13.172543371095635,-22.42970054415482
40g,row,1425370602,100,V2,8.810686200330768,-36.47051125490492
40g,row,536279090,30,V1,12.08096792461162,-12.026308645293273
40g,row,536279090,30,V2,8.488870602479079,-33.50482377826803
40g,row,536279090,50,V1,13.24059310593678,-18.519877615050266
40g,row,536279090,50,V2,9.069973509162836,-39.10162842442428
40g,row,536279090,70,V1,13.21182449211729,-15.95593467983303
40g,row,536279090,70,V2,9.098436735728672,-37.91681921861881
40g,row,536279090,100,V1,14.474576809666843,-23.93719505284025
40g,row,536279090,100,V2,9.505384216179376,-40.30520584554539
40g,row,2767143051,30,V1,15.077644216573768,-33.320754201697554
40g,row,2767143051,30,V2,9.476883286267062,-48.51446349977238
40g,row,2767143051,50,V1,14.142840976647191,-28.91904870223064
40g,row,2767143051,50,V2,9.377989622644051,-42.882760223858305
40g,row,2767143051,70,V1,14.076275621217201,-25.799734796592137
40g,row,2767143051,70,V2,9.316466190120018,-40.94616322151992
40g,row,2767143051,100,V1,13.111158406359943,-20.7845564143483
40g,row,2767143051,100,V2,8.507763598505974,-29.230892362596382
40g,row,1362771960,30,V1,8.477202172819247,6.005833685150686
40g,row,1362771960,30,V2,4.59994296202484,17.857166574397983
40g,row,1362771960,50,V1,8.937095687556079,3.2012785922396274
40g,row,1362771960,50,V2,5.384558942378776,9.372216329813899
40g,row,1362771960,70,V1,11.818057175158353,-13.416002326226936
40g,row,1362771960,70,V2,7.331277787988677,-15.470121546966642
40g,row,1362771960,100,V1,12.954676254854162,-20.19218611593093
40g,row,1362771960,100,V2,7.831447795067866,-23.329735498867436
40g,compound,769539383,30,V1,14.87008374867358,-33.274007874385084
40g,compound,769539383,30,V2,7.52441423986706,-17.41633664633983
40g,compound,769539383,50,V1,16.815467564022832,-35.4709879190034
40g,compound,769539383,50,V2,10.177726332117995,-41.80575107887115
40g,compound,769539383,70,V1,16.021290470597737,-31.74261691581213
40g,compound,769539383,70,V2,9.970127616465383,-41.9466067271009
40g,compound,769539383,100,V1,13.248972874447464,-18.420676526603447
40g,compound,769539383,100,V2,8.748084874041519,-33.57049880273795
40g,compound,1425370602,30,V1,20.035899432786223,-67.88249299105559
40g,compound,1425370602,30,V2,12.029723973602795,-87.29051184742137
40g,compound,1425370602,50,V1,16.6328861687538,-48.76185290712921
40g,compound,1425370602,50,V2,10.373581224899134,-68.14455987458095
40g,compound,1425370602,70,V1,13.721961211522697,-25.089761070533548
40g,compound,1425370602,70,V2,9.88229508577401,-57.83464264662376
40g,compound,1425370602,100,V1,14.001766642799522,-28.475612039787947
40g,compound,1425370602,100,V2,9.830229686805232,-54.9386796408278
40g,compound,536279090,30,V1,12.131428058881522,-12.803786374489334
40g,compound,536279090,30,V2,9.17826544646997,-49.383320922071874
40g,compound,536279090,50,V1,11.703208299773566,-15.135890071871424
40g,compound,536279090,50,V2,8.747119598936656,-37.76618273251955
40g,compound,536279090,70,V1,12.768681780832129,-17.46036726902035
40g,compound,536279090,70,V2,9.1839747937714,-39.94928556744774
40g,compound,536279090,100,V1,12.87300337756134,-16.573326329148106
40g,compound,536279090,100,V2,9.387068549264125,-44.28966314368584
40g,compound,2767143051,30,V1,13.35762375618453,-25.18974703595112
40g,compound,2767143051,30,V2,7.826851534089116,-14.862738771317801
40g,compound,2767143051,50,V1,12.886756283568264,-24.99395297911393
40g,compound,2767143051,50,V2,7.50273259529355,-13.924108751868138
40g,compound,2767143051,70,V1,13.13420220517279,-26.62992135897109
40g,compound,2767143051,70,V2,7.81868308305322,-21.96355463238403
40g,compound,2767143051,100,V1,13.497994558544121,-20.032694495481923
40g,compound,2767143051,100,V2,8.223284532131114,-18.041077519330273
40g,compound,1362771960,30,V1,39.0731046997757,-142.06392103289284
40g,compound,1362771960,30,V2,12.929900467582682,-88.53545547234343
40g,compound,1362771960,50,V1,29.137113936597203,-102.14207140745101
40g,compound,1362771960,50,V2,9.409928549484436,-47.13817299805731
40g,compound,1362771960,70,V1,11.215757534601856,-10.088149427354953
40g,compound,1362771960,70,V2,8.164061507489183,-30.934196713664196
40g,compound,1362771960,100,V1,12.649487588229057,-17.94155329350209
40g,compound,1362771960,100,V2,8.799818861723299,-38.70197498108347
