epoch,train_loss,validation_V1_rmse,validation_V1_mae,validation_V1_r2,validation_V1_q10_q90_coverage,validation_V1_interval_width,validation_V1_mean_pinball_loss,validation_V1_quantile_crossing_rate,validation_V2_rmse,validation_V2_mae,validation_V2_r2,validation_V2_q10_q90_coverage,validation_V2_interval_width,validation_V2_mean_pinball_loss,validation_V2_quantile_crossing_rate,validation_within_target_quantile_crossing_rate,validation_q50_V1_gt_q50_V2_rate,validation_V1_q90_gt_V2_q10_rate,validation_combined_normalized_rmse,validation_all_outputs_finite
1,674.9272155761719,10.197929382324219,7.650793552398682,-1.2853507995605469,0.0,1.2967932224273682,3.6304636510499235,0.0,19.667037963867188,14.875622749328613,-1.2953135967254639,0.0,1.0257686376571655,7.2973988676234605,0.0,0.0,0.0,0.15681233933161953,1.268910616825376,True
2,619.9451293945312,10.123006820678711,7.554511547088623,-1.2518939971923828,0.0,1.287097454071045,3.61561788352208,0.0,18.711097717285156,13.608318328857422,-1.0776035785675049,0.0,0.914448618888855,6.676747193924872,0.0,0.0,0.0,0.0,1.2355408227293683,True
3,582.4574279785156,10.031210899353027,7.434926986694336,-1.2112383842468262,0.0,1.3160110712051392,3.571348511488293,0.0,18.022117614746094,12.622361183166504,-0.927417516708374,0.0,0.927139163017273,6.165658998101209,0.0,0.0,0.0,0.0,1.20924725995196,True
4,574.8468933105469,9.879283905029297,7.2307915687561035,-1.1447656154632568,0.0,1.3774319887161255,3.4609597976226123,0.0,17.62163734436035,12.031621932983398,-0.8427085876464844,0.0,1.0095566511154175,5.829350602882176,0.0,0.0,0.0,0.0,1.1872644884675068,True
5,557.6968078613281,9.67432975769043,6.951461315155029,-1.0566985607147217,0.0,1.4211828708648682,3.2968231806616144,0.0,17.3342227935791,11.607278823852539,-0.7830884456634521,0.002570694087403599,1.1260178089141846,5.569382550232209,0.0,0.0,0.0,0.0,1.1648801739685832,True
6,530.1260681152344,9.452139854431152,6.638787746429443,-0.9633113145828247,0.0,1.4776809215545654,3.1058485177407027,0.0,17.090076446533203,11.244901657104492,-0.7332139015197754,0.005141388174807198,1.258110761642456,5.338076573472403,0.0,0.0,0.0,0.0,1.1425689345694174,True
7,529.6696472167969,9.23044204711914,6.315948009490967,-0.87229323387146,0.0,1.5500925779342651,2.901175172847872,0.0,16.862613677978516,10.904163360595703,-0.6873838901519775,0.015424164524421594,1.4024156332015991,5.115076194344776,0.0,0.0,0.0,0.0,1.12080046760253,True
8,506.2865905761719,9.0193510055542,5.999257564544678,-0.7876373529434204,0.0,1.6443232297897339,2.6914841368551836,0.0,16.64244842529297,10.56983757019043,-0.6436090469360352,0.07455012853470437,1.5602093935012817,4.896918935416188,0.0,0.0,0.0,0.0,1.0999969761911474,True
9,502.7928009033203,8.822665214538574,5.69642448425293,-0.7105214595794678,0.038560411311053984,1.762620449066162,2.4832027625404267,0.0,16.4260196685791,10.234124183654785,-0.6011382341384888,0.12082262210796915,1.7332937717437744,4.684861423301207,0.0,0.0,0.0,0.0,1.080306417518707,True
10,493.5769958496094,8.63965129852295,5.406680107116699,-0.6402924060821533,0.11311053984575835,1.9084488153457642,2.2838851109466294,0.0,16.211503982543945,9.894079208374023,-0.5595910549163818,0.20822622107969152,1.9220507144927979,4.481204186613579,0.0,0.0,0.0,0.0,1.0616166038710309,True
11,467.2166442871094,8.468036651611328,5.126897811889648,-0.5757756233215332,0.26735218508997427,2.079573631286621,2.10490242918026,0.0,15.99906063079834,9.557914733886719,-0.5189837217330933,0.2570694087403599,2.125427484512329,4.288431958694589,0.0,0.0,0.0,0.0,1.0437712731496511,True
12,462.08485412597656,8.30600643157959,4.855650424957275,-0.5160495042800903,0.4473007712082262,2.269468069076538,1.9556551052345206,0.0,15.790732383728027,9.239927291870117,-0.47968292236328125,0.30077120822622105,2.3422091007232666,4.11257237117313,0.0,0.0,0.0,0.0,1.0267036280810853,True
13,453.84889221191406,8.151172637939453,4.589695453643799,-0.46005451679229736,0.5604113110539846,2.4695589542388916,1.8327111722060316,0.0,15.58836555480957,8.951478004455566,-0.442000150680542,0.29562982005141386,2.5702738761901855,3.956699433976396,0.0,0.0,0.0,0.0,1.0103052980736804,True
14,443.2109680175781,8.002738952636719,4.337191581726074,-0.4073631763458252,0.622107969151671,2.6725292205810547,1.7305121562372647,0.0,15.393017768859863,8.695327758789062,-0.40608537197113037,0.3059125964010283,2.808319568634033,3.8203259678916637,0.0,0.0,0.0,0.0,0.9945530298158954,True
15,432.98561096191406,7.859899997711182,4.09675931930542,-0.3575723171234131,0.6401028277634961,2.873015880584717,1.6451373251258767,0.0,15.205761909484863,8.47973918914795,-0.37208330631256104,0.31876606683804626,3.054455518722534,3.7095090191897517,0.0,0.0,0.0,0.0,0.9794243859535339,True
16,425.0014343261719,7.723591327667236,3.8821868896484375,-0.3108937740325928,0.6143958868894601,3.06888747215271,1.573466682434082,0.0,15.026957511901855,8.292007446289062,-0.34000444412231445,0.30848329048843187,3.3056459426879883,3.6165618672571127,0.0,0.0,0.0,0.0,0.9649918902102723,True
17,419.2351837158203,7.594123363494873,3.707479476928711,-0.2673138380050659,0.5681233933161953,3.260141134262085,1.5208616201348457,0.0,14.856626510620117,8.135838508605957,-0.30979859828948975,0.2827763496143959,3.559178113937378,3.539199678287,0.0,0.0,0.0,0.0,0.9512759457256638,True
18,408.9504089355469,7.473243713378906,3.5884978771209717,-0.22729003429412842,0.4755784061696658,3.4462084770202637,1.4888402571919237,0.0,14.694215774536133,8.009313583374023,-0.28131794929504395,0.2699228791773779,3.813019037246704,3.4756716803393,0.0,0.0,0.0,0.0,0.9383741910788326,True
19,405.8453063964844,7.362884521484375,3.527517557144165,-0.19131028652191162,0.38817480719794345,3.6265339851379395,1.4799823107429315,0.0,14.539421081542969,7.904537677764893,-0.25446438789367676,0.2570694087403599,4.06583309173584,3.423614172171402,0.0,0.0,0.0,0.0,0.9264027711010892,True
20,397.23704528808594,7.262916088104248,3.495973825454712,-0.1591801643371582,0.35732647814910024,3.8018381595611572,1.4841075915603834,0.0,14.391837120056152,7.821251392364502,-0.22912657260894775,0.2519280205655527,4.316871166229248,3.38428757482854,0.0,0.0,0.0,0.0,0.9153383167985778,True
21,391.0841064453125,7.173112869262695,3.49292254447937,-0.1306917667388916,0.30848329048843187,3.9727632999420166,1.4978766172485873,0.0,14.25150203704834,7.75374174118042,-0.20527279376983643,0.2519280205655527,4.5658860206604,3.354204326628004,0.0,0.0,0.0,0.0,0.9051650731650958,True
22,380.12310791015625,7.092996120452881,3.51172137260437,-0.1055753231048584,0.2493573264781491,4.139932155609131,1.5182552984052982,0.0,14.118524551391602,7.706822872161865,-0.18288564682006836,0.2365038560411311,4.812578201293945,3.334012022606818,0.0,0.0,0.0,0.0,0.8958533646418989,True
23,365.30078125,7.022311687469482,3.552072525024414,-0.08365011215209961,0.21079691516709512,4.303833484649658,1.5430852074038808,0.0,13.9931001663208,7.681628227233887,-0.16196227073669434,0.2133676092544987,5.056550979614258,3.323509406103675,0.0,0.0,0.0,0.0,0.8873914572622781,True
24,374.72296142578125,6.961408615112305,3.6064910888671875,-0.06493508815765381,0.18251928020565553,4.466651439666748,1.570756780580261,0.0,13.875224113464355,7.671336650848389,-0.14246821403503418,0.20822622107969152,5.298155307769775,3.3196389492495815,0.0,0.0,0.0,0.0,0.8798015265560772,True
25,365.5028381347656,6.908764839172363,3.6614203453063965,-0.0488893985748291,0.16195372750642673,4.6327433586120605,1.5961233345790102,0.0,13.764134407043457,7.676098346710205,-0.12424755096435547,0.2133676092544987,5.538776397705078,3.32389362877827,0.0,0.0,0.0,0.0,0.8729603402322638,True
26,370.0558319091797,6.8636088371276855,3.714644193649292,-0.03522300720214844,0.15681233933161953,4.808087348937988,1.6156583285066137,0.0,13.660181045532227,7.690333843231201,-0.1073298454284668,0.21079691516709512,5.779575347900391,3.334092557379192,0.0,0.0,0.0,0.0,0.8668281308832028,True
27,366.97845458984375,6.823888778686523,3.763392686843872,-0.02327597141265869,0.15424164524421594,5.001269817352295,1.6279155121160147,0.0,13.563261985778809,7.706997394561768,-0.09167253971099854,0.2210796915167095,6.024509906768799,3.3453095460612245,0.0,0.0,0.0,0.002570694087403599,0.8612674045798471,True
28,358.8262939453125,6.78852653503418,3.808190107345581,-0.012697935104370117,0.15938303341902313,5.222071647644043,1.630668577539073,0.0,13.473099708557129,7.732453346252441,-0.07720708847045898,0.20308483290488433,6.279364109039307,3.3565127621988204,0.0,0.0,0.0,0.005141388174807198,0.8561990977214823,True
29,353.11021423339844,6.757226467132568,3.8489837646484375,-0.003380894660949707,0.16709511568123395,5.480782508850098,1.62116602690892,0.0,13.389490127563477,7.759942531585693,-0.06387889385223389,0.20565552699228792,6.55113410949707,3.364656910655227,0.0,0.0,0.0,0.012853470437017995,0.8515977001428907,True
30,350.21620178222656,6.728268623352051,3.882697582244873,0.005200505256652832,0.18508997429305912,5.785894393920898,1.59748264940355,0.0,13.312262535095215,7.7885212898254395,-0.05164194107055664,0.20822622107969152,6.848489761352539,3.367838367602717,0.0,0.0,0.0,0.06683804627249357,0.847344932205195,True
31,341.41285705566406,6.700143814086914,3.906639814376831,0.013499796390533447,0.2185089974293059,6.141575813293457,1.5588957044132363,0.0,13.24060344696045,7.817172527313232,-0.04035043716430664,0.20565552699228792,7.179596900939941,3.3641846705014213,0.0,0.0,0.0,0.16966580976863754,0.8433165784944526,True
32,340.62335205078125,6.671258926391602,3.9192044734954834,0.02198737859725952,0.2879177377892031,6.544322967529297,1.5088808842162955,0.0,13.173746109008789,7.842231750488281,-0.02987074851989746,0.2133676092544987,7.550330638885498,3.350415029664681,0.0,0.0,0.0,0.26735218508997427,0.8393841820957478,True
33,335.1203308105469,6.639702320098877,3.918689012527466,0.031217873096466064,0.38817480719794345,6.981447696685791,1.456290162314486,0.0,13.110284805297852,7.861145973205566,-0.01997220516204834,0.2236503856041131,7.963192939758301,3.3246371077183685,0.0,0.0,0.0,0.41131105398457585,0.8353789032545673,True
34,330.0814971923828,6.604991912841797,3.9029948711395264,0.04132050275802612,0.5038560411311054,7.427000522613525,1.411215284346717,0.0,13.048124313354492,7.869192123413086,-0.010323166847229004,0.23136246786632392,8.41242504119873,3.284876168928498,0.0,0.0,0.0,0.6272493573264781,0.8312053412307621,True
35,331.6766052246094,6.568785190582275,3.8683254718780518,0.05180203914642334,0.5912596401028277,7.839469909667969,1.3760310728936085,0.0,12.984626770019531,7.861748695373535,-0.0005137920379638672,0.2442159383033419,8.881843566894531,3.230759476512134,0.0,0.0,0.0,0.6889460154241646,0.8268926887771886,True
36,332.95237731933594,6.533656120300293,3.8090157508850098,0.06191658973693848,0.699228791773779,8.170954704284668,1.350490782949387,0.0,12.915239334106445,7.828001976013184,0.010150790214538574,0.27249357326478146,9.343697547912598,3.1609414757677095,0.0,0.0,0.0,0.7326478149100257,0.8224721693974554,True
37,325.6774139404297,6.4954833984375,3.7317874431610107,0.07284605503082275,0.7455012853470437,8.391547203063965,1.3322141362544095,0.0,12.834115982055664,7.751345634460449,0.02254664897918701,0.2982005141388175,9.770866394042969,3.071856731048688,0.0,0.0,0.0,0.7609254498714653,0.8174948324733184,True
38,324.30638122558594,6.466423034667969,3.6282920837402344,0.08112359046936035,0.7660668380462725,8.44991397857666,1.312556011511305,0.0,12.73410415649414,7.584231853485107,0.037721216678619385,0.33676092544987146,10.0881929397583,2.9487218391006587,0.0,0.0,0.0,0.7532133676092545,0.8125453324042423,True
39,314.6091613769531,6.496669292449951,3.7066540718078613,0.07250744104385376,0.7866323907455013,8.309019088745117,1.3259436922392072,0.0,12.613594055175781,7.287371635437012,0.05584824085235596,0.4087403598971722,10.229657173156738,2.7824413534097423,0.0,0.0,0.0,0.6503856041131105,0.8109084084949375,True
40,315.08740234375,6.649503707885742,3.8853631019592285,0.02835559844970703,0.7994858611825193,7.932797908782959,1.3755651319854365,0.0,12.598320960998535,7.031126976013184,0.05813330411911011,0.5347043701799485,10.151126861572266,2.679496520466547,0.0,0.0,0.0,0.5861182519280206,0.8206599879330246,True
41,312.2212219238281,6.69123649597168,4.040062427520752,0.0161210298538208,0.7480719794344473,7.7989115715026855,1.408323709435614,0.0,12.532480239868164,6.876492977142334,0.0679522156715393,0.6246786632390745,10.3323974609375,2.6191114463659053,0.0,0.0,0.0,0.5938303341902313,0.8215217082244153,True
42,308.2509002685547,6.634460926055908,4.094474792480469,0.03274679183959961,0.7095115681233933,7.898929595947266,1.4104933888664997,0.0,12.4389009475708,6.857463359832764,0.08181935548782349,0.6606683804627249,10.755766868591309,2.5916497574163073,0.0,0.0,0.0,0.6426735218508998,0.814927600290207,True
43,298.052490234375,6.629648685455322,3.979426860809326,0.03414946794509888,0.7249357326478149,7.896214962005615,1.3947323906186717,0.0,12.483614921569824,6.953512668609619,0.07520633935928345,0.6375321336760925,11.034616470336914,2.6222603477160953,0.0,0.0,0.0,0.7275064267352185,0.8159246753776589,True
44,294.79058837890625,6.577230453491211,3.987194299697876,0.04936230182647705,0.6940874035989717,7.874327659606934,1.3922879006378448,0.0,12.343546867370605,6.817245960235596,0.09584254026412964,0.6812339331619537,11.248246192932129,2.54776256521645,0.0,0.0,0.0,0.7994858611825193,0.8082506021807566,True
45,303.3755187988281,6.560774803161621,3.890859842300415,0.05411320924758911,0.7043701799485861,7.807699203491211,1.3788892527370242,0.0,12.379752159118652,6.876378059387207,0.09053069353103638,0.6606683804627249,11.386500358581543,2.571112753268277,0.0,0.0,0.0,0.884318766066838,0.8082128652366776,True
46,285.7515106201172,6.881936550140381,4.130288124084473,-0.04075908660888672,0.6606683804627249,7.244547367095947,1.487254563477066,0.0,12.587742805480957,6.815260410308838,0.05971419811248779,0.7043701799485861,10.81263542175293,2.601536839807146,0.0,0.0,0.0,0.884318766066838,0.8360856153371582,True
47,286.0272979736328,6.843037128448486,3.9648454189300537,-0.02902686595916748,0.6760925449871465,7.137897491455078,1.4535590939268457,0.0,12.637561798095703,6.873840808868408,0.052256762981414795,0.6889460154241646,10.802977561950684,2.6301323857180767,0.0,0.0,0.0,0.9023136246786633,0.8348915504953084,True
48,291.97735595703125,6.646023750305176,3.817324161529541,0.029372334480285645,0.6812339331619537,7.416563034057617,1.3931795406055532,0.0,12.406259536743164,6.797680854797363,0.0866318941116333,0.7069408740359897,11.310904502868652,2.5591115221981324,0.0,0.0,0.0,0.9460154241645244,0.8147462794988927,True
49,288.71604919433594,6.584212303161621,3.7744674682617188,0.04734301567077637,0.6838046272493573,7.450085639953613,1.3794033549438711,0.0,12.345466613769531,6.7771477699279785,0.09556132555007935,0.712082262210797,11.453784942626953,2.5434941319593936,0.0,0.0,0.0,0.9691516709511568,0.8087783555665425,True
50,280.43333435058594,6.4258012771606445,3.7278172969818115,0.09263187646865845,0.6838046272493573,7.650084495544434,1.3468582563964135,0.0,12.268889427185059,6.895477771759033,0.10674673318862915,0.6735218508997429,11.783158302307129,2.55939597523713,0.0,0.0,0.0,0.9820051413881749,0.7958599646828778,True
51,280.51890563964844,6.20493745803833,3.7525405883789062,0.1539350152015686,0.6683804627249358,8.033470153808594,1.3125661949469887,0.0,11.984249114990234,6.872097969055176,0.14771318435668945,0.6683804627249358,12.39222526550293,2.4931600283840933,0.0,0.0,0.0,0.9922879177377892,0.7726041169094149,True
52,277.25477600097656,6.366720199584961,3.7128825187683105,0.1092405915260315,0.6863753213367609,7.630943298339844,1.335324554394327,0.0,12.103471755981445,6.788005828857422,0.1306712031364441,0.6889460154241646,11.879890441894531,2.4965063206232196,0.0,0.0,0.0,0.9948586118251928,0.7869757746862114,True
53,274.6163330078125,6.21028995513916,3.6273210048675537,0.1524747610092163,0.6786632390745502,7.642222881317139,1.290367444570798,0.0,11.99332332611084,6.786041259765625,0.14642208814620972,0.6760925449871465,11.856659889221191,2.4883900997264834,0.0,0.0,0.0,0.9974293059125964,0.7732326734114763,True
54,275.7336730957031,6.128034591674805,3.9629898071289062,0.17477697134017944,0.6272493573264781,8.48491096496582,1.348695407265154,0.0,11.588151931762695,6.844762802124023,0.2031208872795105,0.6606683804627249,12.998920440673828,2.4088121638506417,0.0,0.0,0.0,0.9974293059125964,0.7556438011532521,True
55,268.6487579345703,6.280913352966309,4.080571174621582,0.1330890655517578,0.6041131105398457,8.565531730651855,1.384497635632166,0.0,11.797616004943848,7.144876956939697,0.17405211925506592,0.6143958868894601,13.174118995666504,2.5188563314991925,0.0,0.0,0.0,1.0,0.772137781781605,True
56,265.0205612182617,6.207188129425049,3.790257453918457,0.15332120656967163,0.6786632390745502,8.2032470703125,1.3141403426241445,0.0,11.83159065246582,7.038313865661621,0.16928821802139282,0.6349614395886889,12.675777435302734,2.50768748367558,0.0,0.0,0.0,0.9897172236503856,0.768190951505837,True
57,257.5843200683594,6.052292823791504,3.8018441200256348,0.19505023956298828,0.6375321336760925,8.338842391967773,1.2960896432348674,0.0,11.56921100616455,6.903060436248779,0.20572364330291748,0.6478149100257069,12.834294319152832,2.4342263058913294,0.0,0.0,0.0,0.9897172236503856,0.7500011666791867,True
58,257.80469512939453,6.136429786682129,3.8951199054718018,0.1725144386291504,0.6272493573264781,8.45736026763916,1.3269019119945877,0.0,11.520049095153809,6.958194255828857,0.21245968341827393,0.6066838046272494,13.017518997192383,2.4406638055554595,0.0,0.0,0.0,1.0,0.7541932684827632,True
59,266.56260681152344,6.2215752601623535,3.8531861305236816,0.14939165115356445,0.6580976863753213,8.212855339050293,1.3257541200699925,0.0,11.631232261657715,6.945119380950928,0.19718486070632935,0.609254498714653,12.708473205566406,2.464727264688683,0.0,0.0,0.0,0.9922879177377892,0.763222128492016,True
60,259.0187225341797,6.203423976898193,3.7247533798217773,0.1543477177619934,0.6915167095115681,7.947039604187012,1.299136645853162,0.0,11.70294189453125,6.9146199226379395,0.1872551441192627,0.6195372750642674,12.322504997253418,2.4763159594172173,0.0,0.0,0.0,0.9562982005141388,0.7641168761314809,True
61,257.0649871826172,6.148658275604248,3.8084676265716553,0.1692131757736206,0.6555269922879178,8.230374336242676,1.3066733319226145,0.0,11.475013732910156,6.863295078277588,0.21860522031784058,0.6143958868894601,12.71876049041748,2.424763193657588,0.0,0.0,0.0,0.9717223650385605,0.7536909061310635,True
62,247.68727111816406,6.163775444030762,3.9711406230926514,0.16512292623519897,0.6375321336760925,8.587071418762207,1.3412757824298758,0.0,11.324899673461914,6.9267048835754395,0.2389155626296997,0.5784061696658098,13.188831329345703,2.412259011485174,0.0,0.0,0.0,0.9845758354755784,0.7503157148739814,True
63,251.22930908203125,6.157115459442139,3.736063241958618,0.16692620515823364,0.6709511568123393,7.866038799285889,1.293331954207498,0.0,11.482784271240234,6.7320709228515625,0.2175464630126953,0.5989717223650386,12.236291885375977,2.3990705255371134,0.0,0.0,0.0,0.9434447300771208,0.7544916801687216,True
64,249.4796142578125,6.12547492980957,3.6312029361724854,0.17546623945236206,0.6889460154241646,7.585893630981445,1.2692746781853395,0.0,11.589794158935547,6.718458652496338,0.20289498567581177,0.596401028277635,11.828922271728516,2.4163162889292633,0.0,0.0,0.0,0.9280205655526992,0.7555204634620494,True
65,248.57618713378906,6.0859761238098145,3.6930696964263916,0.186065673828125,0.6863753213367609,7.8100786209106445,1.2718522348256833,0.0,11.485678672790527,6.717183589935303,0.21715199947357178,0.6041131105398457,12.161757469177246,2.3937083673967496,0.0,0.0,0.0,0.9331619537275064,0.7497775910072589,True
66,239.9028778076172,6.011232852935791,3.76684832572937,0.2059350609779358,0.6375321336760925,8.1692533493042,1.2750552560083868,0.0,11.324841499328613,6.803653240203857,0.2389233112335205,0.609254498714653,12.726502418518066,2.387665030745839,0.0,0.0,0.0,0.9691516709511568,0.7399837046457687,True
67,245.23117065429688,5.931260108947754,3.8576440811157227,0.2269229292869568,0.609254498714653,8.39398193359375,1.283662624081282,0.0,11.224827766418457,6.829621315002441,0.25230664014816284,0.622107969151671,13.007989883422852,2.381855313330506,0.0,0.0,0.0,0.987146529562982,0.7316400593283758,True
68,246.77342987060547,5.906777858734131,3.8211679458618164,0.23329168558120728,0.6169665809768637,8.280915260314941,1.2743220613977289,0.0,11.17077922821045,6.745673179626465,0.2594897747039795,0.6041131105398457,12.890557289123535,2.3516302241355613,0.0,0.0,0.0,0.974293059125964,0.7283911887960103,True
69,240.1280288696289,5.977484226226807,3.859294891357422,0.2148262858390808,0.6015424164524421,8.320155143737793,1.288807671061927,0.0,11.109923362731934,6.743361949920654,0.26753610372543335,0.6143958868894601,13.076577186584473,2.337238744741438,0.0,0.0,0.0,0.9717223650385605,0.7313665221894353,True
70,240.4507827758789,5.908613681793213,3.7926528453826904,0.23281502723693848,0.5912596401028277,8.350676536560059,1.2659685123344724,0.0,11.022770881652832,6.775041580200195,0.2789826989173889,0.5989717223650386,13.218300819396973,2.3341264605215706,0.0,0.0,0.0,0.9511568123393316,0.7241413743253836,True
71,234.36328125,5.834381103515625,3.741178274154663,0.2519708275794983,0.6118251928020566,8.230624198913574,1.2498605743880546,0.0,11.027695655822754,6.739372253417969,0.27833831310272217,0.5861182519280206,13.006542205810547,2.3261662215990393,0.0,0.0,0.0,0.961439588688946,0.7192806977199817,True
72,230.29335021972656,5.859187602996826,3.7648134231567383,0.2455965280532837,0.6169665809768637,8.21571159362793,1.2582215736539524,0.0,11.058968544006348,6.75106954574585,0.2742394208908081,0.6041131105398457,12.985113143920898,2.334260117343683,0.0,0.0,0.0,0.9408740359897172,0.7218761155953269,True
73,229.26868438720703,5.989057540893555,3.792799949645996,0.2117828130722046,0.609254498714653,8.058650016784668,1.28075697127835,0.0,11.100025177001953,6.718453884124756,0.2688406705856323,0.6143958868894601,12.806669235229492,2.335878862288638,0.0,0.0,0.0,0.8946015424164524,0.7318605433898456,True
74,230.49890899658203,6.040461540222168,3.7635157108306885,0.19819426536560059,0.6169665809768637,7.923647403717041,1.2801774618149622,0.0,11.083281517028809,6.712813854217529,0.27104485034942627,0.6015424164524421,12.698003768920898,2.3302452681303634,0.0,0.0,0.0,0.8303341902313625,0.7348655865797032,True
75,224.51443481445312,5.871095657348633,3.6428756713867188,0.24252688884735107,0.6298200514138818,7.96910285949707,1.2291063580843966,0.0,10.982156753540039,6.700318813323975,0.2842862606048584,0.6118251928020566,12.762322425842285,2.312934899350569,0.0,0.0,0.0,0.8560411311053985,0.7204087537964414,True
76,231.83238983154297,5.805368423461914,3.6515536308288574,0.2593919038772583,0.6246786632390745,8.121235847473145,1.2256583187144947,0.0,10.909758567810059,6.651418209075928,0.29369157552719116,0.6066838046272494,12.89937686920166,2.2885235179665773,0.0,0.0,0.0,0.9408740359897172,0.713835903804391,True
77,225.74018096923828,5.9354248046875,3.8317179679870605,0.22583681344985962,0.6195372750642674,8.283821105957031,1.2792818191527502,0.0,10.95120906829834,6.669548988342285,0.2883142828941345,0.6118251928020566,13.02779769897461,2.306858039372173,0.0,0.0,0.0,0.9691516709511568,0.7238590211077,True
78,232.1902618408203,5.894594192504883,3.737844467163086,0.23645126819610596,0.6298200514138818,8.212646484375,1.2483617419755244,0.0,10.879878997802734,6.703674793243408,0.297555148601532,0.609254498714653,13.018095016479492,2.2996939223141575,0.0,0.0,0.0,0.8920308483290489,0.7189966835285645,True
79,221.39137268066406,5.95477819442749,3.752716302871704,0.22077995538711548,0.6401028277634961,8.042719841003418,1.2561926925090405,0.0,10.897418022155762,6.70065450668335,0.2952885627746582,0.6143958868894601,12.824762344360352,2.3023446216477015,0.0,0.0,0.0,0.8251928020565553,0.723606581924847,True
80,220.74766540527344,5.951867580413818,3.757171154022217,0.22154158353805542,0.6426735218508998,8.076045989990234,1.2542309563284568,0.0,10.933676719665527,6.755639553070068,0.2905912399291992,0.6015424164524421,12.891533851623535,2.3226470211375543,0.0,0.0,0.0,0.8123393316195373,0.7244653784519235,True
81,222.0577621459961,5.984254360198975,3.822162628173828,0.21304666996002197,0.6323907455012854,8.282843589782715,1.2728644863601004,0.0,10.921555519104004,6.791717529296875,0.29216331243515015,0.609254498714653,13.175718307495117,2.327476897235599,0.0,0.0,0.0,0.8277634961439588,0.7263210220680425,True
82,217.42161560058594,5.871642589569092,3.7789056301116943,0.24238574504852295,0.6298200514138818,8.428184509277344,1.2475874891215752,0.0,10.861499786376953,6.802169322967529,0.2999263405799866,0.6169665809768637,13.347651481628418,2.31691572053267,0.0,0.0,0.0,0.8663239074550129,0.7168994570808728,True
83,220.4807357788086,5.817558288574219,3.740330457687378,0.256278395652771,0.6298200514138818,8.441460609436035,1.2322901015825116,0.0,10.71484661102295,6.680578708648682,0.31870365142822266,0.6246786632390745,13.349363327026367,2.264509107173766,0.0,0.0,0.0,0.8688946015424165,0.7089320406945079,True
84,213.11226654052734,5.929083824157715,3.7745909690856934,0.22749006748199463,0.6426735218508998,8.232888221740723,1.2528873496925923,0.0,10.730775833129883,6.604036331176758,0.31667643785476685,0.6375321336760925,13.0527925491333,2.2536816034137233,0.0,0.0,0.0,0.8637532133676092,0.7170111000841134,True
85,219.5380096435547,6.025885581970215,3.8650119304656982,0.20205920934677124,0.6580976863753213,8.41947078704834,1.2811611231719722,0.0,10.66923713684082,6.643016338348389,0.3244914412498474,0.6298200514138818,13.402958869934082,2.255054249820693,0.0,0.0,0.0,0.8123393316195373,0.7219079417707165,True
86,212.8110809326172,6.021186828613281,3.9464657306671143,0.20330321788787842,0.6760925449871465,8.87606143951416,1.2936416166504938,0.0,10.582059860229492,6.77675199508667,0.33548539876937866,0.6246786632390745,14.131487846374512,2.270362857456583,0.0,0.0,0.0,0.781491002570694,0.719095883615644,True
87,212.24799346923828,6.037737846374512,3.949025869369507,0.19891715049743652,0.6760925449871465,8.74772834777832,1.2951047193626102,0.0,10.625457763671875,6.7763519287109375,0.33002376556396484,0.6298200514138818,14.020272254943848,2.2742143871238727,0.0,0.0,0.0,0.7275064267352185,0.7214799539638541,True
88,212.3315200805664,6.0646071434021,3.9357967376708984,0.1917712688446045,0.6606683804627249,8.582548141479492,1.2924868445674271,0.0,10.652426719665527,6.768925189971924,0.3266184329986572,0.6246786632390745,13.832819938659668,2.27864554815039,0.0,0.0,0.0,0.7377892030848329,0.7241123547635437,True
89,204.37808227539062,5.884380340576172,3.86841082572937,0.23909509181976318,0.6658097686375322,9.045268058776855,1.2555855642451927,0.0,10.491096496582031,6.854005336761475,0.3468606472015381,0.609254498714653,14.486948013305664,2.272822114025923,0.0,0.0,0.0,0.8329048843187661,0.7070290966608138,True
90,207.2139434814453,5.94437837600708,3.8896396160125732,0.2234993577003479,0.6683804627249358,8.994370460510254,1.2687739229549582,0.0,10.550362586975098,6.835280418395996,0.3394603729248047,0.6195372750642674,14.418396949768066,2.2731759508552973,0.0,0.0,0.0,0.8406169665809768,0.7128709221824059,True
91,207.22821807861328,5.995472431182861,3.9081127643585205,0.2100934386253357,0.6838046272493573,8.811026573181152,1.2752238888973442,0.0,10.684640884399414,6.787337303161621,0.3225395083427429,0.6401028277634961,14.102880477905273,2.27688321205113,0.0,0.0,0.0,0.8226221079691517,0.7202475502227711,True
92,210.8581085205078,6.116359710693359,4.119265079498291,0.17791837453842163,0.6503856041131105,9.380098342895508,1.3295102298412962,0.0,10.672677993774414,6.963274955749512,0.3240557312965393,0.6529562982005142,14.868280410766602,2.3114045685749334,0.0,0.0,0.0,0.8791773778920309,0.7282853531735196,True
93,208.69141387939453,6.0753703117370605,4.217781066894531,0.18889999389648438,0.6298200514138818,10.00832748413086,1.3461021235179162,0.0,10.574082374572754,7.102779865264893,0.33648693561553955,0.6323907455012854,15.664812088012695,2.3311823459190495,0.0,0.0,0.0,0.9460154241645244,0.7226379973288708,True
94,209.86992645263672,5.952418804168701,3.9703705310821533,0.22139739990234375,0.6812339331619537,9.164003372192383,1.2767273736694682,0.0,10.438678741455078,6.678282737731934,0.3533710241317749,0.6580976863753213,14.483019828796387,2.223296144954547,0.0,0.0,0.0,0.8303341902313625,0.7102424700833081,True
95,206.51976776123047,6.046993732452393,4.098324775695801,0.19645929336547852,0.6658097686375322,9.39900016784668,1.309996408566309,0.0,10.534737586975098,6.752281188964844,0.3414154052734375,0.6683804627249358,14.747254371643066,2.2542725029212343,0.0,0.0,0.0,0.8534704370179949,0.7195470524954919,True
96,196.83636474609375,6.165741920471191,4.229828357696533,0.16459017992019653,0.6503856041131105,9.530160903930664,1.3433474590151149,0.0,10.666964530944824,6.882644176483154,0.324779212474823,0.6452442159383034,14.90160083770752,2.2984411893181034,0.0,0.0,0.0,0.8920308483290489,0.7315678080384954,True
97,199.25244903564453,6.05518102645874,4.088368892669678,0.19428181648254395,0.6940874035989717,9.213249206542969,1.2970380885639858,0.0,10.467591285705566,6.778232574462891,0.3497840166091919,0.6606683804627249,14.65619945526123,2.236463243857141,0.0,0.0,0.0,0.8663239074550129,0.7182213852724254,True
98,204.6382598876953,5.9641852378845215,4.018195629119873,0.21831607818603516,0.6863753213367609,9.184198379516602,1.2705886986895105,0.0,10.361746788024902,6.738017559051514,0.3628670573234558,0.6503856041131105,14.728812217712402,2.210219789450252,0.0,0.0,0.0,0.8380462724935732,0.7088807305905942,True
99,200.25565338134766,5.789822101593018,3.967012882232666,0.2633531093597412,0.6709511568123393,9.709925651550293,1.2548584809952958,0.0,10.350592613220215,6.816904544830322,0.36423802375793457,0.6786632390745502,15.369627952575684,2.2223887355080403,0.0,0.0,0.0,0.9640102827763496,0.6964740677832104,True
100,197.49539947509766,5.756196975708008,3.967183828353882,0.27188462018966675,0.6709511568123393,9.781359672546387,1.2540494491937533,0.0,10.462237358093262,6.7879767417907715,0.3504490256309509,0.6812339331619537,15.285258293151855,2.2367439315782827,0.0,0.0,0.0,0.987146529562982,0.6973892315194771,True
101,196.81396484375,5.857028007507324,4.031365871429443,0.24615246057510376,0.6709511568123393,9.7584228515625,1.2753998388974404,0.0,10.614619255065918,6.938396453857422,0.3313899040222168,0.6606683804627249,15.33109188079834,2.290981749908068,0.0,0.0,0.0,0.974293059125964,0.7087100269496016,True
102,196.37284088134766,5.997818946838379,4.149574279785156,0.20947504043579102,0.6735218508997429,9.763525009155273,1.3092510399087025,0.0,10.621580123901367,7.115183353424072,0.3305126428604126,0.6452442159383034,15.680749893188477,2.3258016033671094,0.0,0.0,0.0,0.961439588688946,0.7186037492014891,True
103,202.03711700439453,6.0118913650512695,4.120004653930664,0.20576107501983643,0.699228791773779,9.617630958557129,1.296872349048948,0.0,10.559691429138184,7.105996131896973,0.33829164505004883,0.6349614395886889,15.697481155395508,2.3202950828792503,0.0,0.0,0.0,0.8740359897172236,0.7178141083202854,True
104,191.86495208740234,6.020416259765625,4.085237503051758,0.2035069465637207,0.7043701799485861,9.530718803405762,1.2894615670096292,0.0,10.506929397583008,7.021608829498291,0.34488773345947266,0.6375321336760925,15.584504127502441,2.299531791980387,0.0,0.0,0.0,0.910025706940874,0.7169084488135221,True
105,189.21294403076172,6.019711017608643,4.018213748931885,0.20369362831115723,0.7069408740359897,9.35616397857666,1.2789440760780013,0.0,10.471881866455078,6.9067535400390625,0.349250853061676,0.6478149100257069,15.262346267700195,2.2789960880205995,0.0,0.0,0.0,0.9537275064267352,0.715866863466903,True
106,193.01805877685547,6.00931978225708,3.9966135025024414,0.20644038915634155,0.7043701799485861,9.222657203674316,1.2723657439280087,0.0,10.39104175567627,6.801209926605225,0.35925930738449097,0.6580976863753213,15.030118942260742,2.2457813587777102,0.0,0.0,0.0,0.961439588688946,0.7128586367710272,True
107,194.05843353271484,5.972920894622803,3.9988808631896973,0.21602463722229004,0.7146529562982005,9.238574028015137,1.2665685574213663,0.0,10.336666107177734,6.793891429901123,0.3659476637840271,0.6683804627249358,15.117008209228516,2.2358935843396615,0.0,0.0,0.0,0.9177377892030848,0.7087822753905951,True
108,194.2460479736328,5.93851900100708,3.992194175720215,0.2250293493270874,0.7043701799485861,9.2940092086792,1.26569562460892,0.0,10.304988861083984,6.758626937866211,0.36982792615890503,0.6503856041131105,15.189183235168457,2.2214890178289792,0.0,0.0,0.0,0.922879177377892,0.7054862995435096,True
109,191.2595443725586,6.08535099029541,4.109476566314697,0.18623286485671997,0.6915167095115681,9.182265281677246,1.3033235966290997,0.0,10.341209411621094,6.733604431152344,0.36539024114608765,0.6503856041131105,15.094685554504395,2.2257021878862746,0.0,0.0,0.0,0.9074550128534704,0.7167929447113274,True
110,190.38678741455078,6.0832133293151855,4.098176956176758,0.18680453300476074,0.699228791773779,9.046419143676758,1.2972151610416125,0.0,10.241204261779785,6.673863410949707,0.3776048421859741,0.6580976863753213,15.07329273223877,2.201158804452205,0.0,0.0,0.0,0.8868894601542416,0.713859715365763,True
111,194.22686004638672,5.955111980438232,3.9919698238372803,0.22069263458251953,0.7223650385604113,9.123831748962402,1.2643360407820294,0.0,10.044589042663574,6.5898966789245605,0.4012734889984131,0.6760925449871465,15.310338973999023,2.1559477381963656,0.0,0.0,0.0,0.910025706940874,0.6993558700635519,True
112,186.76644134521484,5.945611953735352,3.9922516345977783,0.22317713499069214,0.7095115681233933,9.034483909606934,1.2611148271993786,0.0,10.052733421325684,6.531306266784668,0.4003021717071533,0.6863753213367609,15.171517372131348,2.1462761003948625,0.0,0.0,0.0,0.897172236503856,0.6989120149368354,True
113,187.7903823852539,5.96457576751709,4.008633613586426,0.21821379661560059,0.7095115681233933,8.842830657958984,1.259536954328967,0.0,10.134613037109375,6.5241379737854,0.39049339294433594,0.6760925449871465,14.844687461853027,2.155057190908973,0.0,0.0,0.0,0.8766066838046273,0.7025290188613106,True
114,189.34133911132812,5.8935370445251465,3.9985344409942627,0.23672527074813843,0.7043701799485861,9.025114059448242,1.2499634727005684,0.0,10.08924674987793,6.58071756362915,0.39593780040740967,0.6863753213367609,15.208452224731445,2.1497527438141693,0.0,0.0,0.0,0.8483290488431876,0.6962684213882456,True
115,186.2151870727539,5.7567949295043945,3.9493329524993896,0.2717333436012268,0.699228791773779,9.409186363220215,1.2346009074875506,0.0,9.960346221923828,6.53621768951416,0.411274254322052,0.7017994858611826,15.811923027038574,2.125227541563954,0.0,0.0,0.0,0.9125964010282777,0.6830707635072435,True
116,185.73944854736328,5.807284832000732,3.985018730163574,0.258902907371521,0.6915167095115681,9.513920783996582,1.2516278036455875,0.0,9.949878692626953,6.515864849090576,0.41251111030578613,0.7069408740359897,16.03228187561035,2.1230421253219056,0.0,0.0,0.0,0.9460154241645244,0.6863108366855186,True
117,184.27259826660156,5.790579319000244,3.9905943870544434,0.26316046714782715,0.7017994858611826,9.56650447845459,1.2503307992204602,0.0,9.953516006469727,6.515839576721191,0.4120815396308899,0.7275064267352185,16.071496963500977,2.120757494487615,0.0,0.0,0.0,0.9151670951156813,0.6852419331183803,True
118,187.18314361572266,5.814201831817627,3.991410493850708,0.25713634490966797,0.7249357326478149,9.287886619567871,1.2441635300179474,0.0,9.941801071166992,6.402926921844482,0.4134645462036133,0.7249357326478149,15.666142463684082,2.099628925568647,0.0,0.0,0.0,0.8817480719794345,0.6865698596759381,True
119,191.47090911865234,5.932409286499023,4.058468818664551,0.22662317752838135,0.7223650385604113,9.055824279785156,1.2634629006250966,0.0,9.908424377441406,6.381877422332764,0.4173961877822876,0.712082262210797,15.481359481811523,2.0934308529921646,0.0,0.0,0.0,0.8740359897172236,0.6939791498025637,True
120,187.08021545410156,5.9817328453063965,4.1022748947143555,0.21370971202850342,0.7017994858611826,9.100037574768066,1.283360297657428,0.0,9.842536926269531,6.393223762512207,0.4251185655593872,0.712082262210797,15.746392250061035,2.0877463077620346,0.0,0.0,0.0,0.9485861182519281,0.6956734683305387,True
121,183.44239044189453,5.947781085968018,4.0688018798828125,0.22261017560958862,0.7017994858611826,9.08151626586914,1.2716353395195628,0.0,9.928318977355957,6.410295486450195,0.41505420207977295,0.7095115681233933,15.657793998718262,2.102124291540929,0.0,0.0,0.0,0.9562982005141388,0.6956177933350478,True
122,187.29165649414062,5.853923320770264,4.02560567855835,0.24695152044296265,0.7069408740359897,9.170467376708984,1.2507623640614487,0.0,10.126086235046387,6.528439998626709,0.3915184736251831,0.7043701799485861,15.548201560974121,2.1460471698945676,0.0,0.0,0.0,0.9511568123393316,0.6945303496249212,True
123,186.4357452392578,5.688356876373291,3.9374873638153076,0.2889459729194641,0.712082262210797,9.603930473327637,1.2263267358552723,0.0,10.066509246826172,6.551761627197266,0.39865750074386597,0.7146529562982005,16.04278564453125,2.138388783909259,0.0,0.0,0.0,0.9717223650385605,0.6813255675391738,True
124,188.67271423339844,5.750917911529541,3.9689865112304688,0.2732195258140564,0.7172236503856041,9.539950370788574,1.23886399267061,0.0,9.997135162353516,6.551726341247559,0.4069172739982605,0.7172236503856041,16.113624572753906,2.1349864116977604,0.0,0.0,0.0,0.9794344473007712,0.6836994957580222,True
125,186.00294494628906,5.781766414642334,4.01996374130249,0.2654016613960266,0.7017994858611826,9.589510917663574,1.2528759125061493,0.0,9.953293800354004,6.5802741050720215,0.4121076464653015,0.7223650385604113,16.3646297454834,2.1300950124310756,0.0,0.0,0.002570694087403599,0.974293059125964,0.6846185388347477,True
126,186.11709594726562,5.807879447937012,4.055640697479248,0.2587510943412781,0.7095115681233933,9.456202507019043,1.255660276976833,0.0,9.970121383666992,6.641417503356934,0.4101181626319885,0.712082262210797,16.29677391052246,2.140188700353987,0.0,0.0,0.002570694087403599,0.9537275064267352,0.6869204203578826,True
127,187.07166290283203,5.884611129760742,4.095898628234863,0.2390354871749878,0.7172236503856041,9.116833686828613,1.2614351839720948,0.0,9.972188949584961,6.601475238800049,0.4098735451698303,0.7146529562982005,15.848727226257324,2.1343857345769015,0.0,0.0,0.002570694087403599,0.9383033419023136,0.6923702608811896,True
128,178.3613052368164,5.870791912078857,4.102320671081543,0.2426053285598755,0.7172236503856041,9.146921157836914,1.2612589904356943,0.0,9.950568199157715,6.481574058532715,0.4124296307563782,0.7197943444730077,15.861454010009766,2.10696151101293,0.0,0.0,0.0,0.9434447300771208,0.6907943972759706,True
129,179.88823699951172,5.901363372802734,4.1312665939331055,0.234696626663208,0.712082262210797,9.131196022033691,1.27233623967992,0.0,10.123808860778809,6.530914783477783,0.3917921781539917,0.7249357326478149,15.687122344970703,2.143275317782097,0.0,0.0,0.005141388174807198,0.9434447300771208,0.6977865083665445,True
130,175.9241485595703,5.939301013946533,4.155898094177246,0.22482526302337646,0.7095115681233933,9.141725540161133,1.2805020221809904,0.0,10.18128490447998,6.626190185546875,0.3848666548728943,0.712082262210797,15.740548133850098,2.1722342504020826,0.0,0.0,0.007712082262210797,0.9357326478149101,0.7020589416310624,True
131,179.55530548095703,5.883285999298096,4.114537715911865,0.23937809467315674,0.7197943444730077,9.223769187927246,1.2708585213062187,0.0,10.025056838989258,6.539274215698242,0.40359973907470703,0.699228791773779,16.014087677001953,2.134002917427841,0.0,0.0,0.0,0.9280205655526992,0.6937520743684958,True
132,181.4718017578125,5.84665060043335,4.0748982429504395,0.24882149696350098,0.7069408740359897,9.251646995544434,1.266526819429749,0.0,9.862014770507812,6.331629753112793,0.4228411316871643,0.7429305912596401,16.188339233398438,2.0760021415243006,0.0,0.0,0.0,0.9511568123393316,0.686628653569938,True
133,178.5999984741211,5.824347019195557,4.0429887771606445,0.2545417547225952,0.7069408740359897,9.321145057678223,1.2616157452571872,0.0,9.829437255859375,6.271353721618652,0.4266479015350342,0.7506426735218509,16.33058738708496,2.0630672022534315,0.0,0.0,0.0,0.9768637532133676,0.6841494531924756,True
134,177.78887939453125,5.789098262786865,4.0491437911987305,0.26353728771209717,0.7095115681233933,9.237099647521973,1.2523466262024696,0.0,9.854972839355469,6.342002868652344,0.42366498708724976,0.7429305912596401,16.200185775756836,2.0745471419078627,0.0,0.0,0.0,0.9562982005141388,0.6823776281412831,True
135,178.47836303710938,5.806609630584717,4.065213680267334,0.2590751647949219,0.7069408740359897,9.109221458435059,1.2518552908043423,0.0,10.012167930603027,6.5088725090026855,0.4051322937011719,0.7197943444730077,15.903763771057129,2.122127432770063,0.0,0.0,0.007712082262210797,0.9537275064267352,0.6880133087310037,True
136,175.92888641357422,5.8562493324279785,4.100279808044434,0.24635285139083862,0.7172236503856041,9.199834823608398,1.2661002330730997,0.0,10.056839942932129,6.602291107177734,0.3998122215270996,0.699228791773779,16.06392478942871,2.1451897470381085,0.0,0.0,0.007712082262210797,0.9511568123393316,0.6927447414223212,True
137,177.60077667236328,5.90905237197876,4.127729415893555,0.2327011227607727,0.712082262210797,9.102685928344727,1.2743912158098196,0.0,10.126566886901855,6.581748008728027,0.3914607763290405,0.7095115681233933,15.882501602172852,2.1540394578106707,0.0,0.0,0.010282776349614395,0.9434447300771208,0.6984030312555816,True
138,177.15631866455078,5.825160980224609,4.085441589355469,0.2543331980705261,0.6966580976863753,9.254249572753906,1.2624913828334139,0.0,10.069825172424316,6.505500316619873,0.39826124906539917,0.7223650385604113,16.073484420776367,2.1335676743214007,0.0,0.0,0.012853470437017995,0.961439588688946,0.6909344086347534,True
139,170.24553680419922,5.725592613220215,4.018425464630127,0.27960652112960815,0.7146529562982005,9.459288597106934,1.2430914509674373,0.0,9.857606887817383,6.47620964050293,0.42335695028305054,0.7249357326478149,16.63408088684082,2.1056264618062115,0.0,0.0,0.005141388174807198,0.9562982005141388,0.6779955743385976,True
140,175.49867248535156,5.765436172485352,4.021322250366211,0.26954543590545654,0.7223650385604113,9.33161449432373,1.2437961801669488,0.0,9.759461402893066,6.419162273406982,0.4347822070121765,0.7172236503856041,16.685657501220703,2.0846148094767263,0.0,0.0,0.005141388174807198,0.9357326478149101,0.678048469871436,True
141,176.0929183959961,5.849003314971924,4.080946922302246,0.24821680784225464,0.7352185089974294,9.140115737915039,1.2601761011864856,0.0,9.758301734924316,6.461884021759033,0.43491649627685547,0.7172236503856041,16.624746322631836,2.089104035683136,0.0,0.0,0.007712082262210797,0.9177377892030848,0.6839236658252144,True
142,174.60983276367188,5.858929634094238,4.12186336517334,0.24566292762756348,0.7300771208226221,9.431913375854492,1.2726379966368098,0.0,9.664102554321289,6.518141746520996,0.4457736015319824,0.7095115681233933,17.23041343688965,2.087651615420671,0.0,0.0,0.0,0.910025706940874,0.6820385555862764,True
143,174.8035125732422,5.810354709625244,4.106117248535156,0.2581191062927246,0.7146529562982005,9.647759437561035,1.2677299901574925,0.0,9.679960250854492,6.56805419921875,0.44395339488983154,0.712082262210797,17.36980628967285,2.0984077868547417,0.0,0.0,0.0,0.922879177377892,0.6790221595663712,True
144,176.6562042236328,5.736433982849121,4.043391704559326,0.2768758535385132,0.7275064267352185,9.537660598754883,1.2482673501804944,0.0,9.745548248291016,6.498325347900391,0.43639254570007324,0.7300771208226221,16.954282760620117,2.095364584081073,0.0,0.0,0.010282776349614395,0.9460154241645244,0.6756180124209887,True
145,173.32920837402344,5.76487922668457,4.062198162078857,0.2696865200996399,0.7197943444730077,9.556824684143066,1.2548759074525744,0.0,9.743130683898926,6.436777114868164,0.4366721510887146,0.7326478149100257,17.067663192749023,2.082265088123037,0.0,0.0,0.007712082262210797,0.9280205655526992,0.6775548231285534,True
146,167.80467987060547,5.848531246185303,4.175756931304932,0.24833810329437256,0.7275064267352185,9.729723930358887,1.2858537057371555,0.0,9.75218677520752,6.525116920471191,0.43562448024749756,0.7275064267352185,17.40262794494629,2.1011501136557507,0.0,0.0,0.010282776349614395,0.9280205655526992,0.6837214862042528,True
147,172.8289794921875,5.835015296936035,4.1606974601745605,0.2518083453178406,0.7249357326478149,9.623088836669922,1.277658325724859,0.0,9.81242847442627,6.563760757446289,0.42863035202026367,0.7223650385604113,17.12670135498047,2.111772982156879,0.0,0.0,0.015424164524421594,0.9408740359897172,0.6844307478041844,True
148,171.16098022460938,5.83758020401001,4.1411309242248535,0.25115036964416504,0.699228791773779,9.420954704284668,1.2716063215881712,0.0,9.822216987609863,6.558262348175049,0.42748987674713135,0.699228791773779,16.907711029052734,2.1169206239059633,0.0,0.0,0.012853470437017995,0.922879177377892,0.6848834405541214,True
149,172.2479705810547,5.827696800231934,4.144130706787109,0.253683865070343,0.712082262210797,9.458386421203613,1.2697750723862504,0.0,9.758296012878418,6.55906867980957,0.4349170923233032,0.7095115681233933,17.13482093811035,2.1116842828659084,0.0,0.0,0.015424164524421594,0.9331619537275064,0.6824141209215225,True
150,174.73909759521484,5.851487636566162,4.187543869018555,0.24757802486419678,0.7146529562982005,9.312588691711426,1.273090275353413,0.0,9.722867012023926,6.519186496734619,0.4390130043029785,0.7146529562982005,17.054189682006836,2.0925056031144575,0.0,0.0,0.015424164524421594,0.9254498714652957,0.6831233349161296,True
151,173.56145477294922,5.973489284515381,4.2755022048950195,0.21587544679641724,0.712082262210797,9.00975513458252,1.297855963069553,0.0,9.865850448608398,6.613492012023926,0.42239201068878174,0.7197943444730077,16.672189712524414,2.1244044357216447,0.0,0.0,0.015424164524421594,0.910025706940874,0.6957249662696161,True
152,174.296142578125,6.098112106323242,4.369777679443359,0.18281620740890503,0.7223650385604113,8.88355541229248,1.3282589127798825,0.0,10.056325912475586,6.81174898147583,0.3998734951019287,0.7017994858611826,16.63736915588379,2.1898259670589355,0.0,0.0,0.007712082262210797,0.8611825192802056,0.709818789503719,True
153,169.1799087524414,6.113253593444824,4.3964009284973145,0.17875319719314575,0.7095115681233933,8.946090698242188,1.337106968994925,0.0,10.082444190979004,6.797074794769287,0.39675217866897583,0.7095115681233933,16.627521514892578,2.181913147507923,0.0,0.0,0.012853470437017995,0.9048843187660668,0.7116127280077708,True
154,165.8062744140625,5.980711460113525,4.306475639343262,0.21397817134857178,0.7043701799485861,9.331255912780762,1.3103109382214255,0.0,9.993659019470215,6.750966548919678,0.40732961893081665,0.7223650385604113,17.027801513671875,2.156090769465397,0.0,0.0,0.017994858611825194,0.9331619537275064,0.6997555019504245,True
155,171.38917541503906,5.929787635803223,4.253302574157715,0.2273065447807312,0.7249357326478149,9.365667343139648,1.2950265583158458,0.0,9.882399559020996,6.588860511779785,0.4204525947570801,0.7146529562982005,17.009471893310547,2.1152925821073874,0.0,0.0,0.02313624678663239,0.9331619537275064,0.6930751535008582,True
156,171.27359771728516,5.877707004547119,4.202362537384033,0.2408199906349182,0.7275064267352185,9.376541137695312,1.280940144401181,0.0,9.82499885559082,6.523582935333252,0.42716550827026367,0.7249357326478149,17.125532150268555,2.0964076393163396,0.0,0.0,0.02056555269922879,0.9254498714652957,0.6877993018709057,True
157,168.18931579589844,5.8517351150512695,4.219259262084961,0.24751436710357666,0.7275064267352185,9.389180183410645,1.2842744046536487,0.0,9.825113296508789,6.5594964027404785,0.42715221643447876,0.7352185089974294,17.19805145263672,2.1066482391741506,0.0,0.0,0.017994858611825194,0.9254498714652957,0.6859642581963449,True
158,169.94779205322266,5.899319648742676,4.259493350982666,0.23522669076919556,0.7223650385604113,9.219569206237793,1.2955991639167506,0.0,9.925104141235352,6.65059757232666,0.41543304920196533,0.7377892030848329,16.956554412841797,2.1349404450043106,0.0,0.0,0.017994858611825194,0.9305912596401028,0.6920993219924182,True
159,171.52281951904297,5.9171247482299805,4.266175270080566,0.23060327768325806,0.7146529562982005,9.201171875,1.295984096719142,0.0,9.867368698120117,6.646786689758301,0.4222142696380615,0.7146529562982005,17.11497688293457,2.1289794404382056,0.0,0.0,0.017994858611825194,0.922879177377892,0.6917626054330266,True
160,167.8487777709961,5.912562370300293,4.252337455749512,0.23178929090499878,0.699228791773779,9.195067405700684,1.2922831330426043,0.0,9.832623481750488,6.638206958770752,0.4262760877609253,0.7017994858611826,17.197917938232422,2.1253546360934403,0.0,0.0,0.02313624678663239,0.9305912596401028,0.6904812347228364,True
161,168.96714782714844,5.950220584869385,4.289747714996338,0.22197234630584717,0.699228791773779,8.973834991455078,1.3005382405863732,0.0,9.916269302368164,6.688651084899902,0.41647326946258545,0.7172236503856041,16.945476531982422,2.1369736984231684,0.0,0.0,0.02570694087403599,0.9203084832904884,0.6954583108070411,True
162,165.70165252685547,5.954061031341553,4.312498569488525,0.22096776962280273,0.7017994858611826,8.907718658447266,1.3035608538318721,0.0,9.950825691223145,6.754459857940674,0.41239917278289795,0.7197943444730077,17.022754669189453,2.150060259121141,0.0,0.0,0.02313624678663239,0.910025706940874,0.6966842780314876,True
163,164.89911651611328,6.020144939422607,4.387545108795166,0.20357877016067505,0.7172236503856041,8.908801078796387,1.322362000439651,0.0,10.06618881225586,6.930044651031494,0.39869576692581177,0.7249357326478149,17.132158279418945,2.1870765470906823,0.0,0.0,0.02313624678663239,0.8894601542416453,0.7045526580505238,True
164,166.5082244873047,6.0858378410339355,4.436625957489014,0.18610268831253052,0.7197943444730077,8.679656028747559,1.332276765525903,0.0,10.168584823608398,7.008347988128662,0.3864002823829651,0.7197943444730077,16.835187911987305,2.20804331392535,0.0,0.0,0.02570694087403599,0.8766066838046273,0.7120351082413249,True
165,163.62154388427734,6.0553693771362305,4.389132022857666,0.19423168897628784,0.7172236503856041,8.548093795776367,1.312943280938352,0.0,10.191522598266602,6.979944705963135,0.3836289644241333,0.699228791773779,16.626752853393555,2.2048356775350824,0.0,0.0,0.033419023136246784,0.8997429305912596,0.7105144094104441,True
166,161.61620330810547,5.960759162902832,4.309456825256348,0.21921396255493164,0.7197943444730077,8.787479400634766,1.2894709608548711,0.0,10.065982818603516,6.841662406921387,0.398720383644104,0.7197943444730077,17.0217227935791,2.1656755676817054,0.0,0.0,0.03598971722365039,0.910025706940874,0.7003488543228504,True
167,164.48546600341797,5.912720203399658,4.297043323516846,0.2317482829093933,0.7429305912596401,8.913585662841797,1.2894894347399244,0.0,9.872697830200195,6.695949077606201,0.42159003019332886,0.7377892030848329,17.32765769958496,2.123714169132066,0.0,0.0,0.030848329048843187,0.9125964010282777,0.6915974473957193,True
168,165.64398956298828,5.9628167152404785,4.345458507537842,0.21867483854293823,0.7275064267352185,9.091449737548828,1.3096805210387286,0.0,9.805026054382324,6.730906963348389,0.42949217557907104,0.7275064267352185,17.72376823425293,2.1263986260439456,0.0,0.0,0.033419023136246784,0.8817480719794345,0.6932988369704084,True
169,165.60503387451172,5.984732627868652,4.372129440307617,0.2129209041595459,0.7069408740359897,9.167121887207031,1.3191561973289025,0.0,9.916703224182129,6.857897758483887,0.41642218828201294,0.7197943444730077,17.73310661315918,2.156122849410481,0.0,0.0,0.03598971722365039,0.8868894601542416,0.6979207190663637,True
170,165.65544891357422,5.9505720138549805,4.341971397399902,0.22188043594360352,0.7095115681233933,9.215864181518555,1.3097496150902632,0.0,9.982582092285156,6.910956859588623,0.4086427688598633,0.7172236503856041,17.699405670166016,2.170429930282436,0.0,0.0,0.04113110539845758,0.9254498714652957,0.6973155042341704,True
171,167.0899658203125,5.898955821990967,4.293768882751465,0.23532098531723022,0.7352185089974294,9.196200370788574,1.295074064749985,0.0,10.016685485839844,6.945688247680664,0.40459537506103516,0.7326478149100257,17.741384506225586,2.1799653103745893,0.0,0.0,0.043701799485861184,0.9305912596401028,0.6946206953875529,True
172,164.49429321289062,5.990148544311523,4.349040508270264,0.21149569749832153,0.7249357326478149,8.773694038391113,1.3104943003119212,0.0,10.063436508178711,6.951470851898193,0.3990245461463928,0.7300771208226221,17.40610122680664,2.1784339213228265,0.0,0.0,0.03598971722365039,0.8740359897172236,0.7023538242076246,True
173,160.99724578857422,6.112895488739014,4.453148365020752,0.17884927988052368,0.6786632390745502,8.296130180358887,1.3398776012398588,0.0,10.200910568237305,7.009845733642578,0.3824927806854248,0.7197943444730077,16.89470863342285,2.2026653301031445,0.0,0.0,0.03598971722365039,0.8020565552699229,0.7148451132255089,True
174,165.5970230102539,5.9914774894714355,4.3606648445129395,0.21114569902420044,0.7146529562982005,8.79749870300293,1.3137610357851683,0.0,9.875906944274902,6.962282657623291,0.42121386528015137,0.7275064267352185,18.128725051879883,2.1724250387103514,0.0,0.0,0.030848329048843187,0.7763496143958869,0.697281372998253,True
175,165.04956817626953,6.015398025512695,4.403391361236572,0.20483428239822388,0.7069408740359897,8.954346656799316,1.3295229093172454,0.0,9.780719757080078,6.935205459594727,0.43231719732284546,0.7249357326478149,18.4992618560791,2.1583036459707863,0.0,0.0,0.02313624678663239,0.7892030848329049,0.6963932387080201,True
176,164.02742767333984,6.137633323669434,4.530202865600586,0.17218977212905884,0.7017994858611826,8.650857925415039,1.3675453515571718,0.0,9.904156684875488,6.871924877166748,0.41789793968200684,0.7300771208226221,17.796104431152344,2.143187236785889,0.0,0.0,0.030848329048843187,0.7737789203084833,0.7085033812573588,True
177,162.5106964111328,6.045227527618408,4.462726593017578,0.19692862033843994,0.7095115681233933,8.833986282348633,1.3409709996715404,0.0,9.902740478515625,6.910384654998779,0.4180644154548645,0.7455012853470437,18.001497268676758,2.1511385125999487,0.0,0.0,0.03598971722365039,0.8431876606683805,0.7018481280150441,True
178,162.40748596191406,5.919729709625244,4.361579895019531,0.22992569208145142,0.7377892030848329,9.041308403015137,1.304669535762751,0.0,9.89987564086914,6.919075965881348,0.4184011220932007,0.7352185089974294,18.18722152709961,2.153953745922883,0.0,0.0,0.04113110539845758,0.897172236503856,0.6928447353770595,True
179,166.26122283935547,6.0030341148376465,4.42125129699707,0.20809966325759888,0.7146529562982005,8.744832038879395,1.3211812323142855,0.0,10.078019142150879,7.010571479797363,0.39728158712387085,0.7300771208226221,17.64161491394043,2.174852228798004,0.0,0.0,0.05141388174807198,0.9151670951156813,0.7036689413231125,True
180,161.88760375976562,6.162364482879639,4.548065662384033,0.16550517082214355,0.7069408740359897,8.340866088867188,1.3636516544894468,0.0,10.294145584106445,7.152303695678711,0.3711533546447754,0.7300771208226221,17.054704666137695,2.2146062988650628,0.0,0.0,0.056555269922879174,0.8817480719794345,0.7209249797399653,True
181,162.1666717529297,6.012611389160156,4.4363579750061035,0.20557087659835815,0.7300771208226221,8.60897159576416,1.3297243433725967,0.0,10.12257194519043,7.074738502502441,0.39194077253341675,0.7352185089974294,17.703996658325195,2.200862082192912,0.0,0.0,0.04884318766066838,0.8688946015424165,0.7055809487810997,True
182,162.20543670654297,5.937045097351074,4.3763861656188965,0.22541409730911255,0.7352185089974294,8.689005851745605,1.3094351883719084,0.0,10.022706985473633,7.052700996398926,0.4038793444633484,0.7403598971722365,18.129865646362305,2.189631349854522,0.0,0.0,0.03598971722365039,0.8560411311053985,0.6974728457661027,True
183,162.0699691772461,5.991109848022461,4.444753170013428,0.21124261617660522,0.712082262210797,8.510689735412598,1.3302730569291954,0.0,9.99698257446289,7.04380464553833,0.4069353938102722,0.7480719794344473,18.056686401367188,2.178351321236742,0.0,0.0,0.03598971722365039,0.7892030848329049,0.7005841785166878,True
184,161.27579498291016,5.950973033905029,4.406599998474121,0.22177553176879883,0.7197943444730077,8.790441513061523,1.3221861988638033,0.0,9.853760719299316,6.9768476486206055,0.4238067865371704,0.7429305912596401,18.541894912719727,2.1573052260236243,0.0,0.0,0.03598971722365039,0.8097686375321337,0.6937913860537543,True
185,160.82882690429688,5.918658256530762,4.401686668395996,0.23020446300506592,0.7377892030848329,8.955402374267578,1.3209455301134425,0.0,9.788135528564453,6.951441764831543,0.4314560294151306,0.7377892030848329,18.83536720275879,2.1535439432637755,0.0,0.0,0.03598971722365039,0.8329048843187661,0.689691262929513,True
186,159.18718719482422,5.966531753540039,4.457519054412842,0.21770089864730835,0.7095115681233933,8.651810646057129,1.3325668722723119,0.0,9.916308403015137,6.986369609832764,0.4164687395095825,0.7377892030848329,18.23375129699707,2.161360194893504,0.0,0.0,0.05141388174807198,0.8277634961439588,0.6966168492442549,True
187,163.86068725585938,5.922239780426025,4.40885591506958,0.22927242517471313,0.7043701799485861,8.63949203491211,1.3172218774257813,0.0,10.04217529296875,7.067152976989746,0.40156126022338867,0.7249357326478149,18.095577239990234,2.1825912539531966,0.0,0.0,0.06426735218508997,0.8791773778920309,0.696970855515504,True
188,157.39461517333984,5.898037910461426,4.395843982696533,0.2355588674545288,0.7017994858611826,8.794609069824219,1.3120548097925913,0.0,10.01109790802002,7.084129333496094,0.4052594304084778,0.7403598971722365,18.344486236572266,2.1873695853845425,0.0,0.0,0.061696658097686374,0.8868894601542416,0.6944002604008941,True
189,158.9376678466797,6.0025200843811035,4.470638275146484,0.20823532342910767,0.7017994858611826,8.482126235961914,1.3390815001424807,0.0,10.065217018127441,7.136833190917969,0.398811936378479,0.7403598971722365,17.988889694213867,2.1933975946218824,0.0,0.0,0.06426735218508997,0.8457583547557841,0.7032781065938895,True
190,160.50062561035156,5.964114189147949,4.432037353515625,0.21833479404449463,0.7069408740359897,8.437758445739746,1.328211283213886,0.0,9.982794761657715,7.079659461975098,0.40861761569976807,0.7480719794344473,18.160608291625977,2.178845455060173,0.0,0.0,0.056555269922879174,0.7994858611825193,0.6982797680548978,True
191,157.64990234375,5.893958568572998,4.396293640136719,0.23661601543426514,0.6966580976863753,8.638151168823242,1.3138522961656558,0.0,9.848470687866211,7.0009074211120605,0.42442530393600464,0.7429305912596401,18.69240379333496,2.164292236996596,0.0,0.0,0.04884318766066838,0.8149100257069408,0.6895989979505378,True
192,160.79110717773438,5.963454723358154,4.452699661254883,0.2185075879096985,0.699228791773779,8.527620315551758,1.3331182256966652,0.0,9.873184204101562,7.003922462463379,0.4215330481529236,0.7480719794344473,18.72157096862793,2.166124234632641,0.0,0.0,0.033419023136246784,0.7660668380462725,0.6952123894838823,True
193,155.97244262695312,6.06281042098999,4.496335506439209,0.19225019216537476,0.7223650385604113,8.642841339111328,1.3561808378755689,0.0,9.894518852233887,7.054663181304932,0.41903024911880493,0.7455012853470437,18.979490280151367,2.1778027743075583,0.0,0.0,0.033419023136246784,0.7609254498714653,0.702880350847413,True
194,157.20960998535156,6.0334672927856445,4.49573278427124,0.2000499963760376,0.7197943444730077,8.65429401397705,1.35244994077707,0.0,9.914377212524414,7.069004058837891,0.4166960120201111,0.7557840616966581,18.827085494995117,2.1757383155536734,0.0,0.0,0.04113110539845758,0.7712082262210797,0.701326799894027,True
195,157.35194396972656,6.151911735534668,4.636941432952881,0.16833382844924927,0.6915167095115681,8.405869483947754,1.3882171755686925,0.0,10.00916576385498,7.12588357925415,0.4054889678955078,0.7506426735218509,18.311769485473633,2.179541084331228,0.0,0.0,0.04884318766066838,0.7429305912596401,0.7123733176712524,True
196,158.80046844482422,6.116302013397217,4.627308368682861,0.177933931350708,0.6889460154241646,8.349935531616211,1.3820925010609235,0.0,10.05695915222168,7.192926406860352,0.3997979164123535,0.7532133676092545,18.26102066040039,2.195305395494083,0.0,0.0,0.04627249357326478,0.7352185089974294,0.7111322591048294,True
197,154.52019500732422,6.156975746154785,4.644773483276367,0.16696393489837646,0.7043701799485861,8.197547912597656,1.3931983078149208,0.0,10.073488235473633,7.206638336181641,0.3978234529495239,0.7506426735218509,18.229761123657227,2.2020715932919614,0.0,0.0,0.038560411311053984,0.7275064267352185,0.7144863160554917,True
198,157.20904541015625,6.159337520599365,4.629534721374512,0.16632473468780518,0.699228791773779,8.213765144348145,1.3932383741695038,0.0,10.010749816894531,7.1697187423706055,0.4053007960319519,0.7480719794344473,18.40209197998047,2.1923423641853694,0.0,0.0,0.04113110539845758,0.7429305912596401,0.7129480368300083,True
199,157.79732513427734,6.134659767150879,4.617895603179932,0.17299169301986694,0.6966580976863753,8.299814224243164,1.3865085090238412,0.0,9.985658645629883,7.19948673248291,0.4082781672477722,0.7429305912596401,18.471967697143555,2.1934005479068968,0.0,0.0,0.04113110539845758,0.7429305912596401,0.7104995684135886,True
200,156.25579071044922,6.089656352996826,4.578362464904785,0.18508100509643555,0.6915167095115681,8.296954154968262,1.3689103336342399,0.0,10.040051460266113,7.237606525421143,0.4018142819404602,0.7429305912596401,18.291301727294922,2.199059758006556,0.0,0.0,0.05398457583547558,0.7506426735218509,0.7087707007381355,True
201,157.8832244873047,6.081862449645996,4.564097881317139,0.18716567754745483,0.7095115681233933,8.287403106689453,1.3637184241743505,0.0,10.111637115478516,7.284334182739258,0.39325380325317383,0.7609254498714653,18.18902015686035,2.2116495485886,0.0,0.0,0.06426735218508997,0.7660668380462725,0.7101826840468246,True
202,157.92977905273438,6.114091873168945,4.593450546264648,0.17852789163589478,0.7223650385604113,8.265667915344238,1.3759901443197875,0.0,10.085062980651855,7.253360271453857,0.3964386582374573,0.7557840616966581,18.231884002685547,2.203458144630033,0.0,0.0,0.06426735218508997,0.7712082262210797,0.711744183840704,True
203,159.59327697753906,6.139307022094727,4.614129543304443,0.17173826694488525,0.7172236503856041,8.31048583984375,1.38787639751941,0.0,10.054020881652832,7.226588726043701,0.40014851093292236,0.7506426735218509,18.38286590576172,2.199962913183034,0.0,0.0,0.061696658097686374,0.7763496143958869,0.7126934410532441,True
204,153.92422485351562,6.117589950561523,4.624588966369629,0.177587628364563,0.7069408740359897,8.41215991973877,1.391239057919258,0.0,9.94495964050293,7.201609134674072,0.41309183835983276,0.7455012853470437,18.575586318969727,2.190267024371189,0.0,0.0,0.061696658097686374,0.7737789203084833,0.7081717223547972,True
205,153.90782165527344,6.072909355163574,4.605752468109131,0.1895570158958435,0.6915167095115681,8.420276641845703,1.381256641377316,0.0,9.998641967773438,7.241261005401611,0.4067384600639343,0.7429305912596401,18.49314308166504,2.203349302421805,0.0,0.0,0.06426735218508997,0.7789203084832905,0.7064436663769753,True
206,154.89173126220703,5.955040454864502,4.537783622741699,0.22071146965026855,0.6838046272493573,8.648924827575684,1.3560248156746126,0.0,9.92516803741455,7.230788707733154,0.41542553901672363,0.7352185089974294,18.838769912719727,2.1998258235419827,0.0,0.0,0.06426735218508997,0.8071979434447301,0.6960455423124374,True
207,154.27154541015625,5.972710609436035,4.563337802886963,0.21607983112335205,0.6863753213367609,8.539250373840332,1.3616449199482838,0.0,9.87135124206543,7.1934285163879395,0.42174774408340454,0.7326478149100257,18.748437881469727,2.182507755537777,0.0,0.0,0.061696658097686374,0.7866323907455013,0.6958204447122108,True
208,154.74292755126953,5.986969470977783,4.556938648223877,0.21233242750167847,0.7069408740359897,8.497673988342285,1.3600647038849583,0.0,9.852828979492188,7.148622035980225,0.42391568422317505,0.7455012853470437,18.540136337280273,2.1796269571873097,0.0,0.0,0.06940874035989718,0.7840616966580977,0.6963283352321467,True
209,154.190673828125,6.032155513763428,4.589064121246338,0.20039784908294678,0.7043701799485861,8.42536449432373,1.3670712886963936,0.0,9.987237930297852,7.308387279510498,0.40809106826782227,0.7377892030848329,18.46332550048828,2.2115021573240776,0.0,0.0,0.07455012853470437,0.7686375321336761,0.7032300056614033,True
210,152.36337280273438,6.16597318649292,4.701222896575928,0.1645275354385376,0.6915167095115681,8.20267105102539,1.4060511013127437,0.0,10.094304084777832,7.343021869659424,0.39533209800720215,0.7377892030848329,18.22163200378418,2.2173300978048496,0.0,0.0,0.07197943444730077,0.7275064267352185,0.715696649034294,True
211,150.6666488647461,6.0594282150268555,4.63807487487793,0.19315111637115479,0.6838046272493573,8.313358306884766,1.387939183387168,0.0,9.867186546325684,7.122518539428711,0.4222356081008911,0.7609254498714653,18.452829360961914,2.170860797682683,0.0,0.0,0.05912596401028278,0.7429305912596401,0.7018948024312199,True
212,154.79521942138672,5.937809467315674,4.537357330322266,0.22521460056304932,0.6863753213367609,8.564388275146484,1.3594160067085128,0.0,9.740108489990234,7.077935695648193,0.4370216131210327,0.7712082262210797,19.00748062133789,2.1693976496465206,0.0,0.0,0.04884318766066838,0.7634961439588689,0.6897408501092327,True
213,153.1082000732422,5.998244762420654,4.597091197967529,0.20936274528503418,0.6838046272493573,8.62430191040039,1.3748560776747287,0.0,9.920790672302246,7.319675922393799,0.4159409999847412,0.7480719794344473,19.100772857666016,2.220225344872822,0.0,0.0,0.056555269922879174,0.7634961439588689,0.6989938046165345,True
214,155.76233673095703,6.108870983123779,4.657097816467285,0.17993026971817017,0.6863753213367609,8.216314315795898,1.391908307328833,0.0,10.077849388122559,7.430812358856201,0.39730191230773926,0.7429305912596401,18.372913360595703,2.2382398223100615,0.0,0.0,0.07455012853470437,0.7377892030848329,0.7111747336785362,True
215,152.31629943847656,6.0824079513549805,4.651051044464111,0.18701982498168945,0.6760925449871465,8.104046821594238,1.387035931842186,0.0,10.178170204162598,7.507822036743164,0.38524287939071655,0.7352185089974294,18.035837173461914,2.255718341645974,0.0,0.0,0.07712082262210797,0.7634961439588689,0.7120570312444867,True
216,153.30767822265625,5.953244209289551,4.541513919830322,0.2211814522743225,0.6838046272493573,8.131741523742676,1.353025526334408,0.0,10.15511703491211,7.4345479011535645,0.38802462816238403,0.7403598971722365,18.02640724182129,2.244396682876548,0.0,0.0,0.07197943444730077,0.8020565552699229,0.7023048682941683,True
217,150.0815200805664,5.956381797790527,4.547799110412598,0.22036027908325195,0.6940874035989717,8.046034812927246,1.3557208602410047,0.0,10.247243881225586,7.441858768463135,0.3768705725669861,0.7480719794344473,17.80528450012207,2.2480827417757743,0.0,0.0,0.07712082262210797,0.8071979434447301,0.7051077968345941,True
218,152.2194366455078,5.9848175048828125,4.56542444229126,0.2128986120223999,0.699228791773779,8.143440246582031,1.3638549689666368,0.0,10.155135154724121,7.438011646270752,0.38802242279052734,0.7506426735218509,17.923900604248047,2.2406736893437307,0.0,0.0,0.08740359897172237,0.7994858611825193,0.7045263194101322,True
219,155.84874725341797,5.9481377601623535,4.516178131103516,0.22251689434051514,0.712082262210797,8.310737609863281,1.348890918345153,0.0,10.094316482543945,7.451944351196289,0.39533066749572754,0.7532133676092545,18.116451263427734,2.2436233249401165,0.0,0.0,0.09768637532133675,0.8046272493573264,0.70024800871128,True
220,150.60662841796875,5.907427787780762,4.493021011352539,0.2331230640411377,0.7095115681233933,8.345126152038574,1.3376735304805492,0.0,10.024150848388672,7.401048183441162,0.4037075638771057,0.7557840616966581,18.255821228027344,2.2309790808416983,0.0,0.0,0.09254498714652956,0.8097686375321337,0.6954253346910952,True
221,151.91735076904297,5.907584190368652,4.5117926597595215,0.2330823540687561,0.7017994858611826,8.335458755493164,1.3382134779559922,0.0,10.037237167358398,7.4060869216918945,0.40214967727661133,0.7455012853470437,18.28243637084961,2.2283631318026154,0.0,0.0,0.09254498714652956,0.8123393316195373,0.6958012947065386,True
222,153.16983032226562,5.984919548034668,4.586243629455566,0.2128717303276062,0.6889460154241646,8.413191795349121,1.3569127793994435,0.0,10.123373031616211,7.471992015838623,0.3918445110321045,0.7480719794344473,18.386672973632812,2.2450906077509982,0.0,0.0,0.09511568123393316,0.8097686375321337,0.7036489215688927,True
223,151.56387329101562,6.05814266204834,4.609339237213135,0.19349348545074463,0.7223650385604113,8.32127857208252,1.3739053324541681,0.0,10.237529754638672,7.530101299285889,0.37805140018463135,0.7660668380462725,18.172561645507812,2.2637272144038145,0.0,0.0,0.09254498714652956,0.7892030848329049,0.7119880048046513,True
224,153.04298400878906,6.043031692504883,4.604251384735107,0.19751185178756714,0.7197943444730077,8.350049018859863,1.3747888095581133,0.0,10.198423385620117,7.496010780334473,0.38279396295547485,0.7660668380462725,18.11080551147461,2.255341015989799,0.0,0.0,0.09511568123393316,0.7994858611825193,0.7098348496542982,True
225,151.22017669677734,6.035971164703369,4.673934459686279,0.19938594102859497,0.6709511568123393,8.527924537658691,1.380548427630002,0.0,10.047259330749512,7.428714275360107,0.4009552001953125,0.7480719794344473,18.414615631103516,2.23631587831404,0.0,0.0,0.09254498714652956,0.8303341902313625,0.7051522965069787,True
226,150.7785415649414,6.078998565673828,4.71828031539917,0.18793094158172607,0.6606683804627249,8.382402420043945,1.397505294469655,0.0,10.034700393676758,7.408097267150879,0.4024518132209778,0.7480719794344473,18.26120948791504,2.2241770177594393,0.0,0.0,0.08740359897172237,0.8071979434447301,0.7078651622535801,True
227,156.9764633178711,6.05319356918335,4.670571327209473,0.194810688495636,0.6786632390745502,8.281683921813965,1.3879286217709943,0.0,10.008283615112305,7.3971848487854,0.40559375286102295,0.7557840616966581,18.309616088867188,2.2193913221154955,0.0,0.0,0.08997429305912596,0.7840616966580977,0.7053041264553178,True
228,149.39256286621094,6.079230785369873,4.666911602020264,0.1878688931465149,0.7095115681233933,8.327988624572754,1.3938497352314079,0.0,10.059125900268555,7.509287357330322,0.3995392918586731,0.7480719794344473,18.53631019592285,2.24848527806175,0.0,0.0,0.08997429305912596,0.7377892030848329,0.7085518285724812,True
229,149.41619110107422,6.135721206665039,4.699461936950684,0.17270559072494507,0.6915167095115681,7.938677787780762,1.4022235545115076,0.0,10.346712112426758,7.642681121826172,0.36471468210220337,0.7634961439588689,17.76107406616211,2.2813941957813713,0.0,0.0,0.10282776349614396,0.7377892030848329,0.7204964238877802,True
230,148.95327758789062,6.104377746582031,4.667800426483154,0.18113619089126587,0.6838046272493573,7.869321346282959,1.393308585162028,0.0,10.411901473999023,7.660728454589844,0.356684148311615,0.7660668380462725,17.54671859741211,2.290107722106711,0.0,0.0,0.10282776349614396,0.7583547557840618,0.7201055568498423,True
231,148.37895965576172,6.028048038482666,4.6462836265563965,0.20148640871047974,0.7146529562982005,8.362855911254883,1.3833328491822205,0.0,10.135602951049805,7.547823905944824,0.3903743028640747,0.7532133676092545,18.355772018432617,2.2663623124182277,0.0,0.0,0.08997429305912596,0.8020565552699229,0.7070330658984076,True
232,149.97467803955078,6.063769817352295,4.645089626312256,0.19199448823928833,0.6915167095115681,8.097257614135742,1.386430619655763,0.0,10.224756240844727,7.592547416687012,0.37960249185562134,0.7686375321336761,17.92932891845703,2.2687887023020323,0.0,0.0,0.09254498714652956,0.7866323907455013,0.7120301002186766,True
233,152.3302230834961,6.024383068084717,4.591442584991455,0.20245707035064697,0.6966580976863753,7.993332386016846,1.370008263142577,0.0,10.344961166381836,7.6735429763793945,0.3649296760559082,0.7557840616966581,17.637439727783203,2.28923271660531,0.0,0.0,0.10796915167095116,0.794344473007712,0.7126163556700469,True
234,150.45255279541016,6.027610778808594,4.600656032562256,0.2016022801399231,0.7043701799485861,8.062814712524414,1.3723568839708147,0.0,10.326687812805176,7.727298259735107,0.3671712279319763,0.7532133676092545,17.760459899902344,2.301498154482478,0.0,0.0,0.10796915167095116,0.7917737789203085,0.7123299730263581,True
235,153.31922912597656,6.115484714508057,4.702635288238525,0.17815357446670532,0.6735218508997429,7.8368988037109375,1.4045084325901545,0.0,10.337990760803223,7.729069232940674,0.3657851219177246,0.7480719794344473,17.28470230102539,2.2924781986455582,0.0,0.0,0.12082262210796915,0.7634961439588689,0.7188261787897458,True
236,149.06572723388672,6.183906555175781,4.773130893707275,0.15966057777404785,0.6812339331619537,8.001969337463379,1.4281324945154004,0.0,10.210362434387207,7.648624420166016,0.3813479542732239,0.7506426735218509,17.472475051879883,2.26966216319018,0.0,0.0,0.12082262210796915,0.7634961439588689,0.7201493437765926,True
237,149.41954040527344,6.0835161209106445,4.702557563781738,0.186723530292511,0.7017994858611826,8.280762672424316,1.4032010977964884,0.0,10.138758659362793,7.5556416511535645,0.38999468088150024,0.7737789203084833,17.85177230834961,2.2545303364748004,0.0,0.0,0.13110539845758354,0.7866323907455013,0.7110473916138929,True
238,150.42645263671875,6.057458400726318,4.629369258880615,0.19367563724517822,0.7197943444730077,8.048126220703125,1.3819347341753214,0.0,10.421804428100586,7.63155460357666,0.3554598093032837,0.7737789203084833,17.388324737548828,2.2873309833327213,0.0,0.0,0.12853470437017994,0.8251928020565553,0.7170919382774013,True
239,146.46886444091797,6.124529838562012,4.698286056518555,0.1757206916809082,0.7069408740359897,8.049454689025879,1.4000464019963348,0.0,10.464864730834961,7.734055995941162,0.35012269020080566,0.7686375321336761,17.448537826538086,2.3040124192438065,0.0,0.0,0.13110539845758354,0.8174807197943444,0.7230029437444195,True
240,151.6727294921875,6.195205211639404,4.7653069496154785,0.15658694505691528,0.7095115681233933,8.076465606689453,1.4223205119601252,0.0,10.276479721069336,7.67334508895874,0.3733099102973938,0.7686375321336761,17.74417495727539,2.282710354166758,0.0,0.0,0.11568123393316196,0.7789203084832905,0.722768389942909,True
241,151.66593170166016,6.212930679321289,4.754067420959473,0.15175378322601318,0.712082262210797,7.928574085235596,1.424779407142469,0.0,10.213927268981934,7.636561870574951,0.38091593980789185,0.7609254498714653,17.606374740600586,2.2699424976759115,0.0,0.0,0.12082262210796915,0.7455012853470437,0.7223146797361103,True
242,151.82056427001953,6.175266742706299,4.735034465789795,0.1620071530342102,0.6889460154241646,7.730545520782471,1.4156759064526463,0.0,10.321476936340332,7.696346282958984,0.3678097128868103,0.7532133676092545,17.27129364013672,2.286775583452717,0.0,0.0,0.13110539845758354,0.7352185089974294,0.7225939917309661,True
243,151.4823455810547,6.098794460296631,4.70573091506958,0.1826333999633789,0.6966580976863753,8.038171768188477,1.3967990980663154,0.0,10.305476188659668,7.753828525543213,0.36976826190948486,0.7660668380462725,17.67681884765625,2.3018906086453432,0.0,0.0,0.12339331619537275,0.7686375321336761,0.7167447782509312,True
244,147.05115509033203,6.193448543548584,4.7792816162109375,0.15706515312194824,0.6786632390745502,7.831508636474609,1.4242660904094107,0.0,10.460562705993652,7.837254047393799,0.3506568670272827,0.7609254498714653,17.247804641723633,2.3193303976492077,0.0,0.0,0.12339331619537275,0.7660668380462725,0.7277337431313832,True
